Using pre-set license
Built from '6000.1/staging' branch; Version is '6000.1.9f1 (ed7b183fd33d) revision 15563544'; Using compiler version '194234433'; Build Type 'Release'
OS: 'Windows 11  (10.0.26100) 64bit Core' Language: 'en' Physical Memory: 32468 MB
BatchMode: 1, IsHumanControllingUs: 0, StartBugReporterOnCrash: 0, Is64bit: 1, IsPro: 1
Date: 2025-07-19T13:59:09Z

COMMAND LINE ARGUMENTS:
C:\Program Files\Unity\Hub\Editor\6000.1.9f1\Editor\Unity.exe
-adb2
-batchMode
-noUpm
-name
AssetImportWorker0
-projectPath
C:/Users/shrua/OneDrive/Desktop/invisible city/invisible-city/unity/invisible_city
-logFile
Logs/AssetImportWorker0.log
-srvPort
55299
-job-worker-count
7
-background-job-worker-count
8
-gc-helper-count
1
-name
AssetImport
Successfully changed project path to: C:/Users/shrua/OneDrive/Desktop/invisible city/invisible-city/unity/invisible_city
C:/Users/shrua/OneDrive/Desktop/invisible city/invisible-city/unity/invisible_city
[UnityMemory] Configuration Parameters - Can be set up in boot.config
    "memorysetup-allocator-temp-initial-block-size-main=262144"
    "memorysetup-allocator-temp-initial-block-size-worker=262144"
    "memorysetup-bucket-allocator-granularity=16"
    "memorysetup-bucket-allocator-bucket-count=8"
    "memorysetup-bucket-allocator-block-size=33554432"
    "memorysetup-bucket-allocator-block-count=8"
    "memorysetup-main-allocator-block-size=16777216"
    "memorysetup-thread-allocator-block-size=16777216"
    "memorysetup-gfx-main-allocator-block-size=16777216"
    "memorysetup-gfx-thread-allocator-block-size=16777216"
    "memorysetup-cache-allocator-block-size=4194304"
    "memorysetup-typetree-allocator-block-size=2097152"
    "memorysetup-profiler-bucket-allocator-granularity=16"
    "memorysetup-profiler-bucket-allocator-bucket-count=8"
    "memorysetup-profiler-bucket-allocator-block-size=33554432"
    "memorysetup-profiler-bucket-allocator-block-count=8"
    "memorysetup-profiler-allocator-block-size=16777216"
    "memorysetup-profiler-editor-allocator-block-size=1048576"
    "memorysetup-temp-allocator-size-main=16777216"
    "memorysetup-job-temp-allocator-block-size=2097152"
    "memorysetup-job-temp-allocator-block-size-background=1048576"
    "memorysetup-job-temp-allocator-reduction-small-platforms=262144"
    "memorysetup-temp-allocator-size-background-worker=32768"
    "memorysetup-temp-allocator-size-job-worker=262144"
    "memorysetup-temp-allocator-size-preload-manager=33554432"
    "memorysetup-temp-allocator-size-nav-mesh-worker=65536"
    "memorysetup-temp-allocator-size-audio-worker=65536"
    "memorysetup-temp-allocator-size-cloud-worker=32768"
    "memorysetup-temp-allocator-size-gi-baking-worker=262144"
    "memorysetup-temp-allocator-size-gi-baking-worker=262144"
    "memorysetup-temp-allocator-size-gi-baking-worker=262144"
    "memorysetup-temp-allocator-size-gi-baking-worker=262144"
    "memorysetup-temp-allocator-size-gi-baking-worker=262144"
    "memorysetup-temp-allocator-size-gfx=262144"
Player connection [45504]  Target information:

Player connection [45504]  * "[IP] 192.168.31.20 [Port] 0 [Flags] 2 [Guid] 4184820562 [EditorId] 4184820562 [Version] 1048832 [Id] WindowsEditor(7,qieju-alien) [Debug] 1 [PackageName] WindowsEditor [ProjectName] Editor" 

Player connection [45504] Host joined multi-casting on [225.0.0.222:54997]...
Player connection [45504] Host joined alternative multi-casting on [225.0.0.222:34997]...
JobSystem: Creating JobQueue using job-worker-count value 7
Input System module state changed to: Initialized.
[Physics::Module] Initialized fallback backend.
[Physics::Module] Id: 0xdecafbad
Library Redirect Path: Library/
[Physics::Module] Selected backend.
[Physics::Module] Name: PhysX
[Physics::Module] Id: 0xf2b8ea05
[Physics::Module] SDK Version: 4.1.2
[Physics::Module] Integration Version: 1.0.0
[Physics::Module] Threading Mode: Multi-Threaded
Refreshing native plugins compatible for Editor in 1.69 ms, found 3 plugins.
Preloading 0 native plugins for Editor in 0.00 ms.
Initialize engine version: 6000.1.9f1 (ed7b183fd33d)
[Subsystems] Discovering subsystems at path C:/Program Files/Unity/Hub/Editor/6000.1.9f1/Editor/Data/Resources/UnitySubsystems
[Subsystems] Discovering subsystems at path C:/Users/shrua/OneDrive/Desktop/invisible city/invisible-city/unity/invisible_city/Assets
GfxDevice: creating device client; kGfxThreadingModeNonThreaded
Direct3D:
    Version:         Direct3D 12 [level 12.1]
    Renderer:        NVIDIA GeForce RTX 5060 Laptop GPU (ID=0x2d19)
    Vendor:          NVIDIA
    VRAM:            7810 MB
    App VRAM Budget: 7042 MB
    Driver:          32.0.15.7324
Initialize mono
Mono path[0] = 'C:/Program Files/Unity/Hub/Editor/6000.1.9f1/Editor/Data/Managed'
Mono path[1] = 'C:/Program Files/Unity/Hub/Editor/6000.1.9f1/Editor/Data/MonoBleedingEdge/lib/mono/unityjit-win32'
Mono config path = 'C:/Program Files/Unity/Hub/Editor/6000.1.9f1/Editor/Data/MonoBleedingEdge/etc'
Using monoOptions --debugger-agent=transport=dt_socket,embedding=1,server=y,suspend=n,address=127.0.0.1:56756
Begin MonoManager ReloadAssembly
Registering precompiled unity dll's ...
Register platform support module: C:/Program Files/Unity/Hub/Editor/6000.1.9f1/Editor/Data/PlaybackEngines/WebGLSupport/UnityEditor.WebGL.Extensions.dll
Register platform support module: C:/Program Files/Unity/Hub/Editor/6000.1.9f1/Editor/Data/PlaybackEngines/WindowsStandaloneSupport/UnityEditor.WindowsStandalone.Extensions.dll
Registered in 0.001514 seconds.
- Loaded All Assemblies, in  0.280 seconds
Native extension for WindowsStandalone target not found
Native extension for WebGL target not found
Mono: successfully reloaded assembly
- Finished resetting the current domain, in  0.252 seconds
Domain Reload Profiling: 531ms
	BeginReloadAssembly (92ms)
		ExecutionOrderSort (0ms)
		DisableScriptedObjects (0ms)
		BackupInstance (0ms)
		ReleaseScriptingObjects (0ms)
		CreateAndSetChildDomain (1ms)
	RebuildCommonClasses (28ms)
	RebuildNativeTypeToScriptingClass (9ms)
	initialDomainReloadingComplete (33ms)
	LoadAllAssembliesAndSetupDomain (116ms)
		LoadAssemblies (90ms)
		RebuildTransferFunctionScriptingTraits (0ms)
		AnalyzeDomain (113ms)
			TypeCache.Refresh (112ms)
				TypeCache.ScanAssembly (102ms)
			BuildScriptInfoCaches (0ms)
			ResolveRequiredComponents (0ms)
	FinalizeReload (252ms)
		ReleaseScriptCaches (0ms)
		RebuildScriptCaches (0ms)
		SetupLoadedEditorAssemblies (219ms)
			LogAssemblyErrors (0ms)
			InitializePlatformSupportModulesInManaged (39ms)
			SetLoadedEditorAssemblies (3ms)
			BeforeProcessingInitializeOnLoad (44ms)
			ProcessInitializeOnLoadAttributes (97ms)
			ProcessInitializeOnLoadMethodAttributes (37ms)
			AfterProcessingInitializeOnLoad (0ms)
			EditorAssembliesLoaded (0ms)
		ExecutionOrderSort2 (0ms)
		AwakeInstancesAfterBackupRestoration (0ms)
========================================================================
Worker process is ready to serve import requests
Import Worker Mode flag is 0x00
Begin MonoManager ReloadAssembly
- Loaded All Assemblies, in  0.609 seconds
Refreshing native plugins compatible for Editor in 0.83 ms, found 3 plugins.
Native extension for WindowsStandalone target not found
Native extension for WebGL target not found
Mono: successfully reloaded assembly
- Finished resetting the current domain, in  0.551 seconds
Domain Reload Profiling: 1157ms
	BeginReloadAssembly (129ms)
		ExecutionOrderSort (0ms)
		DisableScriptedObjects (4ms)
		BackupInstance (0ms)
		ReleaseScriptingObjects (0ms)
		CreateAndSetChildDomain (21ms)
	RebuildCommonClasses (28ms)
	RebuildNativeTypeToScriptingClass (9ms)
	initialDomainReloadingComplete (29ms)
	LoadAllAssembliesAndSetupDomain (413ms)
		LoadAssemblies (268ms)
		RebuildTransferFunctionScriptingTraits (0ms)
		AnalyzeDomain (217ms)
			TypeCache.Refresh (160ms)
				TypeCache.ScanAssembly (147ms)
			BuildScriptInfoCaches (46ms)
			ResolveRequiredComponents (8ms)
	FinalizeReload (551ms)
		ReleaseScriptCaches (0ms)
		RebuildScriptCaches (0ms)
		SetupLoadedEditorAssemblies (401ms)
			LogAssemblyErrors (0ms)
			InitializePlatformSupportModulesInManaged (2ms)
			SetLoadedEditorAssemblies (4ms)
			BeforeProcessingInitializeOnLoad (90ms)
			ProcessInitializeOnLoadAttributes (261ms)
			ProcessInitializeOnLoadMethodAttributes (42ms)
			AfterProcessingInitializeOnLoad (2ms)
			EditorAssembliesLoaded (0ms)
		ExecutionOrderSort2 (0ms)
		AwakeInstancesAfterBackupRestoration (4ms)
Launched and connected shader compiler UnityShaderCompiler.exe after 0.01 seconds
Refreshing native plugins compatible for Editor in 0.83 ms, found 3 plugins.
Preloading 0 native plugins for Editor in 0.00 ms.
Unloading 237 Unused Serialized files (Serialized files now loaded: 0)
Unloading 6610 unused Assets / (5.5 MB). Loaded Objects now: 7351.
Memory consumption went from 185.4 MB to 180.0 MB.
Total: 5.561300 ms (FindLiveObjects: 0.486100 ms CreateObjectMapping: 0.297400 ms MarkObjects: 3.173900 ms  DeleteObjects: 1.602600 ms)

========================================================================
Received Import Request.
  Time since last request: 535898.178571 seconds.
  path: Assets/VFX/PC_StaticPoints.vfx
  artifactKey: Guid(45a401dac67ce874d9e80a3392d3f026) Importer(815301076,1909f56bfc062723c751e8b465ee728b)
Start importing Assets/VFX/PC_StaticPoints.vfx using Guid(45a401dac67ce874d9e80a3392d3f026) Importer(815301076,1909f56bfc062723c751e8b465ee728b) (PreviewImporter) -> (artifact id: '0c3f6ac3f1a28e4f4050533d391b25ae') in 0.0445313 seconds
Number of updated asset objects reloaded before import = 1Number of asset objects unloaded after import = 5

========================================================================
Received Import Request.
  Time since last request: 138.780285 seconds.
  path: Assets/VFX/PC_StaticPoints.vfx
  artifactKey: Guid(45a401dac67ce874d9e80a3392d3f026) Importer(815301076,1909f56bfc062723c751e8b465ee728b)
Start importing Assets/VFX/PC_StaticPoints.vfx using Guid(45a401dac67ce874d9e80a3392d3f026) Importer(815301076,1909f56bfc062723c751e8b465ee728b) (PreviewImporter) -> (artifact id: '8a4abb5a436d978fc47562bed12e335a') in 0.002635 seconds
Number of updated asset objects reloaded before import = 1Number of asset objects unloaded after import = 5

========================================================================
Received Prepare
Begin MonoManager ReloadAssembly
- Loaded All Assemblies, in  0.534 seconds
Refreshing native plugins compatible for Editor in 0.63 ms, found 3 plugins.
Native extension for WindowsStandalone target not found
Native extension for WebGL target not found
Mono: successfully reloaded assembly
- Finished resetting the current domain, in  0.486 seconds
Domain Reload Profiling: 1020ms
	BeginReloadAssembly (154ms)
		ExecutionOrderSort (0ms)
		DisableScriptedObjects (4ms)
		BackupInstance (0ms)
		ReleaseScriptingObjects (0ms)
		CreateAndSetChildDomain (37ms)
	RebuildCommonClasses (24ms)
	RebuildNativeTypeToScriptingClass (8ms)
	initialDomainReloadingComplete (20ms)
	LoadAllAssembliesAndSetupDomain (328ms)
		LoadAssemblies (257ms)
		RebuildTransferFunctionScriptingTraits (0ms)
		AnalyzeDomain (139ms)
			TypeCache.Refresh (7ms)
				TypeCache.ScanAssembly (0ms)
			BuildScriptInfoCaches (120ms)
			ResolveRequiredComponents (9ms)
	FinalizeReload (486ms)
		ReleaseScriptCaches (0ms)
		RebuildScriptCaches (0ms)
		SetupLoadedEditorAssemblies (365ms)
			LogAssemblyErrors (0ms)
			InitializePlatformSupportModulesInManaged (2ms)
			SetLoadedEditorAssemblies (4ms)
			BeforeProcessingInitializeOnLoad (91ms)
			ProcessInitializeOnLoadAttributes (232ms)
			ProcessInitializeOnLoadMethodAttributes (34ms)
			AfterProcessingInitializeOnLoad (2ms)
			EditorAssembliesLoaded (0ms)
		ExecutionOrderSort2 (0ms)
		AwakeInstancesAfterBackupRestoration (9ms)
Refreshing native plugins compatible for Editor in 0.77 ms, found 3 plugins.
Preloading 0 native plugins for Editor in 0.00 ms.
Unloading 25 Unused Serialized files (Serialized files now loaded: 0)
Unloading 6609 unused Assets / (4.9 MB). Loaded Objects now: 7369.
Memory consumption went from 158.5 MB to 153.5 MB.
Total: 5.266200 ms (FindLiveObjects: 0.422700 ms CreateObjectMapping: 0.271700 ms MarkObjects: 3.067000 ms  DeleteObjects: 1.503700 ms)

Prepare: number of updated asset objects reloaded= 0
========================================================================
Received Prepare
Begin MonoManager ReloadAssembly
- Loaded All Assemblies, in  0.505 seconds
Refreshing native plugins compatible for Editor in 0.58 ms, found 3 plugins.
Native extension for WindowsStandalone target not found
Native extension for WebGL target not found
Mono: successfully reloaded assembly
- Finished resetting the current domain, in  0.527 seconds
Domain Reload Profiling: 1032ms
	BeginReloadAssembly (144ms)
		ExecutionOrderSort (0ms)
		DisableScriptedObjects (4ms)
		BackupInstance (0ms)
		ReleaseScriptingObjects (0ms)
		CreateAndSetChildDomain (33ms)
	RebuildCommonClasses (24ms)
	RebuildNativeTypeToScriptingClass (9ms)
	initialDomainReloadingComplete (19ms)
	LoadAllAssembliesAndSetupDomain (308ms)
		LoadAssemblies (239ms)
		RebuildTransferFunctionScriptingTraits (0ms)
		AnalyzeDomain (135ms)
			TypeCache.Refresh (5ms)
				TypeCache.ScanAssembly (0ms)
			BuildScriptInfoCaches (119ms)
			ResolveRequiredComponents (8ms)
	FinalizeReload (527ms)
		ReleaseScriptCaches (0ms)
		RebuildScriptCaches (0ms)
		SetupLoadedEditorAssemblies (408ms)
			LogAssemblyErrors (0ms)
			InitializePlatformSupportModulesInManaged (2ms)
			SetLoadedEditorAssemblies (3ms)
			BeforeProcessingInitializeOnLoad (84ms)
			ProcessInitializeOnLoadAttributes (262ms)
			ProcessInitializeOnLoadMethodAttributes (53ms)
			AfterProcessingInitializeOnLoad (4ms)
			EditorAssembliesLoaded (0ms)
		ExecutionOrderSort2 (0ms)
		AwakeInstancesAfterBackupRestoration (14ms)
Refreshing native plugins compatible for Editor in 1.05 ms, found 3 plugins.
Preloading 0 native plugins for Editor in 0.00 ms.
Unloading 15 Unused Serialized files (Serialized files now loaded: 0)
Unloading 6609 unused Assets / (5.0 MB). Loaded Objects now: 7371.
Memory consumption went from 159.1 MB to 154.1 MB.
Total: 7.144600 ms (FindLiveObjects: 0.478700 ms CreateObjectMapping: 0.399300 ms MarkObjects: 4.040900 ms  DeleteObjects: 2.224400 ms)

Prepare: number of updated asset objects reloaded= 0
========================================================================
Received Prepare
Begin MonoManager ReloadAssembly
- Loaded All Assemblies, in  1.012 seconds
Refreshing native plugins compatible for Editor in 2.73 ms, found 3 plugins.
Native extension for WindowsStandalone target not found
Native extension for WebGL target not found
Mono: successfully reloaded assembly
- Finished resetting the current domain, in  0.740 seconds
Domain Reload Profiling: 1751ms
	BeginReloadAssembly (279ms)
		ExecutionOrderSort (0ms)
		DisableScriptedObjects (7ms)
		BackupInstance (0ms)
		ReleaseScriptingObjects (0ms)
		CreateAndSetChildDomain (47ms)
	RebuildCommonClasses (48ms)
	RebuildNativeTypeToScriptingClass (20ms)
	initialDomainReloadingComplete (39ms)
	LoadAllAssembliesAndSetupDomain (624ms)
		LoadAssemblies (515ms)
		RebuildTransferFunctionScriptingTraits (0ms)
		AnalyzeDomain (257ms)
			TypeCache.Refresh (9ms)
				TypeCache.ScanAssembly (0ms)
			BuildScriptInfoCaches (228ms)
			ResolveRequiredComponents (15ms)
	FinalizeReload (741ms)
		ReleaseScriptCaches (0ms)
		RebuildScriptCaches (0ms)
		SetupLoadedEditorAssemblies (543ms)
			LogAssemblyErrors (0ms)
			InitializePlatformSupportModulesInManaged (3ms)
			SetLoadedEditorAssemblies (5ms)
			BeforeProcessingInitializeOnLoad (166ms)
			ProcessInitializeOnLoadAttributes (317ms)
			ProcessInitializeOnLoadMethodAttributes (49ms)
			AfterProcessingInitializeOnLoad (2ms)
			EditorAssembliesLoaded (0ms)
		ExecutionOrderSort2 (0ms)
		AwakeInstancesAfterBackupRestoration (12ms)
Refreshing native plugins compatible for Editor in 0.68 ms, found 3 plugins.
Preloading 0 native plugins for Editor in 0.00 ms.
Unloading 15 Unused Serialized files (Serialized files now loaded: 0)
Unloading 6609 unused Assets / (4.9 MB). Loaded Objects now: 7373.
Memory consumption went from 161.7 MB to 156.8 MB.
Total: 6.714300 ms (FindLiveObjects: 0.497300 ms CreateObjectMapping: 0.385300 ms MarkObjects: 4.048900 ms  DeleteObjects: 1.781900 ms)

Prepare: number of updated asset objects reloaded= 0
========================================================================
Received Prepare
Begin MonoManager ReloadAssembly
- Loaded All Assemblies, in  0.855 seconds
Refreshing native plugins compatible for Editor in 0.60 ms, found 3 plugins.
Native extension for WindowsStandalone target not found
Native extension for WebGL target not found
Mono: successfully reloaded assembly
- Finished resetting the current domain, in  0.483 seconds
Domain Reload Profiling: 1337ms
	BeginReloadAssembly (255ms)
		ExecutionOrderSort (0ms)
		DisableScriptedObjects (8ms)
		BackupInstance (0ms)
		ReleaseScriptingObjects (0ms)
		CreateAndSetChildDomain (58ms)
	RebuildCommonClasses (43ms)
	RebuildNativeTypeToScriptingClass (16ms)
	initialDomainReloadingComplete (35ms)
	LoadAllAssembliesAndSetupDomain (504ms)
		LoadAssemblies (451ms)
		RebuildTransferFunctionScriptingTraits (0ms)
		AnalyzeDomain (176ms)
			TypeCache.Refresh (8ms)
				TypeCache.ScanAssembly (0ms)
			BuildScriptInfoCaches (157ms)
			ResolveRequiredComponents (8ms)
	FinalizeReload (484ms)
		ReleaseScriptCaches (0ms)
		RebuildScriptCaches (0ms)
		SetupLoadedEditorAssemblies (368ms)
			LogAssemblyErrors (0ms)
			InitializePlatformSupportModulesInManaged (2ms)
			SetLoadedEditorAssemblies (3ms)
			BeforeProcessingInitializeOnLoad (86ms)
			ProcessInitializeOnLoadAttributes (238ms)
			ProcessInitializeOnLoadMethodAttributes (37ms)
			AfterProcessingInitializeOnLoad (2ms)
			EditorAssembliesLoaded (0ms)
		ExecutionOrderSort2 (0ms)
		AwakeInstancesAfterBackupRestoration (10ms)
Refreshing native plugins compatible for Editor in 0.66 ms, found 3 plugins.
Preloading 0 native plugins for Editor in 0.00 ms.
Unloading 15 Unused Serialized files (Serialized files now loaded: 0)
Unloading 6609 unused Assets / (4.9 MB). Loaded Objects now: 7375.
Memory consumption went from 164.2 MB to 159.2 MB.
Total: 5.241900 ms (FindLiveObjects: 0.388100 ms CreateObjectMapping: 0.285100 ms MarkObjects: 3.223800 ms  DeleteObjects: 1.344100 ms)

Prepare: number of updated asset objects reloaded= 0
========================================================================
Received Prepare
Begin MonoManager ReloadAssembly
- Loaded All Assemblies, in  0.513 seconds
Refreshing native plugins compatible for Editor in 0.58 ms, found 3 plugins.
Native extension for WindowsStandalone target not found
Native extension for WebGL target not found
Mono: successfully reloaded assembly
- Finished resetting the current domain, in  0.540 seconds
Domain Reload Profiling: 1054ms
	BeginReloadAssembly (145ms)
		ExecutionOrderSort (0ms)
		DisableScriptedObjects (4ms)
		BackupInstance (0ms)
		ReleaseScriptingObjects (0ms)
		CreateAndSetChildDomain (34ms)
	RebuildCommonClasses (25ms)
	RebuildNativeTypeToScriptingClass (9ms)
	initialDomainReloadingComplete (23ms)
	LoadAllAssembliesAndSetupDomain (311ms)
		LoadAssemblies (240ms)
		RebuildTransferFunctionScriptingTraits (0ms)
		AnalyzeDomain (137ms)
			TypeCache.Refresh (6ms)
				TypeCache.ScanAssembly (0ms)
			BuildScriptInfoCaches (119ms)
			ResolveRequiredComponents (8ms)
	FinalizeReload (541ms)
		ReleaseScriptCaches (0ms)
		RebuildScriptCaches (0ms)
		SetupLoadedEditorAssemblies (422ms)
			LogAssemblyErrors (0ms)
			InitializePlatformSupportModulesInManaged (2ms)
			SetLoadedEditorAssemblies (3ms)
			BeforeProcessingInitializeOnLoad (87ms)
			ProcessInitializeOnLoadAttributes (277ms)
			ProcessInitializeOnLoadMethodAttributes (50ms)
			AfterProcessingInitializeOnLoad (3ms)
			EditorAssembliesLoaded (0ms)
		ExecutionOrderSort2 (0ms)
		AwakeInstancesAfterBackupRestoration (13ms)
Refreshing native plugins compatible for Editor in 0.85 ms, found 3 plugins.
Preloading 0 native plugins for Editor in 0.00 ms.
Unloading 15 Unused Serialized files (Serialized files now loaded: 0)
Unloading 6609 unused Assets / (4.4 MB). Loaded Objects now: 7377.
Memory consumption went from 166.6 MB to 162.2 MB.
Total: 6.491500 ms (FindLiveObjects: 0.534000 ms CreateObjectMapping: 0.390400 ms MarkObjects: 3.947300 ms  DeleteObjects: 1.618800 ms)

Prepare: number of updated asset objects reloaded= 0
========================================================================
Received Prepare
Begin MonoManager ReloadAssembly
- Loaded All Assemblies, in  1.130 seconds
Refreshing native plugins compatible for Editor in 2.32 ms, found 3 plugins.
Native extension for WindowsStandalone target not found
Native extension for WebGL target not found
Mono: successfully reloaded assembly
- Finished resetting the current domain, in  0.561 seconds
Domain Reload Profiling: 1690ms
	BeginReloadAssembly (301ms)
		ExecutionOrderSort (0ms)
		DisableScriptedObjects (16ms)
		BackupInstance (0ms)
		ReleaseScriptingObjects (0ms)
		CreateAndSetChildDomain (54ms)
	RebuildCommonClasses (46ms)
	RebuildNativeTypeToScriptingClass (15ms)
	initialDomainReloadingComplete (33ms)
	LoadAllAssembliesAndSetupDomain (734ms)
		LoadAssemblies (576ms)
		RebuildTransferFunctionScriptingTraits (0ms)
		AnalyzeDomain (272ms)
			TypeCache.Refresh (14ms)
				TypeCache.ScanAssembly (0ms)
			BuildScriptInfoCaches (236ms)
			ResolveRequiredComponents (17ms)
	FinalizeReload (561ms)
		ReleaseScriptCaches (0ms)
		RebuildScriptCaches (0ms)
		SetupLoadedEditorAssemblies (383ms)
			LogAssemblyErrors (0ms)
			InitializePlatformSupportModulesInManaged (2ms)
			SetLoadedEditorAssemblies (5ms)
			BeforeProcessingInitializeOnLoad (105ms)
			ProcessInitializeOnLoadAttributes (229ms)
			ProcessInitializeOnLoadMethodAttributes (39ms)
			AfterProcessingInitializeOnLoad (3ms)
			EditorAssembliesLoaded (0ms)
		ExecutionOrderSort2 (0ms)
		AwakeInstancesAfterBackupRestoration (11ms)
Refreshing native plugins compatible for Editor in 0.71 ms, found 3 plugins.
Preloading 0 native plugins for Editor in 0.00 ms.
Unloading 15 Unused Serialized files (Serialized files now loaded: 0)
Unloading 6609 unused Assets / (5.0 MB). Loaded Objects now: 7379.
Memory consumption went from 169.1 MB to 164.1 MB.
Total: 5.212700 ms (FindLiveObjects: 0.435400 ms CreateObjectMapping: 0.282600 ms MarkObjects: 2.997800 ms  DeleteObjects: 1.496400 ms)

Prepare: number of updated asset objects reloaded= 0
========================================================================
Received Prepare
Begin MonoManager ReloadAssembly
- Loaded All Assemblies, in  0.545 seconds
Refreshing native plugins compatible for Editor in 1.06 ms, found 3 plugins.
Native extension for WindowsStandalone target not found
Native extension for WebGL target not found
Mono: successfully reloaded assembly
- Finished resetting the current domain, in  0.493 seconds
Domain Reload Profiling: 1039ms
	BeginReloadAssembly (146ms)
		ExecutionOrderSort (0ms)
		DisableScriptedObjects (4ms)
		BackupInstance (0ms)
		ReleaseScriptingObjects (0ms)
		CreateAndSetChildDomain (34ms)
	RebuildCommonClasses (25ms)
	RebuildNativeTypeToScriptingClass (9ms)
	initialDomainReloadingComplete (18ms)
	LoadAllAssembliesAndSetupDomain (348ms)
		LoadAssemblies (270ms)
		RebuildTransferFunctionScriptingTraits (0ms)
		AnalyzeDomain (140ms)
			TypeCache.Refresh (5ms)
				TypeCache.ScanAssembly (0ms)
			BuildScriptInfoCaches (124ms)
			ResolveRequiredComponents (8ms)
	FinalizeReload (493ms)
		ReleaseScriptCaches (0ms)
		RebuildScriptCaches (0ms)
		SetupLoadedEditorAssemblies (383ms)
			LogAssemblyErrors (0ms)
			InitializePlatformSupportModulesInManaged (2ms)
			SetLoadedEditorAssemblies (3ms)
			BeforeProcessingInitializeOnLoad (87ms)
			ProcessInitializeOnLoadAttributes (254ms)
			ProcessInitializeOnLoadMethodAttributes (36ms)
			AfterProcessingInitializeOnLoad (2ms)
			EditorAssembliesLoaded (0ms)
		ExecutionOrderSort2 (0ms)
		AwakeInstancesAfterBackupRestoration (10ms)
Refreshing native plugins compatible for Editor in 0.58 ms, found 3 plugins.
Preloading 0 native plugins for Editor in 0.00 ms.
Unloading 15 Unused Serialized files (Serialized files now loaded: 0)
Unloading 6609 unused Assets / (4.9 MB). Loaded Objects now: 7381.
Memory consumption went from 171.6 MB to 166.7 MB.
Total: 5.183300 ms (FindLiveObjects: 0.429200 ms CreateObjectMapping: 0.272100 ms MarkObjects: 3.022900 ms  DeleteObjects: 1.458400 ms)

Prepare: number of updated asset objects reloaded= 1
========================================================================
Received Prepare
Begin MonoManager ReloadAssembly
- Loaded All Assemblies, in  0.552 seconds
Refreshing native plugins compatible for Editor in 0.69 ms, found 3 plugins.
Native extension for WindowsStandalone target not found
Native extension for WebGL target not found
Mono: successfully reloaded assembly
- Finished resetting the current domain, in  0.491 seconds
Domain Reload Profiling: 1043ms
	BeginReloadAssembly (152ms)
		ExecutionOrderSort (0ms)
		DisableScriptedObjects (4ms)
		BackupInstance (0ms)
		ReleaseScriptingObjects (0ms)
		CreateAndSetChildDomain (33ms)
	RebuildCommonClasses (24ms)
	RebuildNativeTypeToScriptingClass (9ms)
	initialDomainReloadingComplete (19ms)
	LoadAllAssembliesAndSetupDomain (348ms)
		LoadAssemblies (279ms)
		RebuildTransferFunctionScriptingTraits (0ms)
		AnalyzeDomain (137ms)
			TypeCache.Refresh (5ms)
				TypeCache.ScanAssembly (0ms)
			BuildScriptInfoCaches (121ms)
			ResolveRequiredComponents (8ms)
	FinalizeReload (491ms)
		ReleaseScriptCaches (0ms)
		RebuildScriptCaches (0ms)
		SetupLoadedEditorAssemblies (385ms)
			LogAssemblyErrors (0ms)
			InitializePlatformSupportModulesInManaged (2ms)
			SetLoadedEditorAssemblies (3ms)
			BeforeProcessingInitializeOnLoad (84ms)
			ProcessInitializeOnLoadAttributes (255ms)
			ProcessInitializeOnLoadMethodAttributes (38ms)
			AfterProcessingInitializeOnLoad (3ms)
			EditorAssembliesLoaded (0ms)
		ExecutionOrderSort2 (0ms)
		AwakeInstancesAfterBackupRestoration (10ms)
Refreshing native plugins compatible for Editor in 0.58 ms, found 3 plugins.
Preloading 0 native plugins for Editor in 0.00 ms.
Unloading 15 Unused Serialized files (Serialized files now loaded: 0)
Unloading 6609 unused Assets / (4.9 MB). Loaded Objects now: 7383.
Memory consumption went from 174.1 MB to 169.1 MB.
Total: 5.309400 ms (FindLiveObjects: 0.429400 ms CreateObjectMapping: 0.284800 ms MarkObjects: 3.114500 ms  DeleteObjects: 1.479100 ms)

Prepare: number of updated asset objects reloaded= 0
========================================================================
Received Prepare
Begin MonoManager ReloadAssembly
- Loaded All Assemblies, in  0.554 seconds
Refreshing native plugins compatible for Editor in 0.56 ms, found 3 plugins.
Native extension for WindowsStandalone target not found
Native extension for WebGL target not found
Mono: successfully reloaded assembly
- Finished resetting the current domain, in  0.521 seconds
Domain Reload Profiling: 1075ms
	BeginReloadAssembly (147ms)
		ExecutionOrderSort (0ms)
		DisableScriptedObjects (4ms)
		BackupInstance (0ms)
		ReleaseScriptingObjects (0ms)
		CreateAndSetChildDomain (35ms)
	RebuildCommonClasses (25ms)
	RebuildNativeTypeToScriptingClass (9ms)
	initialDomainReloadingComplete (19ms)
	LoadAllAssembliesAndSetupDomain (355ms)
		LoadAssemblies (280ms)
		RebuildTransferFunctionScriptingTraits (0ms)
		AnalyzeDomain (138ms)
			TypeCache.Refresh (5ms)
				TypeCache.ScanAssembly (0ms)
			BuildScriptInfoCaches (122ms)
			ResolveRequiredComponents (8ms)
	FinalizeReload (521ms)
		ReleaseScriptCaches (0ms)
		RebuildScriptCaches (0ms)
		SetupLoadedEditorAssemblies (409ms)
			LogAssemblyErrors (0ms)
			InitializePlatformSupportModulesInManaged (2ms)
			SetLoadedEditorAssemblies (3ms)
			BeforeProcessingInitializeOnLoad (88ms)
			ProcessInitializeOnLoadAttributes (268ms)
			ProcessInitializeOnLoadMethodAttributes (46ms)
			AfterProcessingInitializeOnLoad (3ms)
			EditorAssembliesLoaded (0ms)
		ExecutionOrderSort2 (0ms)
		AwakeInstancesAfterBackupRestoration (9ms)
Refreshing native plugins compatible for Editor in 0.65 ms, found 3 plugins.
Preloading 0 native plugins for Editor in 0.00 ms.
Unloading 15 Unused Serialized files (Serialized files now loaded: 0)
Unloading 6609 unused Assets / (5.0 MB). Loaded Objects now: 7385.
Memory consumption went from 176.6 MB to 171.6 MB.
Total: 4.923100 ms (FindLiveObjects: 0.419000 ms CreateObjectMapping: 0.271700 ms MarkObjects: 2.869300 ms  DeleteObjects: 1.362200 ms)

Prepare: number of updated asset objects reloaded= 0
========================================================================
Received Prepare
Begin MonoManager ReloadAssembly
- Loaded All Assemblies, in  0.555 seconds
Refreshing native plugins compatible for Editor in 1.45 ms, found 3 plugins.
Native extension for WindowsStandalone target not found
Native extension for WebGL target not found
Mono: successfully reloaded assembly
- Finished resetting the current domain, in  0.654 seconds
Domain Reload Profiling: 1210ms
	BeginReloadAssembly (158ms)
		ExecutionOrderSort (0ms)
		DisableScriptedObjects (4ms)
		BackupInstance (0ms)
		ReleaseScriptingObjects (0ms)
		CreateAndSetChildDomain (34ms)
	RebuildCommonClasses (28ms)
	RebuildNativeTypeToScriptingClass (9ms)
	initialDomainReloadingComplete (20ms)
	LoadAllAssembliesAndSetupDomain (341ms)
		LoadAssemblies (271ms)
		RebuildTransferFunctionScriptingTraits (0ms)
		AnalyzeDomain (143ms)
			TypeCache.Refresh (7ms)
				TypeCache.ScanAssembly (0ms)
			BuildScriptInfoCaches (125ms)
			ResolveRequiredComponents (8ms)
	FinalizeReload (655ms)
		ReleaseScriptCaches (0ms)
		RebuildScriptCaches (0ms)
		SetupLoadedEditorAssemblies (508ms)
			LogAssemblyErrors (0ms)
			InitializePlatformSupportModulesInManaged (3ms)
			SetLoadedEditorAssemblies (4ms)
			BeforeProcessingInitializeOnLoad (111ms)
			ProcessInitializeOnLoadAttributes (332ms)
			ProcessInitializeOnLoadMethodAttributes (53ms)
			AfterProcessingInitializeOnLoad (4ms)
			EditorAssembliesLoaded (0ms)
		ExecutionOrderSort2 (0ms)
		AwakeInstancesAfterBackupRestoration (17ms)
Refreshing native plugins compatible for Editor in 0.77 ms, found 3 plugins.
Preloading 0 native plugins for Editor in 0.00 ms.
Unloading 15 Unused Serialized files (Serialized files now loaded: 0)
Unloading 6609 unused Assets / (5.0 MB). Loaded Objects now: 7387.
Memory consumption went from 179.0 MB to 174.0 MB.
Total: 6.469500 ms (FindLiveObjects: 0.892500 ms CreateObjectMapping: 0.443100 ms MarkObjects: 3.404400 ms  DeleteObjects: 1.728100 ms)

Prepare: number of updated asset objects reloaded= 1
========================================================================
Received Import Request.
  Time since last request: 3057.941286 seconds.
  path: Assets/VFX/PC_StaticPoints.vfx
  artifactKey: Guid(45a401dac67ce874d9e80a3392d3f026) Importer(815301076,1909f56bfc062723c751e8b465ee728b)
Start importing Assets/VFX/PC_StaticPoints.vfx using Guid(45a401dac67ce874d9e80a3392d3f026) Importer(815301076,1909f56bfc062723c751e8b465ee728b) (PreviewImporter) -> (artifact id: 'cbb933fc45416b0fc241bf7c202589ba') in 0.0370703 seconds
Number of updated asset objects reloaded before import = 0Number of asset objects unloaded after import = 5

========================================================================
Received Import Request.
  Time since last request: 5.175264 seconds.
  path: Assets/VFX/PC_StaticPoints.vfx
  artifactKey: Guid(45a401dac67ce874d9e80a3392d3f026) Importer(815301076,1909f56bfc062723c751e8b465ee728b)
Start importing Assets/VFX/PC_StaticPoints.vfx using Guid(45a401dac67ce874d9e80a3392d3f026) Importer(815301076,1909f56bfc062723c751e8b465ee728b) (PreviewImporter) -> (artifact id: '9799ee30f482762256dcf08afcded46a') in 0.0030321 seconds
Number of updated asset objects reloaded before import = 1Number of asset objects unloaded after import = 5

========================================================================
Received Prepare
Begin MonoManager ReloadAssembly
- Loaded All Assemblies, in  0.698 seconds
Refreshing native plugins compatible for Editor in 0.69 ms, found 3 plugins.
Native extension for WindowsStandalone target not found
Native extension for WebGL target not found
Mono: successfully reloaded assembly
- Finished resetting the current domain, in  0.561 seconds
Domain Reload Profiling: 1260ms
	BeginReloadAssembly (279ms)
		ExecutionOrderSort (0ms)
		DisableScriptedObjects (6ms)
		BackupInstance (0ms)
		ReleaseScriptingObjects (0ms)
		CreateAndSetChildDomain (49ms)
	RebuildCommonClasses (38ms)
	RebuildNativeTypeToScriptingClass (15ms)
	initialDomainReloadingComplete (26ms)
	LoadAllAssembliesAndSetupDomain (341ms)
		LoadAssemblies (349ms)
		RebuildTransferFunctionScriptingTraits (0ms)
		AnalyzeDomain (137ms)
			TypeCache.Refresh (5ms)
				TypeCache.ScanAssembly (0ms)
			BuildScriptInfoCaches (120ms)
			ResolveRequiredComponents (9ms)
	FinalizeReload (562ms)
		ReleaseScriptCaches (0ms)
		RebuildScriptCaches (0ms)
		SetupLoadedEditorAssemblies (437ms)
			LogAssemblyErrors (0ms)
			InitializePlatformSupportModulesInManaged (4ms)
			SetLoadedEditorAssemblies (5ms)
			BeforeProcessingInitializeOnLoad (127ms)
			ProcessInitializeOnLoadAttributes (259ms)
			ProcessInitializeOnLoadMethodAttributes (40ms)
			AfterProcessingInitializeOnLoad (3ms)
			EditorAssembliesLoaded (0ms)
		ExecutionOrderSort2 (0ms)
		AwakeInstancesAfterBackupRestoration (11ms)
Refreshing native plugins compatible for Editor in 0.99 ms, found 3 plugins.
Preloading 0 native plugins for Editor in 0.00 ms.
Unloading 15 Unused Serialized files (Serialized files now loaded: 0)
Unloading 6609 unused Assets / (5.0 MB). Loaded Objects now: 7389.
Memory consumption went from 157.4 MB to 152.4 MB.
Total: 6.031300 ms (FindLiveObjects: 0.454000 ms CreateObjectMapping: 0.315000 ms MarkObjects: 3.158900 ms  DeleteObjects: 2.102500 ms)

Prepare: number of updated asset objects reloaded= 0
========================================================================
Received Prepare
Begin MonoManager ReloadAssembly
- Loaded All Assemblies, in  0.552 seconds
Refreshing native plugins compatible for Editor in 0.58 ms, found 3 plugins.
Native extension for WindowsStandalone target not found
Native extension for WebGL target not found
Mono: successfully reloaded assembly
- Finished resetting the current domain, in  0.462 seconds
Domain Reload Profiling: 1014ms
	BeginReloadAssembly (172ms)
		ExecutionOrderSort (0ms)
		DisableScriptedObjects (4ms)
		BackupInstance (0ms)
		ReleaseScriptingObjects (0ms)
		CreateAndSetChildDomain (31ms)
	RebuildCommonClasses (28ms)
	RebuildNativeTypeToScriptingClass (10ms)
	initialDomainReloadingComplete (21ms)
	LoadAllAssembliesAndSetupDomain (322ms)
		LoadAssemblies (249ms)
		RebuildTransferFunctionScriptingTraits (0ms)
		AnalyzeDomain (155ms)
			TypeCache.Refresh (7ms)
				TypeCache.ScanAssembly (0ms)
			BuildScriptInfoCaches (137ms)
			ResolveRequiredComponents (8ms)
	FinalizeReload (462ms)
		ReleaseScriptCaches (0ms)
		RebuildScriptCaches (0ms)
		SetupLoadedEditorAssemblies (352ms)
			LogAssemblyErrors (0ms)
			InitializePlatformSupportModulesInManaged (2ms)
			SetLoadedEditorAssemblies (3ms)
			BeforeProcessingInitializeOnLoad (87ms)
			ProcessInitializeOnLoadAttributes (222ms)
			ProcessInitializeOnLoadMethodAttributes (36ms)
			AfterProcessingInitializeOnLoad (2ms)
			EditorAssembliesLoaded (0ms)
		ExecutionOrderSort2 (0ms)
		AwakeInstancesAfterBackupRestoration (10ms)
Refreshing native plugins compatible for Editor in 0.91 ms, found 3 plugins.
Preloading 0 native plugins for Editor in 0.00 ms.
Unloading 15 Unused Serialized files (Serialized files now loaded: 0)
Unloading 6609 unused Assets / (5.2 MB). Loaded Objects now: 7391.
Memory consumption went from 159.9 MB to 154.7 MB.
Total: 5.734200 ms (FindLiveObjects: 0.468800 ms CreateObjectMapping: 0.309200 ms MarkObjects: 3.244900 ms  DeleteObjects: 1.710500 ms)

Prepare: number of updated asset objects reloaded= 0
========================================================================
Received Prepare
Begin MonoManager ReloadAssembly
- Loaded All Assemblies, in  0.537 seconds
Refreshing native plugins compatible for Editor in 0.59 ms, found 3 plugins.
Native extension for WindowsStandalone target not found
Native extension for WebGL target not found
Mono: successfully reloaded assembly
- Finished resetting the current domain, in  0.489 seconds
Domain Reload Profiling: 1027ms
	BeginReloadAssembly (145ms)
		ExecutionOrderSort (0ms)
		DisableScriptedObjects (4ms)
		BackupInstance (0ms)
		ReleaseScriptingObjects (0ms)
		CreateAndSetChildDomain (34ms)
	RebuildCommonClasses (25ms)
	RebuildNativeTypeToScriptingClass (9ms)
	initialDomainReloadingComplete (19ms)
	LoadAllAssembliesAndSetupDomain (339ms)
		LoadAssemblies (240ms)
		RebuildTransferFunctionScriptingTraits (0ms)
		AnalyzeDomain (165ms)
			TypeCache.Refresh (5ms)
				TypeCache.ScanAssembly (0ms)
			BuildScriptInfoCaches (147ms)
			ResolveRequiredComponents (9ms)
	FinalizeReload (489ms)
		ReleaseScriptCaches (0ms)
		RebuildScriptCaches (0ms)
		SetupLoadedEditorAssemblies (359ms)
			LogAssemblyErrors (0ms)
			InitializePlatformSupportModulesInManaged (2ms)
			SetLoadedEditorAssemblies (4ms)
			BeforeProcessingInitializeOnLoad (83ms)
			ProcessInitializeOnLoadAttributes (236ms)
			ProcessInitializeOnLoadMethodAttributes (32ms)
			AfterProcessingInitializeOnLoad (2ms)
			EditorAssembliesLoaded (0ms)
		ExecutionOrderSort2 (0ms)
		AwakeInstancesAfterBackupRestoration (9ms)
Refreshing native plugins compatible for Editor in 0.90 ms, found 3 plugins.
Preloading 0 native plugins for Editor in 0.00 ms.
Unloading 15 Unused Serialized files (Serialized files now loaded: 0)
Unloading 6609 unused Assets / (5.0 MB). Loaded Objects now: 7393.
Memory consumption went from 162.3 MB to 157.3 MB.
Total: 5.179200 ms (FindLiveObjects: 0.443200 ms CreateObjectMapping: 0.280800 ms MarkObjects: 2.949700 ms  DeleteObjects: 1.504800 ms)

Prepare: number of updated asset objects reloaded= 1
========================================================================
Received Prepare
Begin MonoManager ReloadAssembly
- Loaded All Assemblies, in  0.535 seconds
Refreshing native plugins compatible for Editor in 0.64 ms, found 3 plugins.
Native extension for WindowsStandalone target not found
Native extension for WebGL target not found
Mono: successfully reloaded assembly
- Finished resetting the current domain, in  0.523 seconds
Domain Reload Profiling: 1059ms
	BeginReloadAssembly (151ms)
		ExecutionOrderSort (0ms)
		DisableScriptedObjects (4ms)
		BackupInstance (0ms)
		ReleaseScriptingObjects (0ms)
		CreateAndSetChildDomain (32ms)
	RebuildCommonClasses (26ms)
	RebuildNativeTypeToScriptingClass (9ms)
	initialDomainReloadingComplete (19ms)
	LoadAllAssembliesAndSetupDomain (331ms)
		LoadAssemblies (240ms)
		RebuildTransferFunctionScriptingTraits (0ms)
		AnalyzeDomain (160ms)
			TypeCache.Refresh (5ms)
				TypeCache.ScanAssembly (0ms)
			BuildScriptInfoCaches (143ms)
			ResolveRequiredComponents (9ms)
	FinalizeReload (523ms)
		ReleaseScriptCaches (0ms)
		RebuildScriptCaches (0ms)
		SetupLoadedEditorAssemblies (379ms)
			LogAssemblyErrors (0ms)
			InitializePlatformSupportModulesInManaged (2ms)
			SetLoadedEditorAssemblies (3ms)
			BeforeProcessingInitializeOnLoad (104ms)
			ProcessInitializeOnLoadAttributes (229ms)
			ProcessInitializeOnLoadMethodAttributes (38ms)
			AfterProcessingInitializeOnLoad (2ms)
			EditorAssembliesLoaded (0ms)
		ExecutionOrderSort2 (0ms)
		AwakeInstancesAfterBackupRestoration (11ms)
Refreshing native plugins compatible for Editor in 0.79 ms, found 3 plugins.
Preloading 0 native plugins for Editor in 0.00 ms.
Unloading 15 Unused Serialized files (Serialized files now loaded: 0)
Unloading 6609 unused Assets / (5.1 MB). Loaded Objects now: 7395.
Memory consumption went from 164.8 MB to 159.7 MB.
Total: 5.065300 ms (FindLiveObjects: 0.434300 ms CreateObjectMapping: 0.289700 ms MarkObjects: 2.897500 ms  DeleteObjects: 1.443100 ms)

Prepare: number of updated asset objects reloaded= 0
========================================================================
Received Prepare
Begin MonoManager ReloadAssembly
- Loaded All Assemblies, in  0.517 seconds
Refreshing native plugins compatible for Editor in 0.61 ms, found 3 plugins.
Native extension for WindowsStandalone target not found
Native extension for WebGL target not found
Mono: successfully reloaded assembly
- Finished resetting the current domain, in  0.531 seconds
Domain Reload Profiling: 1049ms
	BeginReloadAssembly (138ms)
		ExecutionOrderSort (0ms)
		DisableScriptedObjects (4ms)
		BackupInstance (0ms)
		ReleaseScriptingObjects (0ms)
		CreateAndSetChildDomain (31ms)
	RebuildCommonClasses (25ms)
	RebuildNativeTypeToScriptingClass (9ms)
	initialDomainReloadingComplete (18ms)
	LoadAllAssembliesAndSetupDomain (328ms)
		LoadAssemblies (227ms)
		RebuildTransferFunctionScriptingTraits (0ms)
		AnalyzeDomain (161ms)
			TypeCache.Refresh (5ms)
				TypeCache.ScanAssembly (0ms)
			BuildScriptInfoCaches (145ms)
			ResolveRequiredComponents (8ms)
	FinalizeReload (531ms)
		ReleaseScriptCaches (0ms)
		RebuildScriptCaches (0ms)
		SetupLoadedEditorAssemblies (395ms)
			LogAssemblyErrors (0ms)
			InitializePlatformSupportModulesInManaged (2ms)
			SetLoadedEditorAssemblies (3ms)
			BeforeProcessingInitializeOnLoad (107ms)
			ProcessInitializeOnLoadAttributes (247ms)
			ProcessInitializeOnLoadMethodAttributes (33ms)
			AfterProcessingInitializeOnLoad (2ms)
			EditorAssembliesLoaded (0ms)
		ExecutionOrderSort2 (0ms)
		AwakeInstancesAfterBackupRestoration (10ms)
Refreshing native plugins compatible for Editor in 0.62 ms, found 3 plugins.
Preloading 0 native plugins for Editor in 0.00 ms.
Unloading 15 Unused Serialized files (Serialized files now loaded: 0)
Unloading 6609 unused Assets / (4.9 MB). Loaded Objects now: 7397.
Memory consumption went from 167.2 MB to 162.3 MB.
Total: 5.142000 ms (FindLiveObjects: 0.423000 ms CreateObjectMapping: 0.279800 ms MarkObjects: 2.951900 ms  DeleteObjects: 1.486400 ms)

Prepare: number of updated asset objects reloaded= 0
========================================================================
Received Prepare
Refreshing native plugins compatible for Editor in 1.37 ms, found 3 plugins.
Preloading 0 native plugins for Editor in 0.00 ms.
Unloading 15 Unused Serialized files (Serialized files now loaded: 0)
Unloading 6603 unused Assets / (4.6 MB). Loaded Objects now: 7398.
Memory consumption went from 169.8 MB to 165.3 MB.
Total: 11.956600 ms (FindLiveObjects: 0.694300 ms CreateObjectMapping: 0.328200 ms MarkObjects: 9.088200 ms  DeleteObjects: 1.844200 ms)

Prepare: number of updated asset objects reloaded= 0
========================================================================
Received Import Request.
  Time since last request: 49954.452688 seconds.
  path: Assets/Scripts/VisibilityManager.cs
  artifactKey: Guid(8ca1cc6b324afcb4ab0fe374f7598df4) Importer(815301076,1909f56bfc062723c751e8b465ee728b)
Start importing Assets/Scripts/VisibilityManager.cs using Guid(8ca1cc6b324afcb4ab0fe374f7598df4) Importer(815301076,1909f56bfc062723c751e8b465ee728b) (PreviewImporter) -> (artifact id: '8dea1b743522a1fefdac787b7676c7ce') in 0.0030863 seconds
Number of updated asset objects reloaded before import = 0Number of asset objects unloaded after import = 0

========================================================================
Received Prepare
Begin MonoManager ReloadAssembly
- Loaded All Assemblies, in  6.163 seconds
Refreshing native plugins compatible for Editor in 0.73 ms, found 3 plugins.
Native extension for WindowsStandalone target not found
Native extension for WebGL target not found
Mono: successfully reloaded assembly
- Finished resetting the current domain, in  0.459 seconds
Domain Reload Profiling: 6622ms
	BeginReloadAssembly (767ms)
		ExecutionOrderSort (0ms)
		DisableScriptedObjects (7ms)
		BackupInstance (0ms)
		ReleaseScriptingObjects (0ms)
		CreateAndSetChildDomain (51ms)
	RebuildCommonClasses (270ms)
	RebuildNativeTypeToScriptingClass (12ms)
	initialDomainReloadingComplete (24ms)
	LoadAllAssembliesAndSetupDomain (5089ms)
		LoadAssemblies (5604ms)
		RebuildTransferFunctionScriptingTraits (0ms)
		AnalyzeDomain (145ms)
			TypeCache.Refresh (7ms)
				TypeCache.ScanAssembly (0ms)
			BuildScriptInfoCaches (126ms)
			ResolveRequiredComponents (8ms)
	FinalizeReload (459ms)
		ReleaseScriptCaches (0ms)
		RebuildScriptCaches (0ms)
		SetupLoadedEditorAssemblies (352ms)
			LogAssemblyErrors (0ms)
			InitializePlatformSupportModulesInManaged (2ms)
			SetLoadedEditorAssemblies (3ms)
			BeforeProcessingInitializeOnLoad (79ms)
			ProcessInitializeOnLoadAttributes (225ms)
			ProcessInitializeOnLoadMethodAttributes (40ms)
			AfterProcessingInitializeOnLoad (2ms)
			EditorAssembliesLoaded (0ms)
		ExecutionOrderSort2 (0ms)
		AwakeInstancesAfterBackupRestoration (11ms)
Refreshing native plugins compatible for Editor in 0.57 ms, found 3 plugins.
Preloading 0 native plugins for Editor in 0.00 ms.
Unloading 15 Unused Serialized files (Serialized files now loaded: 0)
Unloading 6610 unused Assets / (5.0 MB). Loaded Objects now: 7400.
Memory consumption went from 157.6 MB to 152.6 MB.
Total: 5.195800 ms (FindLiveObjects: 0.457200 ms CreateObjectMapping: 0.286400 ms MarkObjects: 2.948300 ms  DeleteObjects: 1.503200 ms)

Prepare: number of updated asset objects reloaded= 0
========================================================================
Received Import Request.
  Time since last request: 50.851271 seconds.
  path: Assets/Scripts/Voxelizer.cs
  artifactKey: Guid(585bb0c8757d6e24a84e79c668fd57ab) Importer(815301076,1909f56bfc062723c751e8b465ee728b)
Start importing Assets/Scripts/Voxelizer.cs using Guid(585bb0c8757d6e24a84e79c668fd57ab) Importer(815301076,1909f56bfc062723c751e8b465ee728b) (PreviewImporter) -> (artifact id: 'b98b6c8368cf378eb4618455a187bb4e') in 0.0014106 seconds
Number of updated asset objects reloaded before import = 0Number of asset objects unloaded after import = 0

========================================================================
Received Import Request.
  Time since last request: 4.738361 seconds.
  path: Assets/Shaders/VoxelShader.compute
  artifactKey: Guid(7e3e3ac7e3a6cdf4dba578f335bc8d99) Importer(815301076,1909f56bfc062723c751e8b465ee728b)
Start importing Assets/Shaders/VoxelShader.compute using Guid(7e3e3ac7e3a6cdf4dba578f335bc8d99) Importer(815301076,1909f56bfc062723c751e8b465ee728b) (PreviewImporter) -> (artifact id: '576b5c36c01b58cb67048fc0c342cc1e') in 0.0128647 seconds
Number of updated asset objects reloaded before import = 0Number of asset objects unloaded after import = 1

========================================================================
Received Import Request.
  Time since last request: 24.716959 seconds.
  path: Assets/Shaders/VoxelShader.compute
  artifactKey: Guid(7e3e3ac7e3a6cdf4dba578f335bc8d99) Importer(815301076,1909f56bfc062723c751e8b465ee728b)
Start importing Assets/Shaders/VoxelShader.compute using Guid(7e3e3ac7e3a6cdf4dba578f335bc8d99) Importer(815301076,1909f56bfc062723c751e8b465ee728b) (PreviewImporter) -> (artifact id: '24f840236d10b2d3d9a9a1a3c7b46fc3') in 0.0015279 seconds
Number of updated asset objects reloaded before import = 0Number of asset objects unloaded after import = 1

========================================================================
Received Import Request.
  Time since last request: 42.567095 seconds.
  path: Assets/Settings/PC_Renderer.asset
  artifactKey: Guid(f288ae1f4751b564a96ac7587541f7a2) Importer(815301076,1909f56bfc062723c751e8b465ee728b)
Start importing Assets/Settings/PC_Renderer.asset using Guid(f288ae1f4751b564a96ac7587541f7a2) Importer(815301076,1909f56bfc062723c751e8b465ee728b) (PreviewImporter) -> (artifact id: '7581d856379442f2ec6ca24954654ee5') in 0.0011963 seconds
Number of updated asset objects reloaded before import = 0Number of asset objects unloaded after import = 0

========================================================================
Received Prepare
Refreshing native plugins compatible for Editor in 0.70 ms, found 3 plugins.
Preloading 0 native plugins for Editor in 0.00 ms.
Unloading 16 Unused Serialized files (Serialized files now loaded: 0)
Unloading 6605 unused Assets / (4.5 MB). Loaded Objects now: 7401.
Memory consumption went from 157.9 MB to 153.4 MB.
Total: 8.101200 ms (FindLiveObjects: 0.513000 ms CreateObjectMapping: 0.350400 ms MarkObjects: 5.447300 ms  DeleteObjects: 1.789400 ms)

Prepare: number of updated asset objects reloaded= 0
========================================================================
Received Import Request.
  Time since last request: 338.156478 seconds.
  path: Assets/Scripts/VoxelGridVisualizer.cs
  artifactKey: Guid(88116b90b5b52184b9de0a0a777bd301) Importer(815301076,1909f56bfc062723c751e8b465ee728b)
Start importing Assets/Scripts/VoxelGridVisualizer.cs using Guid(88116b90b5b52184b9de0a0a777bd301) Importer(815301076,1909f56bfc062723c751e8b465ee728b) (PreviewImporter) -> (artifact id: '35b3844de75d26a5856e8312978c3d57') in 0.0007545 seconds
Number of updated asset objects reloaded before import = 0Number of asset objects unloaded after import = 0

========================================================================
Received Prepare
Begin MonoManager ReloadAssembly
- Loaded All Assemblies, in  0.578 seconds
Refreshing native plugins compatible for Editor in 0.57 ms, found 3 plugins.
Native extension for WindowsStandalone target not found
Native extension for WebGL target not found
Mono: successfully reloaded assembly
- Finished resetting the current domain, in  0.877 seconds
Domain Reload Profiling: 1457ms
	BeginReloadAssembly (159ms)
		ExecutionOrderSort (0ms)
		DisableScriptedObjects (5ms)
		BackupInstance (0ms)
		ReleaseScriptingObjects (0ms)
		CreateAndSetChildDomain (35ms)
	RebuildCommonClasses (27ms)
	RebuildNativeTypeToScriptingClass (9ms)
	initialDomainReloadingComplete (23ms)
	LoadAllAssembliesAndSetupDomain (360ms)
		LoadAssemblies (268ms)
		RebuildTransferFunctionScriptingTraits (0ms)
		AnalyzeDomain (163ms)
			TypeCache.Refresh (9ms)
				TypeCache.ScanAssembly (0ms)
			BuildScriptInfoCaches (142ms)
			ResolveRequiredComponents (10ms)
	FinalizeReload (878ms)
		ReleaseScriptCaches (0ms)
		RebuildScriptCaches (0ms)
		SetupLoadedEditorAssemblies (706ms)
			LogAssemblyErrors (0ms)
			InitializePlatformSupportModulesInManaged (2ms)
			SetLoadedEditorAssemblies (4ms)
			BeforeProcessingInitializeOnLoad (110ms)
			ProcessInitializeOnLoadAttributes (441ms)
			ProcessInitializeOnLoadMethodAttributes (142ms)
			AfterProcessingInitializeOnLoad (7ms)
			EditorAssembliesLoaded (0ms)
		ExecutionOrderSort2 (1ms)
		AwakeInstancesAfterBackupRestoration (23ms)
Refreshing native plugins compatible for Editor in 2.14 ms, found 3 plugins.
Preloading 0 native plugins for Editor in 0.00 ms.
Unloading 16 Unused Serialized files (Serialized files now loaded: 0)
Unloading 6612 unused Assets / (5.4 MB). Loaded Objects now: 7403.
Memory consumption went from 157.7 MB to 152.3 MB.
Total: 14.360300 ms (FindLiveObjects: 1.420500 ms CreateObjectMapping: 1.648000 ms MarkObjects: 6.749400 ms  DeleteObjects: 4.540900 ms)

Prepare: number of updated asset objects reloaded= 0
========================================================================
Received Import Request.
  Time since last request: 7.311078 seconds.
  path: Assets/Scripts/VoxelGridVisualizer.cs
  artifactKey: Guid(88116b90b5b52184b9de0a0a777bd301) Importer(815301076,1909f56bfc062723c751e8b465ee728b)
Start importing Assets/Scripts/VoxelGridVisualizer.cs using Guid(88116b90b5b52184b9de0a0a777bd301) Importer(815301076,1909f56bfc062723c751e8b465ee728b) (PreviewImporter) -> (artifact id: '00000000000000000000000000000000') in 0.0026664 seconds
Import Error Code:(4)
Message: Build asset version error: assets/scripts/voxelgridvisualizer.cs in SourceAssetDB has modification time of '2025-07-20T04:52:55.2398498Z' while content on disk has modification time of '2025-07-20T04:52:58.9673498Z'
  ERROR: Build asset version error: assets/scripts/voxelgridvisualizer.cs in SourceAssetDB has modification time of '2025-07-20T04:52:55.2398498Z' while content on disk has modification time of '2025-07-20T04:52:58.9673498Z'
Number of updated asset objects reloaded before import = 0Number of asset objects unloaded after import = 0

========================================================================
Received Import Request.
  Time since last request: 0.000021 seconds.
  path: Assets/Scripts/VoxelGridVisualizer.cs
  artifactKey: Guid(88116b90b5b52184b9de0a0a777bd301) Importer(815301076,1909f56bfc062723c751e8b465ee728b)
Start importing Assets/Scripts/VoxelGridVisualizer.cs using Guid(88116b90b5b52184b9de0a0a777bd301) Importer(815301076,1909f56bfc062723c751e8b465ee728b) (PreviewImporter) -> (artifact id: '00000000000000000000000000000000') in 0.0005657 seconds
Import Error Code:(4)
Message: Build asset version error: assets/scripts/voxelgridvisualizer.cs in SourceAssetDB has modification time of '2025-07-20T04:52:55.2398498Z' while content on disk has modification time of '2025-07-20T04:52:58.9673498Z'
  ERROR: Build asset version error: assets/scripts/voxelgridvisualizer.cs in SourceAssetDB has modification time of '2025-07-20T04:52:55.2398498Z' while content on disk has modification time of '2025-07-20T04:52:58.9673498Z'
Number of updated asset objects reloaded before import = 0Number of asset objects unloaded after import = 0

========================================================================
Received Import Request.
  Time since last request: 0.000027 seconds.
  path: Assets/Scripts/VoxelGridVisualizer.cs
  artifactKey: Guid(88116b90b5b52184b9de0a0a777bd301) Importer(815301076,1909f56bfc062723c751e8b465ee728b)
Start importing Assets/Scripts/VoxelGridVisualizer.cs using Guid(88116b90b5b52184b9de0a0a777bd301) Importer(815301076,1909f56bfc062723c751e8b465ee728b) (PreviewImporter) -> (artifact id: '00000000000000000000000000000000') in 0.0005127 seconds
Import Error Code:(4)
Message: Build asset version error: assets/scripts/voxelgridvisualizer.cs in SourceAssetDB has modification time of '2025-07-20T04:52:55.2398498Z' while content on disk has modification time of '2025-07-20T04:52:58.9673498Z'
  ERROR: Build asset version error: assets/scripts/voxelgridvisualizer.cs in SourceAssetDB has modification time of '2025-07-20T04:52:55.2398498Z' while content on disk has modification time of '2025-07-20T04:52:58.9673498Z'
Number of updated asset objects reloaded before import = 0Number of asset objects unloaded after import = 0

========================================================================
Received Import Request.
  Time since last request: 0.000026 seconds.
  path: Assets/Scripts/VoxelGridVisualizer.cs
  artifactKey: Guid(88116b90b5b52184b9de0a0a777bd301) Importer(815301076,1909f56bfc062723c751e8b465ee728b)
Start importing Assets/Scripts/VoxelGridVisualizer.cs using Guid(88116b90b5b52184b9de0a0a777bd301) Importer(815301076,1909f56bfc062723c751e8b465ee728b) (PreviewImporter) -> (artifact id: '00000000000000000000000000000000') in 0.0011164 seconds
Import Error Code:(4)
Message: Build asset version error: assets/scripts/voxelgridvisualizer.cs in SourceAssetDB has modification time of '2025-07-20T04:52:55.2398498Z' while content on disk has modification time of '2025-07-20T04:52:58.9673498Z'
  ERROR: Build asset version error: assets/scripts/voxelgridvisualizer.cs in SourceAssetDB has modification time of '2025-07-20T04:52:55.2398498Z' while content on disk has modification time of '2025-07-20T04:52:58.9673498Z'
Number of updated asset objects reloaded before import = 0Number of asset objects unloaded after import = 0

========================================================================
Received Import Request.
  Time since last request: 0.000051 seconds.
  path: Assets/Scripts/VoxelGridVisualizer.cs
  artifactKey: Guid(88116b90b5b52184b9de0a0a777bd301) Importer(815301076,1909f56bfc062723c751e8b465ee728b)
Start importing Assets/Scripts/VoxelGridVisualizer.cs using Guid(88116b90b5b52184b9de0a0a777bd301) Importer(815301076,1909f56bfc062723c751e8b465ee728b) (PreviewImporter) -> (artifact id: '00000000000000000000000000000000') in 0.000524 seconds
Import Error Code:(4)
Message: Build asset version error: assets/scripts/voxelgridvisualizer.cs in SourceAssetDB has modification time of '2025-07-20T04:52:55.2398498Z' while content on disk has modification time of '2025-07-20T04:52:58.9673498Z'
  ERROR: Build asset version error: assets/scripts/voxelgridvisualizer.cs in SourceAssetDB has modification time of '2025-07-20T04:52:55.2398498Z' while content on disk has modification time of '2025-07-20T04:52:58.9673498Z'
Number of updated asset objects reloaded before import = 0Number of asset objects unloaded after import = 0

========================================================================
Received Import Request.
  Time since last request: 0.000015 seconds.
  path: Assets/Scripts/VoxelGridVisualizer.cs
  artifactKey: Guid(88116b90b5b52184b9de0a0a777bd301) Importer(815301076,1909f56bfc062723c751e8b465ee728b)
Start importing Assets/Scripts/VoxelGridVisualizer.cs using Guid(88116b90b5b52184b9de0a0a777bd301) Importer(815301076,1909f56bfc062723c751e8b465ee728b) (PreviewImporter) -> (artifact id: '00000000000000000000000000000000') in 0.0005358 seconds
Import Error Code:(4)
Message: Build asset version error: assets/scripts/voxelgridvisualizer.cs in SourceAssetDB has modification time of '2025-07-20T04:52:55.2398498Z' while content on disk has modification time of '2025-07-20T04:52:58.9673498Z'
  ERROR: Build asset version error: assets/scripts/voxelgridvisualizer.cs in SourceAssetDB has modification time of '2025-07-20T04:52:55.2398498Z' while content on disk has modification time of '2025-07-20T04:52:58.9673498Z'
Number of updated asset objects reloaded before import = 0Number of asset objects unloaded after import = 0

========================================================================
Received Import Request.
  Time since last request: 0.000032 seconds.
  path: Assets/Scripts/VoxelGridVisualizer.cs
  artifactKey: Guid(88116b90b5b52184b9de0a0a777bd301) Importer(815301076,1909f56bfc062723c751e8b465ee728b)
Start importing Assets/Scripts/VoxelGridVisualizer.cs using Guid(88116b90b5b52184b9de0a0a777bd301) Importer(815301076,1909f56bfc062723c751e8b465ee728b) (PreviewImporter) -> (artifact id: '00000000000000000000000000000000') in 0.000596 seconds
Import Error Code:(4)
Message: Build asset version error: assets/scripts/voxelgridvisualizer.cs in SourceAssetDB has modification time of '2025-07-20T04:52:55.2398498Z' while content on disk has modification time of '2025-07-20T04:52:58.9673498Z'
  ERROR: Build asset version error: assets/scripts/voxelgridvisualizer.cs in SourceAssetDB has modification time of '2025-07-20T04:52:55.2398498Z' while content on disk has modification time of '2025-07-20T04:52:58.9673498Z'
Number of updated asset objects reloaded before import = 0Number of asset objects unloaded after import = 0

========================================================================
Received Import Request.
  Time since last request: 0.000014 seconds.
  path: Assets/Scripts/VoxelGridVisualizer.cs
  artifactKey: Guid(88116b90b5b52184b9de0a0a777bd301) Importer(815301076,1909f56bfc062723c751e8b465ee728b)
Start importing Assets/Scripts/VoxelGridVisualizer.cs using Guid(88116b90b5b52184b9de0a0a777bd301) Importer(815301076,1909f56bfc062723c751e8b465ee728b) (PreviewImporter) -> (artifact id: '00000000000000000000000000000000') in 0.0008217 seconds
Import Error Code:(4)
Message: Build asset version error: assets/scripts/voxelgridvisualizer.cs in SourceAssetDB has modification time of '2025-07-20T04:52:55.2398498Z' while content on disk has modification time of '2025-07-20T04:52:58.9673498Z'
  ERROR: Build asset version error: assets/scripts/voxelgridvisualizer.cs in SourceAssetDB has modification time of '2025-07-20T04:52:55.2398498Z' while content on disk has modification time of '2025-07-20T04:52:58.9673498Z'
Number of updated asset objects reloaded before import = 0Number of asset objects unloaded after import = 0

========================================================================
Received Import Request.
  Time since last request: 0.000018 seconds.
  path: Assets/Scripts/VoxelGridVisualizer.cs
  artifactKey: Guid(88116b90b5b52184b9de0a0a777bd301) Importer(815301076,1909f56bfc062723c751e8b465ee728b)
Start importing Assets/Scripts/VoxelGridVisualizer.cs using Guid(88116b90b5b52184b9de0a0a777bd301) Importer(815301076,1909f56bfc062723c751e8b465ee728b) (PreviewImporter) -> (artifact id: '00000000000000000000000000000000') in 0.0007506 seconds
Import Error Code:(4)
Message: Build asset version error: assets/scripts/voxelgridvisualizer.cs in SourceAssetDB has modification time of '2025-07-20T04:52:55.2398498Z' while content on disk has modification time of '2025-07-20T04:52:58.9673498Z'
  ERROR: Build asset version error: assets/scripts/voxelgridvisualizer.cs in SourceAssetDB has modification time of '2025-07-20T04:52:55.2398498Z' while content on disk has modification time of '2025-07-20T04:52:58.9673498Z'
Number of updated asset objects reloaded before import = 0Number of asset objects unloaded after import = 0

========================================================================
Received Import Request.
  Time since last request: 0.000018 seconds.
  path: Assets/Scripts/VoxelGridVisualizer.cs
  artifactKey: Guid(88116b90b5b52184b9de0a0a777bd301) Importer(815301076,1909f56bfc062723c751e8b465ee728b)
Start importing Assets/Scripts/VoxelGridVisualizer.cs using Guid(88116b90b5b52184b9de0a0a777bd301) Importer(815301076,1909f56bfc062723c751e8b465ee728b) (PreviewImporter) -> (artifact id: '00000000000000000000000000000000') in 0.000394 seconds
Import Error Code:(4)
Message: Build asset version error: assets/scripts/voxelgridvisualizer.cs in SourceAssetDB has modification time of '2025-07-20T04:52:55.2398498Z' while content on disk has modification time of '2025-07-20T04:52:58.9673498Z'
  ERROR: Build asset version error: assets/scripts/voxelgridvisualizer.cs in SourceAssetDB has modification time of '2025-07-20T04:52:55.2398498Z' while content on disk has modification time of '2025-07-20T04:52:58.9673498Z'
Number of updated asset objects reloaded before import = 0Number of asset objects unloaded after import = 0

========================================================================
Received Import Request.
  Time since last request: 0.000028 seconds.
  path: Assets/Scripts/VoxelGridVisualizer.cs
  artifactKey: Guid(88116b90b5b52184b9de0a0a777bd301) Importer(815301076,1909f56bfc062723c751e8b465ee728b)
Start importing Assets/Scripts/VoxelGridVisualizer.cs using Guid(88116b90b5b52184b9de0a0a777bd301) Importer(815301076,1909f56bfc062723c751e8b465ee728b) (PreviewImporter) -> (artifact id: '00000000000000000000000000000000') in 0.0005176 seconds
Import Error Code:(4)
Message: Build asset version error: assets/scripts/voxelgridvisualizer.cs in SourceAssetDB has modification time of '2025-07-20T04:52:55.2398498Z' while content on disk has modification time of '2025-07-20T04:52:58.9673498Z'
  ERROR: Build asset version error: assets/scripts/voxelgridvisualizer.cs in SourceAssetDB has modification time of '2025-07-20T04:52:55.2398498Z' while content on disk has modification time of '2025-07-20T04:52:58.9673498Z'
Number of updated asset objects reloaded before import = 0Number of asset objects unloaded after import = 0

========================================================================
Received Import Request.
  Time since last request: 0.000015 seconds.
  path: Assets/Scripts/VoxelGridVisualizer.cs
  artifactKey: Guid(88116b90b5b52184b9de0a0a777bd301) Importer(815301076,1909f56bfc062723c751e8b465ee728b)
Start importing Assets/Scripts/VoxelGridVisualizer.cs using Guid(88116b90b5b52184b9de0a0a777bd301) Importer(815301076,1909f56bfc062723c751e8b465ee728b) (PreviewImporter) -> (artifact id: '00000000000000000000000000000000') in 0.0005263 seconds
Import Error Code:(4)
Message: Build asset version error: assets/scripts/voxelgridvisualizer.cs in SourceAssetDB has modification time of '2025-07-20T04:52:55.2398498Z' while content on disk has modification time of '2025-07-20T04:52:58.9673498Z'
  ERROR: Build asset version error: assets/scripts/voxelgridvisualizer.cs in SourceAssetDB has modification time of '2025-07-20T04:52:55.2398498Z' while content on disk has modification time of '2025-07-20T04:52:58.9673498Z'
Number of updated asset objects reloaded before import = 0Number of asset objects unloaded after import = 0

========================================================================
Received Import Request.
  Time since last request: 0.000014 seconds.
  path: Assets/Scripts/VoxelGridVisualizer.cs
  artifactKey: Guid(88116b90b5b52184b9de0a0a777bd301) Importer(815301076,1909f56bfc062723c751e8b465ee728b)
Start importing Assets/Scripts/VoxelGridVisualizer.cs using Guid(88116b90b5b52184b9de0a0a777bd301) Importer(815301076,1909f56bfc062723c751e8b465ee728b) (PreviewImporter) -> (artifact id: '00000000000000000000000000000000') in 0.0005474 seconds
Import Error Code:(4)
Message: Build asset version error: assets/scripts/voxelgridvisualizer.cs in SourceAssetDB has modification time of '2025-07-20T04:52:55.2398498Z' while content on disk has modification time of '2025-07-20T04:52:58.9673498Z'
  ERROR: Build asset version error: assets/scripts/voxelgridvisualizer.cs in SourceAssetDB has modification time of '2025-07-20T04:52:55.2398498Z' while content on disk has modification time of '2025-07-20T04:52:58.9673498Z'
Number of updated asset objects reloaded before import = 0Number of asset objects unloaded after import = 0

========================================================================
Received Import Request.
  Time since last request: 0.000030 seconds.
  path: Assets/Scripts/VoxelGridVisualizer.cs
  artifactKey: Guid(88116b90b5b52184b9de0a0a777bd301) Importer(815301076,1909f56bfc062723c751e8b465ee728b)
Start importing Assets/Scripts/VoxelGridVisualizer.cs using Guid(88116b90b5b52184b9de0a0a777bd301) Importer(815301076,1909f56bfc062723c751e8b465ee728b) (PreviewImporter) -> (artifact id: '00000000000000000000000000000000') in 0.0007917 seconds
Import Error Code:(4)
Message: Build asset version error: assets/scripts/voxelgridvisualizer.cs in SourceAssetDB has modification time of '2025-07-20T04:52:55.2398498Z' while content on disk has modification time of '2025-07-20T04:52:58.9673498Z'
  ERROR: Build asset version error: assets/scripts/voxelgridvisualizer.cs in SourceAssetDB has modification time of '2025-07-20T04:52:55.2398498Z' while content on disk has modification time of '2025-07-20T04:52:58.9673498Z'
Number of updated asset objects reloaded before import = 0Number of asset objects unloaded after import = 0

========================================================================
Received Import Request.
  Time since last request: 0.000031 seconds.
  path: Assets/Scripts/VoxelGridVisualizer.cs
  artifactKey: Guid(88116b90b5b52184b9de0a0a777bd301) Importer(815301076,1909f56bfc062723c751e8b465ee728b)
Start importing Assets/Scripts/VoxelGridVisualizer.cs using Guid(88116b90b5b52184b9de0a0a777bd301) Importer(815301076,1909f56bfc062723c751e8b465ee728b) (PreviewImporter) -> (artifact id: '00000000000000000000000000000000') in 0.0009747 seconds
Import Error Code:(4)
Message: Build asset version error: assets/scripts/voxelgridvisualizer.cs in SourceAssetDB has modification time of '2025-07-20T04:52:55.2398498Z' while content on disk has modification time of '2025-07-20T04:52:58.9673498Z'
  ERROR: Build asset version error: assets/scripts/voxelgridvisualizer.cs in SourceAssetDB has modification time of '2025-07-20T04:52:55.2398498Z' while content on disk has modification time of '2025-07-20T04:52:58.9673498Z'
Number of updated asset objects reloaded before import = 0Number of asset objects unloaded after import = 0

========================================================================
Received Import Request.
  Time since last request: 0.000027 seconds.
  path: Assets/Scripts/VoxelGridVisualizer.cs
  artifactKey: Guid(88116b90b5b52184b9de0a0a777bd301) Importer(815301076,1909f56bfc062723c751e8b465ee728b)
Start importing Assets/Scripts/VoxelGridVisualizer.cs using Guid(88116b90b5b52184b9de0a0a777bd301) Importer(815301076,1909f56bfc062723c751e8b465ee728b) (PreviewImporter) -> (artifact id: '00000000000000000000000000000000') in 0.0015407 seconds
Import Error Code:(4)
Message: Build asset version error: assets/scripts/voxelgridvisualizer.cs in SourceAssetDB has modification time of '2025-07-20T04:52:55.2398498Z' while content on disk has modification time of '2025-07-20T04:52:58.9673498Z'
  ERROR: Build asset version error: assets/scripts/voxelgridvisualizer.cs in SourceAssetDB has modification time of '2025-07-20T04:52:55.2398498Z' while content on disk has modification time of '2025-07-20T04:52:58.9673498Z'
Number of updated asset objects reloaded before import = 0Number of asset objects unloaded after import = 0

========================================================================
Received Import Request.
  Time since last request: 0.000014 seconds.
  path: Assets/Scripts/VoxelGridVisualizer.cs
  artifactKey: Guid(88116b90b5b52184b9de0a0a777bd301) Importer(815301076,1909f56bfc062723c751e8b465ee728b)
Start importing Assets/Scripts/VoxelGridVisualizer.cs using Guid(88116b90b5b52184b9de0a0a777bd301) Importer(815301076,1909f56bfc062723c751e8b465ee728b) (PreviewImporter) -> (artifact id: '00000000000000000000000000000000') in 0.0007491 seconds
Import Error Code:(4)
Message: Build asset version error: assets/scripts/voxelgridvisualizer.cs in SourceAssetDB has modification time of '2025-07-20T04:52:55.2398498Z' while content on disk has modification time of '2025-07-20T04:52:58.9673498Z'
  ERROR: Build asset version error: assets/scripts/voxelgridvisualizer.cs in SourceAssetDB has modification time of '2025-07-20T04:52:55.2398498Z' while content on disk has modification time of '2025-07-20T04:52:58.9673498Z'
Number of updated asset objects reloaded before import = 0Number of asset objects unloaded after import = 0

========================================================================
Received Import Request.
  Time since last request: 0.000012 seconds.
  path: Assets/Scripts/VoxelGridVisualizer.cs
  artifactKey: Guid(88116b90b5b52184b9de0a0a777bd301) Importer(815301076,1909f56bfc062723c751e8b465ee728b)
Start importing Assets/Scripts/VoxelGridVisualizer.cs using Guid(88116b90b5b52184b9de0a0a777bd301) Importer(815301076,1909f56bfc062723c751e8b465ee728b) (PreviewImporter) -> (artifact id: '00000000000000000000000000000000') in 0.0008449 seconds
Import Error Code:(4)
Message: Build asset version error: assets/scripts/voxelgridvisualizer.cs in SourceAssetDB has modification time of '2025-07-20T04:52:55.2398498Z' while content on disk has modification time of '2025-07-20T04:52:58.9673498Z'
  ERROR: Build asset version error: assets/scripts/voxelgridvisualizer.cs in SourceAssetDB has modification time of '2025-07-20T04:52:55.2398498Z' while content on disk has modification time of '2025-07-20T04:52:58.9673498Z'
Number of updated asset objects reloaded before import = 0Number of asset objects unloaded after import = 0

========================================================================
Received Import Request.
  Time since last request: 0.000026 seconds.
  path: Assets/Scripts/VoxelGridVisualizer.cs
  artifactKey: Guid(88116b90b5b52184b9de0a0a777bd301) Importer(815301076,1909f56bfc062723c751e8b465ee728b)
Start importing Assets/Scripts/VoxelGridVisualizer.cs using Guid(88116b90b5b52184b9de0a0a777bd301) Importer(815301076,1909f56bfc062723c751e8b465ee728b) (PreviewImporter) -> (artifact id: '00000000000000000000000000000000') in 0.0012687 seconds
Import Error Code:(4)
Message: Build asset version error: assets/scripts/voxelgridvisualizer.cs in SourceAssetDB has modification time of '2025-07-20T04:52:55.2398498Z' while content on disk has modification time of '2025-07-20T04:52:58.9673498Z'
  ERROR: Build asset version error: assets/scripts/voxelgridvisualizer.cs in SourceAssetDB has modification time of '2025-07-20T04:52:55.2398498Z' while content on disk has modification time of '2025-07-20T04:52:58.9673498Z'
Number of updated asset objects reloaded before import = 0Number of asset objects unloaded after import = 0

========================================================================
Received Import Request.
  Time since last request: 0.000075 seconds.
  path: Assets/Scripts/VoxelGridVisualizer.cs
  artifactKey: Guid(88116b90b5b52184b9de0a0a777bd301) Importer(815301076,1909f56bfc062723c751e8b465ee728b)
Start importing Assets/Scripts/VoxelGridVisualizer.cs using Guid(88116b90b5b52184b9de0a0a777bd301) Importer(815301076,1909f56bfc062723c751e8b465ee728b) (PreviewImporter) -> (artifact id: '00000000000000000000000000000000') in 0.0013286 seconds
Import Error Code:(4)
Message: Build asset version error: assets/scripts/voxelgridvisualizer.cs in SourceAssetDB has modification time of '2025-07-20T04:52:55.2398498Z' while content on disk has modification time of '2025-07-20T04:52:58.9673498Z'
  ERROR: Build asset version error: assets/scripts/voxelgridvisualizer.cs in SourceAssetDB has modification time of '2025-07-20T04:52:55.2398498Z' while content on disk has modification time of '2025-07-20T04:52:58.9673498Z'
Number of updated asset objects reloaded before import = 0Number of asset objects unloaded after import = 0

========================================================================
Received Import Request.
  Time since last request: 0.000017 seconds.
  path: Assets/Scripts/VoxelGridVisualizer.cs
  artifactKey: Guid(88116b90b5b52184b9de0a0a777bd301) Importer(815301076,1909f56bfc062723c751e8b465ee728b)
Start importing Assets/Scripts/VoxelGridVisualizer.cs using Guid(88116b90b5b52184b9de0a0a777bd301) Importer(815301076,1909f56bfc062723c751e8b465ee728b) (PreviewImporter) -> (artifact id: '00000000000000000000000000000000') in 0.0008305 seconds
Import Error Code:(4)
Message: Build asset version error: assets/scripts/voxelgridvisualizer.cs in SourceAssetDB has modification time of '2025-07-20T04:52:55.2398498Z' while content on disk has modification time of '2025-07-20T04:52:58.9673498Z'
  ERROR: Build asset version error: assets/scripts/voxelgridvisualizer.cs in SourceAssetDB has modification time of '2025-07-20T04:52:55.2398498Z' while content on disk has modification time of '2025-07-20T04:52:58.9673498Z'
Number of updated asset objects reloaded before import = 0Number of asset objects unloaded after import = 0

========================================================================
Received Import Request.
  Time since last request: 0.000016 seconds.
  path: Assets/Scripts/VoxelGridVisualizer.cs
  artifactKey: Guid(88116b90b5b52184b9de0a0a777bd301) Importer(815301076,1909f56bfc062723c751e8b465ee728b)
Start importing Assets/Scripts/VoxelGridVisualizer.cs using Guid(88116b90b5b52184b9de0a0a777bd301) Importer(815301076,1909f56bfc062723c751e8b465ee728b) (PreviewImporter) -> (artifact id: '00000000000000000000000000000000') in 0.0006157 seconds
Import Error Code:(4)
Message: Build asset version error: assets/scripts/voxelgridvisualizer.cs in SourceAssetDB has modification time of '2025-07-20T04:52:55.2398498Z' while content on disk has modification time of '2025-07-20T04:52:58.9673498Z'
  ERROR: Build asset version error: assets/scripts/voxelgridvisualizer.cs in SourceAssetDB has modification time of '2025-07-20T04:52:55.2398498Z' while content on disk has modification time of '2025-07-20T04:52:58.9673498Z'
Number of updated asset objects reloaded before import = 0Number of asset objects unloaded after import = 0

========================================================================
Received Import Request.
  Time since last request: 0.000026 seconds.
  path: Assets/Scripts/VoxelGridVisualizer.cs
  artifactKey: Guid(88116b90b5b52184b9de0a0a777bd301) Importer(815301076,1909f56bfc062723c751e8b465ee728b)
Start importing Assets/Scripts/VoxelGridVisualizer.cs using Guid(88116b90b5b52184b9de0a0a777bd301) Importer(815301076,1909f56bfc062723c751e8b465ee728b) (PreviewImporter) -> (artifact id: '00000000000000000000000000000000') in 0.0006333 seconds
Import Error Code:(4)
Message: Build asset version error: assets/scripts/voxelgridvisualizer.cs in SourceAssetDB has modification time of '2025-07-20T04:52:55.2398498Z' while content on disk has modification time of '2025-07-20T04:52:58.9673498Z'
  ERROR: Build asset version error: assets/scripts/voxelgridvisualizer.cs in SourceAssetDB has modification time of '2025-07-20T04:52:55.2398498Z' while content on disk has modification time of '2025-07-20T04:52:58.9673498Z'
Number of updated asset objects reloaded before import = 0Number of asset objects unloaded after import = 0

========================================================================
Received Import Request.
  Time since last request: 0.000025 seconds.
  path: Assets/Scripts/VoxelGridVisualizer.cs
  artifactKey: Guid(88116b90b5b52184b9de0a0a777bd301) Importer(815301076,1909f56bfc062723c751e8b465ee728b)
Start importing Assets/Scripts/VoxelGridVisualizer.cs using Guid(88116b90b5b52184b9de0a0a777bd301) Importer(815301076,1909f56bfc062723c751e8b465ee728b) (PreviewImporter) -> (artifact id: '00000000000000000000000000000000') in 0.0006935 seconds
Import Error Code:(4)
Message: Build asset version error: assets/scripts/voxelgridvisualizer.cs in SourceAssetDB has modification time of '2025-07-20T04:52:55.2398498Z' while content on disk has modification time of '2025-07-20T04:52:58.9673498Z'
  ERROR: Build asset version error: assets/scripts/voxelgridvisualizer.cs in SourceAssetDB has modification time of '2025-07-20T04:52:55.2398498Z' while content on disk has modification time of '2025-07-20T04:52:58.9673498Z'
Number of updated asset objects reloaded before import = 0Number of asset objects unloaded after import = 0

========================================================================
Received Import Request.
  Time since last request: 0.000017 seconds.
  path: Assets/Scripts/VoxelGridVisualizer.cs
  artifactKey: Guid(88116b90b5b52184b9de0a0a777bd301) Importer(815301076,1909f56bfc062723c751e8b465ee728b)
Start importing Assets/Scripts/VoxelGridVisualizer.cs using Guid(88116b90b5b52184b9de0a0a777bd301) Importer(815301076,1909f56bfc062723c751e8b465ee728b) (PreviewImporter) -> (artifact id: '00000000000000000000000000000000') in 0.0012097 seconds
Import Error Code:(4)
Message: Build asset version error: assets/scripts/voxelgridvisualizer.cs in SourceAssetDB has modification time of '2025-07-20T04:52:55.2398498Z' while content on disk has modification time of '2025-07-20T04:52:58.9673498Z'
  ERROR: Build asset version error: assets/scripts/voxelgridvisualizer.cs in SourceAssetDB has modification time of '2025-07-20T04:52:55.2398498Z' while content on disk has modification time of '2025-07-20T04:52:58.9673498Z'
Number of updated asset objects reloaded before import = 0Number of asset objects unloaded after import = 0

========================================================================
Received Import Request.
  Time since last request: 0.000014 seconds.
  path: Assets/Scripts/VoxelGridVisualizer.cs
  artifactKey: Guid(88116b90b5b52184b9de0a0a777bd301) Importer(815301076,1909f56bfc062723c751e8b465ee728b)
Start importing Assets/Scripts/VoxelGridVisualizer.cs using Guid(88116b90b5b52184b9de0a0a777bd301) Importer(815301076,1909f56bfc062723c751e8b465ee728b) (PreviewImporter) -> (artifact id: '00000000000000000000000000000000') in 0.0006078 seconds
Import Error Code:(4)
Message: Build asset version error: assets/scripts/voxelgridvisualizer.cs in SourceAssetDB has modification time of '2025-07-20T04:52:55.2398498Z' while content on disk has modification time of '2025-07-20T04:52:58.9673498Z'
  ERROR: Build asset version error: assets/scripts/voxelgridvisualizer.cs in SourceAssetDB has modification time of '2025-07-20T04:52:55.2398498Z' while content on disk has modification time of '2025-07-20T04:52:58.9673498Z'
Number of updated asset objects reloaded before import = 0Number of asset objects unloaded after import = 0

========================================================================
Received Import Request.
  Time since last request: 0.000017 seconds.
  path: Assets/Scripts/VoxelGridVisualizer.cs
  artifactKey: Guid(88116b90b5b52184b9de0a0a777bd301) Importer(815301076,1909f56bfc062723c751e8b465ee728b)
Start importing Assets/Scripts/VoxelGridVisualizer.cs using Guid(88116b90b5b52184b9de0a0a777bd301) Importer(815301076,1909f56bfc062723c751e8b465ee728b) (PreviewImporter) -> (artifact id: '00000000000000000000000000000000') in 0.0007333 seconds
Import Error Code:(4)
Message: Build asset version error: assets/scripts/voxelgridvisualizer.cs in SourceAssetDB has modification time of '2025-07-20T04:52:55.2398498Z' while content on disk has modification time of '2025-07-20T04:52:58.9673498Z'
  ERROR: Build asset version error: assets/scripts/voxelgridvisualizer.cs in SourceAssetDB has modification time of '2025-07-20T04:52:55.2398498Z' while content on disk has modification time of '2025-07-20T04:52:58.9673498Z'
Number of updated asset objects reloaded before import = 0Number of asset objects unloaded after import = 0

========================================================================
Received Import Request.
  Time since last request: 0.000025 seconds.
  path: Assets/Scripts/VoxelGridVisualizer.cs
  artifactKey: Guid(88116b90b5b52184b9de0a0a777bd301) Importer(815301076,1909f56bfc062723c751e8b465ee728b)
Start importing Assets/Scripts/VoxelGridVisualizer.cs using Guid(88116b90b5b52184b9de0a0a777bd301) Importer(815301076,1909f56bfc062723c751e8b465ee728b) (PreviewImporter) -> (artifact id: '00000000000000000000000000000000') in 0.0005469 seconds
Import Error Code:(4)
Message: Build asset version error: assets/scripts/voxelgridvisualizer.cs in SourceAssetDB has modification time of '2025-07-20T04:52:55.2398498Z' while content on disk has modification time of '2025-07-20T04:52:58.9673498Z'
  ERROR: Build asset version error: assets/scripts/voxelgridvisualizer.cs in SourceAssetDB has modification time of '2025-07-20T04:52:55.2398498Z' while content on disk has modification time of '2025-07-20T04:52:58.9673498Z'
Number of updated asset objects reloaded before import = 0Number of asset objects unloaded after import = 0

========================================================================
Received Import Request.
  Time since last request: 0.000015 seconds.
  path: Assets/Scripts/VoxelGridVisualizer.cs
  artifactKey: Guid(88116b90b5b52184b9de0a0a777bd301) Importer(815301076,1909f56bfc062723c751e8b465ee728b)
Start importing Assets/Scripts/VoxelGridVisualizer.cs using Guid(88116b90b5b52184b9de0a0a777bd301) Importer(815301076,1909f56bfc062723c751e8b465ee728b) (PreviewImporter) -> (artifact id: '00000000000000000000000000000000') in 0.0005205 seconds
Import Error Code:(4)
Message: Build asset version error: assets/scripts/voxelgridvisualizer.cs in SourceAssetDB has modification time of '2025-07-20T04:52:55.2398498Z' while content on disk has modification time of '2025-07-20T04:52:58.9673498Z'
  ERROR: Build asset version error: assets/scripts/voxelgridvisualizer.cs in SourceAssetDB has modification time of '2025-07-20T04:52:55.2398498Z' while content on disk has modification time of '2025-07-20T04:52:58.9673498Z'
Number of updated asset objects reloaded before import = 0Number of asset objects unloaded after import = 0

========================================================================
Received Import Request.
  Time since last request: 0.000016 seconds.
  path: Assets/Scripts/VoxelGridVisualizer.cs
  artifactKey: Guid(88116b90b5b52184b9de0a0a777bd301) Importer(815301076,1909f56bfc062723c751e8b465ee728b)
Start importing Assets/Scripts/VoxelGridVisualizer.cs using Guid(88116b90b5b52184b9de0a0a777bd301) Importer(815301076,1909f56bfc062723c751e8b465ee728b) (PreviewImporter) -> (artifact id: '00000000000000000000000000000000') in 0.0007039 seconds
Import Error Code:(4)
Message: Build asset version error: assets/scripts/voxelgridvisualizer.cs in SourceAssetDB has modification time of '2025-07-20T04:52:55.2398498Z' while content on disk has modification time of '2025-07-20T04:52:58.9673498Z'
  ERROR: Build asset version error: assets/scripts/voxelgridvisualizer.cs in SourceAssetDB has modification time of '2025-07-20T04:52:55.2398498Z' while content on disk has modification time of '2025-07-20T04:52:58.9673498Z'
Number of updated asset objects reloaded before import = 0Number of asset objects unloaded after import = 0

========================================================================
Received Import Request.
  Time since last request: 0.000027 seconds.
  path: Assets/Scripts/VoxelGridVisualizer.cs
  artifactKey: Guid(88116b90b5b52184b9de0a0a777bd301) Importer(815301076,1909f56bfc062723c751e8b465ee728b)
Start importing Assets/Scripts/VoxelGridVisualizer.cs using Guid(88116b90b5b52184b9de0a0a777bd301) Importer(815301076,1909f56bfc062723c751e8b465ee728b) (PreviewImporter) -> (artifact id: '00000000000000000000000000000000') in 0.0007354 seconds
Import Error Code:(4)
Message: Build asset version error: assets/scripts/voxelgridvisualizer.cs in SourceAssetDB has modification time of '2025-07-20T04:52:55.2398498Z' while content on disk has modification time of '2025-07-20T04:52:58.9673498Z'
  ERROR: Build asset version error: assets/scripts/voxelgridvisualizer.cs in SourceAssetDB has modification time of '2025-07-20T04:52:55.2398498Z' while content on disk has modification time of '2025-07-20T04:52:58.9673498Z'
Number of updated asset objects reloaded before import = 0Number of asset objects unloaded after import = 0

========================================================================
Received Import Request.
  Time since last request: 0.000017 seconds.
  path: Assets/Scripts/VoxelGridVisualizer.cs
  artifactKey: Guid(88116b90b5b52184b9de0a0a777bd301) Importer(815301076,1909f56bfc062723c751e8b465ee728b)
Start importing Assets/Scripts/VoxelGridVisualizer.cs using Guid(88116b90b5b52184b9de0a0a777bd301) Importer(815301076,1909f56bfc062723c751e8b465ee728b) (PreviewImporter) -> (artifact id: '00000000000000000000000000000000') in 0.0006263 seconds
Import Error Code:(4)
Message: Build asset version error: assets/scripts/voxelgridvisualizer.cs in SourceAssetDB has modification time of '2025-07-20T04:52:55.2398498Z' while content on disk has modification time of '2025-07-20T04:52:58.9673498Z'
  ERROR: Build asset version error: assets/scripts/voxelgridvisualizer.cs in SourceAssetDB has modification time of '2025-07-20T04:52:55.2398498Z' while content on disk has modification time of '2025-07-20T04:52:58.9673498Z'
Number of updated asset objects reloaded before import = 0Number of asset objects unloaded after import = 0

========================================================================
Received Import Request.
  Time since last request: 0.000025 seconds.
  path: Assets/Scripts/VoxelGridVisualizer.cs
  artifactKey: Guid(88116b90b5b52184b9de0a0a777bd301) Importer(815301076,1909f56bfc062723c751e8b465ee728b)
Start importing Assets/Scripts/VoxelGridVisualizer.cs using Guid(88116b90b5b52184b9de0a0a777bd301) Importer(815301076,1909f56bfc062723c751e8b465ee728b) (PreviewImporter) -> (artifact id: '00000000000000000000000000000000') in 0.0005055 seconds
Import Error Code:(4)
Message: Build asset version error: assets/scripts/voxelgridvisualizer.cs in SourceAssetDB has modification time of '2025-07-20T04:52:55.2398498Z' while content on disk has modification time of '2025-07-20T04:52:58.9673498Z'
  ERROR: Build asset version error: assets/scripts/voxelgridvisualizer.cs in SourceAssetDB has modification time of '2025-07-20T04:52:55.2398498Z' while content on disk has modification time of '2025-07-20T04:52:58.9673498Z'
Number of updated asset objects reloaded before import = 0Number of asset objects unloaded after import = 0

========================================================================
Received Import Request.
  Time since last request: 0.000015 seconds.
  path: Assets/Scripts/VoxelGridVisualizer.cs
  artifactKey: Guid(88116b90b5b52184b9de0a0a777bd301) Importer(815301076,1909f56bfc062723c751e8b465ee728b)
Start importing Assets/Scripts/VoxelGridVisualizer.cs using Guid(88116b90b5b52184b9de0a0a777bd301) Importer(815301076,1909f56bfc062723c751e8b465ee728b) (PreviewImporter) -> (artifact id: '00000000000000000000000000000000') in 0.0009015 seconds
Import Error Code:(4)
Message: Build asset version error: assets/scripts/voxelgridvisualizer.cs in SourceAssetDB has modification time of '2025-07-20T04:52:55.2398498Z' while content on disk has modification time of '2025-07-20T04:52:58.9673498Z'
  ERROR: Build asset version error: assets/scripts/voxelgridvisualizer.cs in SourceAssetDB has modification time of '2025-07-20T04:52:55.2398498Z' while content on disk has modification time of '2025-07-20T04:52:58.9673498Z'
Number of updated asset objects reloaded before import = 0Number of asset objects unloaded after import = 0

========================================================================
Received Import Request.
  Time since last request: 0.000014 seconds.
  path: Assets/Scripts/VoxelGridVisualizer.cs
  artifactKey: Guid(88116b90b5b52184b9de0a0a777bd301) Importer(815301076,1909f56bfc062723c751e8b465ee728b)
Start importing Assets/Scripts/VoxelGridVisualizer.cs using Guid(88116b90b5b52184b9de0a0a777bd301) Importer(815301076,1909f56bfc062723c751e8b465ee728b) (PreviewImporter) -> (artifact id: '00000000000000000000000000000000') in 0.00105 seconds
Import Error Code:(4)
Message: Build asset version error: assets/scripts/voxelgridvisualizer.cs in SourceAssetDB has modification time of '2025-07-20T04:52:55.2398498Z' while content on disk has modification time of '2025-07-20T04:52:58.9673498Z'
  ERROR: Build asset version error: assets/scripts/voxelgridvisualizer.cs in SourceAssetDB has modification time of '2025-07-20T04:52:55.2398498Z' while content on disk has modification time of '2025-07-20T04:52:58.9673498Z'
Number of updated asset objects reloaded before import = 0Number of asset objects unloaded after import = 0

========================================================================
Received Import Request.
  Time since last request: 0.000016 seconds.
  path: Assets/Scripts/VoxelGridVisualizer.cs
  artifactKey: Guid(88116b90b5b52184b9de0a0a777bd301) Importer(815301076,1909f56bfc062723c751e8b465ee728b)
Start importing Assets/Scripts/VoxelGridVisualizer.cs using Guid(88116b90b5b52184b9de0a0a777bd301) Importer(815301076,1909f56bfc062723c751e8b465ee728b) (PreviewImporter) -> (artifact id: '00000000000000000000000000000000') in 0.0006726 seconds
Import Error Code:(4)
Message: Build asset version error: assets/scripts/voxelgridvisualizer.cs in SourceAssetDB has modification time of '2025-07-20T04:52:55.2398498Z' while content on disk has modification time of '2025-07-20T04:52:58.9673498Z'
  ERROR: Build asset version error: assets/scripts/voxelgridvisualizer.cs in SourceAssetDB has modification time of '2025-07-20T04:52:55.2398498Z' while content on disk has modification time of '2025-07-20T04:52:58.9673498Z'
Number of updated asset objects reloaded before import = 0Number of asset objects unloaded after import = 0

========================================================================
Received Import Request.
  Time since last request: 0.000018 seconds.
  path: Assets/Scripts/VoxelGridVisualizer.cs
  artifactKey: Guid(88116b90b5b52184b9de0a0a777bd301) Importer(815301076,1909f56bfc062723c751e8b465ee728b)
Start importing Assets/Scripts/VoxelGridVisualizer.cs using Guid(88116b90b5b52184b9de0a0a777bd301) Importer(815301076,1909f56bfc062723c751e8b465ee728b) (PreviewImporter) -> (artifact id: '00000000000000000000000000000000') in 0.0005175 seconds
Import Error Code:(4)
Message: Build asset version error: assets/scripts/voxelgridvisualizer.cs in SourceAssetDB has modification time of '2025-07-20T04:52:55.2398498Z' while content on disk has modification time of '2025-07-20T04:52:58.9673498Z'
  ERROR: Build asset version error: assets/scripts/voxelgridvisualizer.cs in SourceAssetDB has modification time of '2025-07-20T04:52:55.2398498Z' while content on disk has modification time of '2025-07-20T04:52:58.9673498Z'
Number of updated asset objects reloaded before import = 0Number of asset objects unloaded after import = 0

========================================================================
Received Import Request.
  Time since last request: 0.000024 seconds.
  path: Assets/Scripts/VoxelGridVisualizer.cs
  artifactKey: Guid(88116b90b5b52184b9de0a0a777bd301) Importer(815301076,1909f56bfc062723c751e8b465ee728b)
Start importing Assets/Scripts/VoxelGridVisualizer.cs using Guid(88116b90b5b52184b9de0a0a777bd301) Importer(815301076,1909f56bfc062723c751e8b465ee728b) (PreviewImporter) -> (artifact id: '00000000000000000000000000000000') in 0.0006433 seconds
Import Error Code:(4)
Message: Build asset version error: assets/scripts/voxelgridvisualizer.cs in SourceAssetDB has modification time of '2025-07-20T04:52:55.2398498Z' while content on disk has modification time of '2025-07-20T04:52:58.9673498Z'
  ERROR: Build asset version error: assets/scripts/voxelgridvisualizer.cs in SourceAssetDB has modification time of '2025-07-20T04:52:55.2398498Z' while content on disk has modification time of '2025-07-20T04:52:58.9673498Z'
Number of updated asset objects reloaded before import = 0Number of asset objects unloaded after import = 0

========================================================================
Received Import Request.
  Time since last request: 0.000018 seconds.
  path: Assets/Scripts/VoxelGridVisualizer.cs
  artifactKey: Guid(88116b90b5b52184b9de0a0a777bd301) Importer(815301076,1909f56bfc062723c751e8b465ee728b)
Start importing Assets/Scripts/VoxelGridVisualizer.cs using Guid(88116b90b5b52184b9de0a0a777bd301) Importer(815301076,1909f56bfc062723c751e8b465ee728b) (PreviewImporter) -> (artifact id: '00000000000000000000000000000000') in 0.0007543 seconds
Import Error Code:(4)
Message: Build asset version error: assets/scripts/voxelgridvisualizer.cs in SourceAssetDB has modification time of '2025-07-20T04:52:55.2398498Z' while content on disk has modification time of '2025-07-20T04:52:58.9673498Z'
  ERROR: Build asset version error: assets/scripts/voxelgridvisualizer.cs in SourceAssetDB has modification time of '2025-07-20T04:52:55.2398498Z' while content on disk has modification time of '2025-07-20T04:52:58.9673498Z'
Number of updated asset objects reloaded before import = 0Number of asset objects unloaded after import = 0

========================================================================
Received Import Request.
  Time since last request: 0.000027 seconds.
  path: Assets/Scripts/VoxelGridVisualizer.cs
  artifactKey: Guid(88116b90b5b52184b9de0a0a777bd301) Importer(815301076,1909f56bfc062723c751e8b465ee728b)
Start importing Assets/Scripts/VoxelGridVisualizer.cs using Guid(88116b90b5b52184b9de0a0a777bd301) Importer(815301076,1909f56bfc062723c751e8b465ee728b) (PreviewImporter) -> (artifact id: '00000000000000000000000000000000') in 0.0006567 seconds
Import Error Code:(4)
Message: Build asset version error: assets/scripts/voxelgridvisualizer.cs in SourceAssetDB has modification time of '2025-07-20T04:52:55.2398498Z' while content on disk has modification time of '2025-07-20T04:52:58.9673498Z'
  ERROR: Build asset version error: assets/scripts/voxelgridvisualizer.cs in SourceAssetDB has modification time of '2025-07-20T04:52:55.2398498Z' while content on disk has modification time of '2025-07-20T04:52:58.9673498Z'
Number of updated asset objects reloaded before import = 0Number of asset objects unloaded after import = 0

========================================================================
Received Import Request.
  Time since last request: 0.000022 seconds.
  path: Assets/Scripts/VoxelGridVisualizer.cs
  artifactKey: Guid(88116b90b5b52184b9de0a0a777bd301) Importer(815301076,1909f56bfc062723c751e8b465ee728b)
Start importing Assets/Scripts/VoxelGridVisualizer.cs using Guid(88116b90b5b52184b9de0a0a777bd301) Importer(815301076,1909f56bfc062723c751e8b465ee728b) (PreviewImporter) -> (artifact id: '00000000000000000000000000000000') in 0.0011761 seconds
Import Error Code:(4)
Message: Build asset version error: assets/scripts/voxelgridvisualizer.cs in SourceAssetDB has modification time of '2025-07-20T04:52:55.2398498Z' while content on disk has modification time of '2025-07-20T04:52:58.9673498Z'
  ERROR: Build asset version error: assets/scripts/voxelgridvisualizer.cs in SourceAssetDB has modification time of '2025-07-20T04:52:55.2398498Z' while content on disk has modification time of '2025-07-20T04:52:58.9673498Z'
Number of updated asset objects reloaded before import = 0Number of asset objects unloaded after import = 0

========================================================================
Received Import Request.
  Time since last request: 0.000017 seconds.
  path: Assets/Scripts/VoxelGridVisualizer.cs
  artifactKey: Guid(88116b90b5b52184b9de0a0a777bd301) Importer(815301076,1909f56bfc062723c751e8b465ee728b)
Start importing Assets/Scripts/VoxelGridVisualizer.cs using Guid(88116b90b5b52184b9de0a0a777bd301) Importer(815301076,1909f56bfc062723c751e8b465ee728b) (PreviewImporter) -> (artifact id: '00000000000000000000000000000000') in 0.0008382 seconds
Import Error Code:(4)
Message: Build asset version error: assets/scripts/voxelgridvisualizer.cs in SourceAssetDB has modification time of '2025-07-20T04:52:55.2398498Z' while content on disk has modification time of '2025-07-20T04:52:58.9673498Z'
  ERROR: Build asset version error: assets/scripts/voxelgridvisualizer.cs in SourceAssetDB has modification time of '2025-07-20T04:52:55.2398498Z' while content on disk has modification time of '2025-07-20T04:52:58.9673498Z'
Number of updated asset objects reloaded before import = 0Number of asset objects unloaded after import = 0

========================================================================
Received Import Request.
  Time since last request: 0.000024 seconds.
  path: Assets/Scripts/VoxelGridVisualizer.cs
  artifactKey: Guid(88116b90b5b52184b9de0a0a777bd301) Importer(815301076,1909f56bfc062723c751e8b465ee728b)
Start importing Assets/Scripts/VoxelGridVisualizer.cs using Guid(88116b90b5b52184b9de0a0a777bd301) Importer(815301076,1909f56bfc062723c751e8b465ee728b) (PreviewImporter) -> (artifact id: '00000000000000000000000000000000') in 0.0006067 seconds
Import Error Code:(4)
Message: Build asset version error: assets/scripts/voxelgridvisualizer.cs in SourceAssetDB has modification time of '2025-07-20T04:52:55.2398498Z' while content on disk has modification time of '2025-07-20T04:52:58.9673498Z'
  ERROR: Build asset version error: assets/scripts/voxelgridvisualizer.cs in SourceAssetDB has modification time of '2025-07-20T04:52:55.2398498Z' while content on disk has modification time of '2025-07-20T04:52:58.9673498Z'
Number of updated asset objects reloaded before import = 0Number of asset objects unloaded after import = 0

========================================================================
Received Import Request.
  Time since last request: 0.000022 seconds.
  path: Assets/Scripts/VoxelGridVisualizer.cs
  artifactKey: Guid(88116b90b5b52184b9de0a0a777bd301) Importer(815301076,1909f56bfc062723c751e8b465ee728b)
Start importing Assets/Scripts/VoxelGridVisualizer.cs using Guid(88116b90b5b52184b9de0a0a777bd301) Importer(815301076,1909f56bfc062723c751e8b465ee728b) (PreviewImporter) -> (artifact id: '00000000000000000000000000000000') in 0.0009626 seconds
Import Error Code:(4)
Message: Build asset version error: assets/scripts/voxelgridvisualizer.cs in SourceAssetDB has modification time of '2025-07-20T04:52:55.2398498Z' while content on disk has modification time of '2025-07-20T04:52:58.9673498Z'
  ERROR: Build asset version error: assets/scripts/voxelgridvisualizer.cs in SourceAssetDB has modification time of '2025-07-20T04:52:55.2398498Z' while content on disk has modification time of '2025-07-20T04:52:58.9673498Z'
Number of updated asset objects reloaded before import = 0Number of asset objects unloaded after import = 0

========================================================================
Received Import Request.
  Time since last request: 0.000027 seconds.
  path: Assets/Scripts/VoxelGridVisualizer.cs
  artifactKey: Guid(88116b90b5b52184b9de0a0a777bd301) Importer(815301076,1909f56bfc062723c751e8b465ee728b)
Start importing Assets/Scripts/VoxelGridVisualizer.cs using Guid(88116b90b5b52184b9de0a0a777bd301) Importer(815301076,1909f56bfc062723c751e8b465ee728b) (PreviewImporter) -> (artifact id: '00000000000000000000000000000000') in 0.0010724 seconds
Import Error Code:(4)
Message: Build asset version error: assets/scripts/voxelgridvisualizer.cs in SourceAssetDB has modification time of '2025-07-20T04:52:55.2398498Z' while content on disk has modification time of '2025-07-20T04:52:58.9673498Z'
  ERROR: Build asset version error: assets/scripts/voxelgridvisualizer.cs in SourceAssetDB has modification time of '2025-07-20T04:52:55.2398498Z' while content on disk has modification time of '2025-07-20T04:52:58.9673498Z'
Number of updated asset objects reloaded before import = 0Number of asset objects unloaded after import = 0

========================================================================
Received Import Request.
  Time since last request: 0.000014 seconds.
  path: Assets/Scripts/VoxelGridVisualizer.cs
  artifactKey: Guid(88116b90b5b52184b9de0a0a777bd301) Importer(815301076,1909f56bfc062723c751e8b465ee728b)
Start importing Assets/Scripts/VoxelGridVisualizer.cs using Guid(88116b90b5b52184b9de0a0a777bd301) Importer(815301076,1909f56bfc062723c751e8b465ee728b) (PreviewImporter) -> (artifact id: '00000000000000000000000000000000') in 0.0011183 seconds
Import Error Code:(4)
Message: Build asset version error: assets/scripts/voxelgridvisualizer.cs in SourceAssetDB has modification time of '2025-07-20T04:52:55.2398498Z' while content on disk has modification time of '2025-07-20T04:52:58.9673498Z'
  ERROR: Build asset version error: assets/scripts/voxelgridvisualizer.cs in SourceAssetDB has modification time of '2025-07-20T04:52:55.2398498Z' while content on disk has modification time of '2025-07-20T04:52:58.9673498Z'
Number of updated asset objects reloaded before import = 0Number of asset objects unloaded after import = 0

========================================================================
Received Import Request.
  Time since last request: 0.000025 seconds.
  path: Assets/Scripts/VoxelGridVisualizer.cs
  artifactKey: Guid(88116b90b5b52184b9de0a0a777bd301) Importer(815301076,1909f56bfc062723c751e8b465ee728b)
Start importing Assets/Scripts/VoxelGridVisualizer.cs using Guid(88116b90b5b52184b9de0a0a777bd301) Importer(815301076,1909f56bfc062723c751e8b465ee728b) (PreviewImporter) -> (artifact id: '00000000000000000000000000000000') in 0.0012527 seconds
Import Error Code:(4)
Message: Build asset version error: assets/scripts/voxelgridvisualizer.cs in SourceAssetDB has modification time of '2025-07-20T04:52:55.2398498Z' while content on disk has modification time of '2025-07-20T04:52:58.9673498Z'
  ERROR: Build asset version error: assets/scripts/voxelgridvisualizer.cs in SourceAssetDB has modification time of '2025-07-20T04:52:55.2398498Z' while content on disk has modification time of '2025-07-20T04:52:58.9673498Z'
Number of updated asset objects reloaded before import = 0Number of asset objects unloaded after import = 0

========================================================================
Received Import Request.
  Time since last request: 0.000024 seconds.
  path: Assets/Scripts/VoxelGridVisualizer.cs
  artifactKey: Guid(88116b90b5b52184b9de0a0a777bd301) Importer(815301076,1909f56bfc062723c751e8b465ee728b)
Start importing Assets/Scripts/VoxelGridVisualizer.cs using Guid(88116b90b5b52184b9de0a0a777bd301) Importer(815301076,1909f56bfc062723c751e8b465ee728b) (PreviewImporter) -> (artifact id: '00000000000000000000000000000000') in 0.0004811 seconds
Import Error Code:(4)
Message: Build asset version error: assets/scripts/voxelgridvisualizer.cs in SourceAssetDB has modification time of '2025-07-20T04:52:55.2398498Z' while content on disk has modification time of '2025-07-20T04:52:58.9673498Z'
  ERROR: Build asset version error: assets/scripts/voxelgridvisualizer.cs in SourceAssetDB has modification time of '2025-07-20T04:52:55.2398498Z' while content on disk has modification time of '2025-07-20T04:52:58.9673498Z'
Number of updated asset objects reloaded before import = 0Number of asset objects unloaded after import = 0

========================================================================
Received Import Request.
  Time since last request: 0.000016 seconds.
  path: Assets/Scripts/VoxelGridVisualizer.cs
  artifactKey: Guid(88116b90b5b52184b9de0a0a777bd301) Importer(815301076,1909f56bfc062723c751e8b465ee728b)
Start importing Assets/Scripts/VoxelGridVisualizer.cs using Guid(88116b90b5b52184b9de0a0a777bd301) Importer(815301076,1909f56bfc062723c751e8b465ee728b) (PreviewImporter) -> (artifact id: '00000000000000000000000000000000') in 0.0005787 seconds
Import Error Code:(4)
Message: Build asset version error: assets/scripts/voxelgridvisualizer.cs in SourceAssetDB has modification time of '2025-07-20T04:52:55.2398498Z' while content on disk has modification time of '2025-07-20T04:52:58.9673498Z'
  ERROR: Build asset version error: assets/scripts/voxelgridvisualizer.cs in SourceAssetDB has modification time of '2025-07-20T04:52:55.2398498Z' while content on disk has modification time of '2025-07-20T04:52:58.9673498Z'
Number of updated asset objects reloaded before import = 0Number of asset objects unloaded after import = 0

========================================================================
Received Import Request.
  Time since last request: 0.000016 seconds.
  path: Assets/Scripts/VoxelGridVisualizer.cs
  artifactKey: Guid(88116b90b5b52184b9de0a0a777bd301) Importer(815301076,1909f56bfc062723c751e8b465ee728b)
Start importing Assets/Scripts/VoxelGridVisualizer.cs using Guid(88116b90b5b52184b9de0a0a777bd301) Importer(815301076,1909f56bfc062723c751e8b465ee728b) (PreviewImporter) -> (artifact id: '00000000000000000000000000000000') in 0.001009 seconds
Import Error Code:(4)
Message: Build asset version error: assets/scripts/voxelgridvisualizer.cs in SourceAssetDB has modification time of '2025-07-20T04:52:55.2398498Z' while content on disk has modification time of '2025-07-20T04:52:58.9673498Z'
  ERROR: Build asset version error: assets/scripts/voxelgridvisualizer.cs in SourceAssetDB has modification time of '2025-07-20T04:52:55.2398498Z' while content on disk has modification time of '2025-07-20T04:52:58.9673498Z'
Number of updated asset objects reloaded before import = 0Number of asset objects unloaded after import = 0

========================================================================
Received Import Request.
  Time since last request: 0.000014 seconds.
  path: Assets/Scripts/VoxelGridVisualizer.cs
  artifactKey: Guid(88116b90b5b52184b9de0a0a777bd301) Importer(815301076,1909f56bfc062723c751e8b465ee728b)
Start importing Assets/Scripts/VoxelGridVisualizer.cs using Guid(88116b90b5b52184b9de0a0a777bd301) Importer(815301076,1909f56bfc062723c751e8b465ee728b) (PreviewImporter) -> (artifact id: '00000000000000000000000000000000') in 0.0006211 seconds
Import Error Code:(4)
Message: Build asset version error: assets/scripts/voxelgridvisualizer.cs in SourceAssetDB has modification time of '2025-07-20T04:52:55.2398498Z' while content on disk has modification time of '2025-07-20T04:52:58.9673498Z'
  ERROR: Build asset version error: assets/scripts/voxelgridvisualizer.cs in SourceAssetDB has modification time of '2025-07-20T04:52:55.2398498Z' while content on disk has modification time of '2025-07-20T04:52:58.9673498Z'
Number of updated asset objects reloaded before import = 0Number of asset objects unloaded after import = 0

========================================================================
Received Import Request.
  Time since last request: 0.000018 seconds.
  path: Assets/Scripts/VoxelGridVisualizer.cs
  artifactKey: Guid(88116b90b5b52184b9de0a0a777bd301) Importer(815301076,1909f56bfc062723c751e8b465ee728b)
Start importing Assets/Scripts/VoxelGridVisualizer.cs using Guid(88116b90b5b52184b9de0a0a777bd301) Importer(815301076,1909f56bfc062723c751e8b465ee728b) (PreviewImporter) -> (artifact id: '00000000000000000000000000000000') in 0.0008053 seconds
Import Error Code:(4)
Message: Build asset version error: assets/scripts/voxelgridvisualizer.cs in SourceAssetDB has modification time of '2025-07-20T04:52:55.2398498Z' while content on disk has modification time of '2025-07-20T04:52:58.9673498Z'
  ERROR: Build asset version error: assets/scripts/voxelgridvisualizer.cs in SourceAssetDB has modification time of '2025-07-20T04:52:55.2398498Z' while content on disk has modification time of '2025-07-20T04:52:58.9673498Z'
Number of updated asset objects reloaded before import = 0Number of asset objects unloaded after import = 0

========================================================================
Received Import Request.
  Time since last request: 0.000032 seconds.
  path: Assets/Scripts/VoxelGridVisualizer.cs
  artifactKey: Guid(88116b90b5b52184b9de0a0a777bd301) Importer(815301076,1909f56bfc062723c751e8b465ee728b)
Start importing Assets/Scripts/VoxelGridVisualizer.cs using Guid(88116b90b5b52184b9de0a0a777bd301) Importer(815301076,1909f56bfc062723c751e8b465ee728b) (PreviewImporter) -> (artifact id: '00000000000000000000000000000000') in 0.00095 seconds
Import Error Code:(4)
Message: Build asset version error: assets/scripts/voxelgridvisualizer.cs in SourceAssetDB has modification time of '2025-07-20T04:52:55.2398498Z' while content on disk has modification time of '2025-07-20T04:52:58.9673498Z'
  ERROR: Build asset version error: assets/scripts/voxelgridvisualizer.cs in SourceAssetDB has modification time of '2025-07-20T04:52:55.2398498Z' while content on disk has modification time of '2025-07-20T04:52:58.9673498Z'
Number of updated asset objects reloaded before import = 0Number of asset objects unloaded after import = 0

========================================================================
Received Import Request.
  Time since last request: 0.000015 seconds.
  path: Assets/Scripts/VoxelGridVisualizer.cs
  artifactKey: Guid(88116b90b5b52184b9de0a0a777bd301) Importer(815301076,1909f56bfc062723c751e8b465ee728b)
Start importing Assets/Scripts/VoxelGridVisualizer.cs using Guid(88116b90b5b52184b9de0a0a777bd301) Importer(815301076,1909f56bfc062723c751e8b465ee728b) (PreviewImporter) -> (artifact id: '00000000000000000000000000000000') in 0.0006957 seconds
Import Error Code:(4)
Message: Build asset version error: assets/scripts/voxelgridvisualizer.cs in SourceAssetDB has modification time of '2025-07-20T04:52:55.2398498Z' while content on disk has modification time of '2025-07-20T04:52:58.9673498Z'
  ERROR: Build asset version error: assets/scripts/voxelgridvisualizer.cs in SourceAssetDB has modification time of '2025-07-20T04:52:55.2398498Z' while content on disk has modification time of '2025-07-20T04:52:58.9673498Z'
Number of updated asset objects reloaded before import = 0Number of asset objects unloaded after import = 0

========================================================================
Received Import Request.
  Time since last request: 0.000015 seconds.
  path: Assets/Scripts/VoxelGridVisualizer.cs
  artifactKey: Guid(88116b90b5b52184b9de0a0a777bd301) Importer(815301076,1909f56bfc062723c751e8b465ee728b)
Start importing Assets/Scripts/VoxelGridVisualizer.cs using Guid(88116b90b5b52184b9de0a0a777bd301) Importer(815301076,1909f56bfc062723c751e8b465ee728b) (PreviewImporter) -> (artifact id: '00000000000000000000000000000000') in 0.0011783 seconds
Import Error Code:(4)
Message: Build asset version error: assets/scripts/voxelgridvisualizer.cs in SourceAssetDB has modification time of '2025-07-20T04:52:55.2398498Z' while content on disk has modification time of '2025-07-20T04:52:58.9673498Z'
  ERROR: Build asset version error: assets/scripts/voxelgridvisualizer.cs in SourceAssetDB has modification time of '2025-07-20T04:52:55.2398498Z' while content on disk has modification time of '2025-07-20T04:52:58.9673498Z'
Number of updated asset objects reloaded before import = 0Number of asset objects unloaded after import = 0

========================================================================
Received Import Request.
  Time since last request: 0.000016 seconds.
  path: Assets/Scripts/VoxelGridVisualizer.cs
  artifactKey: Guid(88116b90b5b52184b9de0a0a777bd301) Importer(815301076,1909f56bfc062723c751e8b465ee728b)
Start importing Assets/Scripts/VoxelGridVisualizer.cs using Guid(88116b90b5b52184b9de0a0a777bd301) Importer(815301076,1909f56bfc062723c751e8b465ee728b) (PreviewImporter) -> (artifact id: '00000000000000000000000000000000') in 0.0006553 seconds
Import Error Code:(4)
Message: Build asset version error: assets/scripts/voxelgridvisualizer.cs in SourceAssetDB has modification time of '2025-07-20T04:52:55.2398498Z' while content on disk has modification time of '2025-07-20T04:52:58.9673498Z'
  ERROR: Build asset version error: assets/scripts/voxelgridvisualizer.cs in SourceAssetDB has modification time of '2025-07-20T04:52:55.2398498Z' while content on disk has modification time of '2025-07-20T04:52:58.9673498Z'
Number of updated asset objects reloaded before import = 0Number of asset objects unloaded after import = 0

========================================================================
Received Import Request.
  Time since last request: 0.000023 seconds.
  path: Assets/Scripts/VoxelGridVisualizer.cs
  artifactKey: Guid(88116b90b5b52184b9de0a0a777bd301) Importer(815301076,1909f56bfc062723c751e8b465ee728b)
Start importing Assets/Scripts/VoxelGridVisualizer.cs using Guid(88116b90b5b52184b9de0a0a777bd301) Importer(815301076,1909f56bfc062723c751e8b465ee728b) (PreviewImporter) -> (artifact id: '00000000000000000000000000000000') in 0.0006414 seconds
Import Error Code:(4)
Message: Build asset version error: assets/scripts/voxelgridvisualizer.cs in SourceAssetDB has modification time of '2025-07-20T04:52:55.2398498Z' while content on disk has modification time of '2025-07-20T04:52:58.9673498Z'
  ERROR: Build asset version error: assets/scripts/voxelgridvisualizer.cs in SourceAssetDB has modification time of '2025-07-20T04:52:55.2398498Z' while content on disk has modification time of '2025-07-20T04:52:58.9673498Z'
Number of updated asset objects reloaded before import = 0Number of asset objects unloaded after import = 0

========================================================================
Received Import Request.
  Time since last request: 0.000040 seconds.
  path: Assets/Scripts/VoxelGridVisualizer.cs
  artifactKey: Guid(88116b90b5b52184b9de0a0a777bd301) Importer(815301076,1909f56bfc062723c751e8b465ee728b)
Start importing Assets/Scripts/VoxelGridVisualizer.cs using Guid(88116b90b5b52184b9de0a0a777bd301) Importer(815301076,1909f56bfc062723c751e8b465ee728b) (PreviewImporter) -> (artifact id: '00000000000000000000000000000000') in 0.0007102 seconds
Import Error Code:(4)
Message: Build asset version error: assets/scripts/voxelgridvisualizer.cs in SourceAssetDB has modification time of '2025-07-20T04:52:55.2398498Z' while content on disk has modification time of '2025-07-20T04:52:58.9673498Z'
  ERROR: Build asset version error: assets/scripts/voxelgridvisualizer.cs in SourceAssetDB has modification time of '2025-07-20T04:52:55.2398498Z' while content on disk has modification time of '2025-07-20T04:52:58.9673498Z'
Number of updated asset objects reloaded before import = 0Number of asset objects unloaded after import = 0

========================================================================
Received Import Request.
  Time since last request: 0.000021 seconds.
  path: Assets/Scripts/VoxelGridVisualizer.cs
  artifactKey: Guid(88116b90b5b52184b9de0a0a777bd301) Importer(815301076,1909f56bfc062723c751e8b465ee728b)
Start importing Assets/Scripts/VoxelGridVisualizer.cs using Guid(88116b90b5b52184b9de0a0a777bd301) Importer(815301076,1909f56bfc062723c751e8b465ee728b) (PreviewImporter) -> (artifact id: '00000000000000000000000000000000') in 0.0006044 seconds
Import Error Code:(4)
Message: Build asset version error: assets/scripts/voxelgridvisualizer.cs in SourceAssetDB has modification time of '2025-07-20T04:52:55.2398498Z' while content on disk has modification time of '2025-07-20T04:52:58.9673498Z'
  ERROR: Build asset version error: assets/scripts/voxelgridvisualizer.cs in SourceAssetDB has modification time of '2025-07-20T04:52:55.2398498Z' while content on disk has modification time of '2025-07-20T04:52:58.9673498Z'
Number of updated asset objects reloaded before import = 0Number of asset objects unloaded after import = 0

========================================================================
Received Import Request.
  Time since last request: 0.000015 seconds.
  path: Assets/Scripts/VoxelGridVisualizer.cs
  artifactKey: Guid(88116b90b5b52184b9de0a0a777bd301) Importer(815301076,1909f56bfc062723c751e8b465ee728b)
Start importing Assets/Scripts/VoxelGridVisualizer.cs using Guid(88116b90b5b52184b9de0a0a777bd301) Importer(815301076,1909f56bfc062723c751e8b465ee728b) (PreviewImporter) -> (artifact id: '00000000000000000000000000000000') in 0.0009403 seconds
Import Error Code:(4)
Message: Build asset version error: assets/scripts/voxelgridvisualizer.cs in SourceAssetDB has modification time of '2025-07-20T04:52:55.2398498Z' while content on disk has modification time of '2025-07-20T04:52:58.9673498Z'
  ERROR: Build asset version error: assets/scripts/voxelgridvisualizer.cs in SourceAssetDB has modification time of '2025-07-20T04:52:55.2398498Z' while content on disk has modification time of '2025-07-20T04:52:58.9673498Z'
Number of updated asset objects reloaded before import = 0Number of asset objects unloaded after import = 0

========================================================================
Received Import Request.
  Time since last request: 0.000025 seconds.
  path: Assets/Scripts/VoxelGridVisualizer.cs
  artifactKey: Guid(88116b90b5b52184b9de0a0a777bd301) Importer(815301076,1909f56bfc062723c751e8b465ee728b)
Start importing Assets/Scripts/VoxelGridVisualizer.cs using Guid(88116b90b5b52184b9de0a0a777bd301) Importer(815301076,1909f56bfc062723c751e8b465ee728b) (PreviewImporter) -> (artifact id: '00000000000000000000000000000000') in 0.0004998 seconds
Import Error Code:(4)
Message: Build asset version error: assets/scripts/voxelgridvisualizer.cs in SourceAssetDB has modification time of '2025-07-20T04:52:55.2398498Z' while content on disk has modification time of '2025-07-20T04:52:58.9673498Z'
  ERROR: Build asset version error: assets/scripts/voxelgridvisualizer.cs in SourceAssetDB has modification time of '2025-07-20T04:52:55.2398498Z' while content on disk has modification time of '2025-07-20T04:52:58.9673498Z'
Number of updated asset objects reloaded before import = 0Number of asset objects unloaded after import = 0

========================================================================
Received Import Request.
  Time since last request: 0.000037 seconds.
  path: Assets/Scripts/VoxelGridVisualizer.cs
  artifactKey: Guid(88116b90b5b52184b9de0a0a777bd301) Importer(815301076,1909f56bfc062723c751e8b465ee728b)
Start importing Assets/Scripts/VoxelGridVisualizer.cs using Guid(88116b90b5b52184b9de0a0a777bd301) Importer(815301076,1909f56bfc062723c751e8b465ee728b) (PreviewImporter) -> (artifact id: '00000000000000000000000000000000') in 0.0008671 seconds
Import Error Code:(4)
Message: Build asset version error: assets/scripts/voxelgridvisualizer.cs in SourceAssetDB has modification time of '2025-07-20T04:52:55.2398498Z' while content on disk has modification time of '2025-07-20T04:52:58.9673498Z'
  ERROR: Build asset version error: assets/scripts/voxelgridvisualizer.cs in SourceAssetDB has modification time of '2025-07-20T04:52:55.2398498Z' while content on disk has modification time of '2025-07-20T04:52:58.9673498Z'
Number of updated asset objects reloaded before import = 0Number of asset objects unloaded after import = 0

========================================================================
Received Import Request.
  Time since last request: 0.000025 seconds.
  path: Assets/Scripts/VoxelGridVisualizer.cs
  artifactKey: Guid(88116b90b5b52184b9de0a0a777bd301) Importer(815301076,1909f56bfc062723c751e8b465ee728b)
Start importing Assets/Scripts/VoxelGridVisualizer.cs using Guid(88116b90b5b52184b9de0a0a777bd301) Importer(815301076,1909f56bfc062723c751e8b465ee728b) (PreviewImporter) -> (artifact id: '00000000000000000000000000000000') in 0.0010653 seconds
Import Error Code:(4)
Message: Build asset version error: assets/scripts/voxelgridvisualizer.cs in SourceAssetDB has modification time of '2025-07-20T04:52:55.2398498Z' while content on disk has modification time of '2025-07-20T04:52:58.9673498Z'
  ERROR: Build asset version error: assets/scripts/voxelgridvisualizer.cs in SourceAssetDB has modification time of '2025-07-20T04:52:55.2398498Z' while content on disk has modification time of '2025-07-20T04:52:58.9673498Z'
Number of updated asset objects reloaded before import = 0Number of asset objects unloaded after import = 0

========================================================================
Received Import Request.
  Time since last request: 0.000014 seconds.
  path: Assets/Scripts/VoxelGridVisualizer.cs
  artifactKey: Guid(88116b90b5b52184b9de0a0a777bd301) Importer(815301076,1909f56bfc062723c751e8b465ee728b)
Start importing Assets/Scripts/VoxelGridVisualizer.cs using Guid(88116b90b5b52184b9de0a0a777bd301) Importer(815301076,1909f56bfc062723c751e8b465ee728b) (PreviewImporter) -> (artifact id: '00000000000000000000000000000000') in 0.0006414 seconds
Import Error Code:(4)
Message: Build asset version error: assets/scripts/voxelgridvisualizer.cs in SourceAssetDB has modification time of '2025-07-20T04:52:55.2398498Z' while content on disk has modification time of '2025-07-20T04:52:58.9673498Z'
  ERROR: Build asset version error: assets/scripts/voxelgridvisualizer.cs in SourceAssetDB has modification time of '2025-07-20T04:52:55.2398498Z' while content on disk has modification time of '2025-07-20T04:52:58.9673498Z'
Number of updated asset objects reloaded before import = 0Number of asset objects unloaded after import = 0

========================================================================
Received Import Request.
  Time since last request: 0.000104 seconds.
  path: Assets/Scripts/VoxelGridVisualizer.cs
  artifactKey: Guid(88116b90b5b52184b9de0a0a777bd301) Importer(815301076,1909f56bfc062723c751e8b465ee728b)
Start importing Assets/Scripts/VoxelGridVisualizer.cs using Guid(88116b90b5b52184b9de0a0a777bd301) Importer(815301076,1909f56bfc062723c751e8b465ee728b) (PreviewImporter) -> (artifact id: '00000000000000000000000000000000') in 0.0012747 seconds
Import Error Code:(4)
Message: Build asset version error: assets/scripts/voxelgridvisualizer.cs in SourceAssetDB has modification time of '2025-07-20T04:52:55.2398498Z' while content on disk has modification time of '2025-07-20T04:52:58.9673498Z'
  ERROR: Build asset version error: assets/scripts/voxelgridvisualizer.cs in SourceAssetDB has modification time of '2025-07-20T04:52:55.2398498Z' while content on disk has modification time of '2025-07-20T04:52:58.9673498Z'
Number of updated asset objects reloaded before import = 0Number of asset objects unloaded after import = 0

========================================================================
Received Import Request.
  Time since last request: 0.000026 seconds.
  path: Assets/Scripts/VoxelGridVisualizer.cs
  artifactKey: Guid(88116b90b5b52184b9de0a0a777bd301) Importer(815301076,1909f56bfc062723c751e8b465ee728b)
Start importing Assets/Scripts/VoxelGridVisualizer.cs using Guid(88116b90b5b52184b9de0a0a777bd301) Importer(815301076,1909f56bfc062723c751e8b465ee728b) (PreviewImporter) -> (artifact id: '00000000000000000000000000000000') in 0.0010991 seconds
Import Error Code:(4)
Message: Build asset version error: assets/scripts/voxelgridvisualizer.cs in SourceAssetDB has modification time of '2025-07-20T04:52:55.2398498Z' while content on disk has modification time of '2025-07-20T04:52:58.9673498Z'
  ERROR: Build asset version error: assets/scripts/voxelgridvisualizer.cs in SourceAssetDB has modification time of '2025-07-20T04:52:55.2398498Z' while content on disk has modification time of '2025-07-20T04:52:58.9673498Z'
Number of updated asset objects reloaded before import = 0Number of asset objects unloaded after import = 0

========================================================================
Received Import Request.
  Time since last request: 0.000026 seconds.
  path: Assets/Scripts/VoxelGridVisualizer.cs
  artifactKey: Guid(88116b90b5b52184b9de0a0a777bd301) Importer(815301076,1909f56bfc062723c751e8b465ee728b)
Start importing Assets/Scripts/VoxelGridVisualizer.cs using Guid(88116b90b5b52184b9de0a0a777bd301) Importer(815301076,1909f56bfc062723c751e8b465ee728b) (PreviewImporter) -> (artifact id: '00000000000000000000000000000000') in 0.000689 seconds
Import Error Code:(4)
Message: Build asset version error: assets/scripts/voxelgridvisualizer.cs in SourceAssetDB has modification time of '2025-07-20T04:52:55.2398498Z' while content on disk has modification time of '2025-07-20T04:52:58.9673498Z'
  ERROR: Build asset version error: assets/scripts/voxelgridvisualizer.cs in SourceAssetDB has modification time of '2025-07-20T04:52:55.2398498Z' while content on disk has modification time of '2025-07-20T04:52:58.9673498Z'
Number of updated asset objects reloaded before import = 0Number of asset objects unloaded after import = 0

========================================================================
Received Import Request.
  Time since last request: 0.000025 seconds.
  path: Assets/Scripts/VoxelGridVisualizer.cs
  artifactKey: Guid(88116b90b5b52184b9de0a0a777bd301) Importer(815301076,1909f56bfc062723c751e8b465ee728b)
Start importing Assets/Scripts/VoxelGridVisualizer.cs using Guid(88116b90b5b52184b9de0a0a777bd301) Importer(815301076,1909f56bfc062723c751e8b465ee728b) (PreviewImporter) -> (artifact id: '00000000000000000000000000000000') in 0.0011822 seconds
Import Error Code:(4)
Message: Build asset version error: assets/scripts/voxelgridvisualizer.cs in SourceAssetDB has modification time of '2025-07-20T04:52:55.2398498Z' while content on disk has modification time of '2025-07-20T04:52:58.9673498Z'
  ERROR: Build asset version error: assets/scripts/voxelgridvisualizer.cs in SourceAssetDB has modification time of '2025-07-20T04:52:55.2398498Z' while content on disk has modification time of '2025-07-20T04:52:58.9673498Z'
Number of updated asset objects reloaded before import = 0Number of asset objects unloaded after import = 0

========================================================================
Received Import Request.
  Time since last request: 0.000022 seconds.
  path: Assets/Scripts/VoxelGridVisualizer.cs
  artifactKey: Guid(88116b90b5b52184b9de0a0a777bd301) Importer(815301076,1909f56bfc062723c751e8b465ee728b)
Start importing Assets/Scripts/VoxelGridVisualizer.cs using Guid(88116b90b5b52184b9de0a0a777bd301) Importer(815301076,1909f56bfc062723c751e8b465ee728b) (PreviewImporter) -> (artifact id: '00000000000000000000000000000000') in 0.0006818 seconds
Import Error Code:(4)
Message: Build asset version error: assets/scripts/voxelgridvisualizer.cs in SourceAssetDB has modification time of '2025-07-20T04:52:55.2398498Z' while content on disk has modification time of '2025-07-20T04:52:58.9673498Z'
  ERROR: Build asset version error: assets/scripts/voxelgridvisualizer.cs in SourceAssetDB has modification time of '2025-07-20T04:52:55.2398498Z' while content on disk has modification time of '2025-07-20T04:52:58.9673498Z'
Number of updated asset objects reloaded before import = 0Number of asset objects unloaded after import = 0

========================================================================
Received Import Request.
  Time since last request: 0.000027 seconds.
  path: Assets/Scripts/VoxelGridVisualizer.cs
  artifactKey: Guid(88116b90b5b52184b9de0a0a777bd301) Importer(815301076,1909f56bfc062723c751e8b465ee728b)
Start importing Assets/Scripts/VoxelGridVisualizer.cs using Guid(88116b90b5b52184b9de0a0a777bd301) Importer(815301076,1909f56bfc062723c751e8b465ee728b) (PreviewImporter) -> (artifact id: '00000000000000000000000000000000') in 0.0011213 seconds
Import Error Code:(4)
Message: Build asset version error: assets/scripts/voxelgridvisualizer.cs in SourceAssetDB has modification time of '2025-07-20T04:52:55.2398498Z' while content on disk has modification time of '2025-07-20T04:52:58.9673498Z'
  ERROR: Build asset version error: assets/scripts/voxelgridvisualizer.cs in SourceAssetDB has modification time of '2025-07-20T04:52:55.2398498Z' while content on disk has modification time of '2025-07-20T04:52:58.9673498Z'
Number of updated asset objects reloaded before import = 0Number of asset objects unloaded after import = 0

========================================================================
Received Import Request.
  Time since last request: 0.000025 seconds.
  path: Assets/Scripts/VoxelGridVisualizer.cs
  artifactKey: Guid(88116b90b5b52184b9de0a0a777bd301) Importer(815301076,1909f56bfc062723c751e8b465ee728b)
Start importing Assets/Scripts/VoxelGridVisualizer.cs using Guid(88116b90b5b52184b9de0a0a777bd301) Importer(815301076,1909f56bfc062723c751e8b465ee728b) (PreviewImporter) -> (artifact id: '00000000000000000000000000000000') in 0.0006371 seconds
Import Error Code:(4)
Message: Build asset version error: assets/scripts/voxelgridvisualizer.cs in SourceAssetDB has modification time of '2025-07-20T04:52:55.2398498Z' while content on disk has modification time of '2025-07-20T04:52:58.9673498Z'
  ERROR: Build asset version error: assets/scripts/voxelgridvisualizer.cs in SourceAssetDB has modification time of '2025-07-20T04:52:55.2398498Z' while content on disk has modification time of '2025-07-20T04:52:58.9673498Z'
Number of updated asset objects reloaded before import = 0Number of asset objects unloaded after import = 0

========================================================================
Received Import Request.
  Time since last request: 0.000019 seconds.
  path: Assets/Scripts/VoxelGridVisualizer.cs
  artifactKey: Guid(88116b90b5b52184b9de0a0a777bd301) Importer(815301076,1909f56bfc062723c751e8b465ee728b)
Start importing Assets/Scripts/VoxelGridVisualizer.cs using Guid(88116b90b5b52184b9de0a0a777bd301) Importer(815301076,1909f56bfc062723c751e8b465ee728b) (PreviewImporter) -> (artifact id: '00000000000000000000000000000000') in 0.0008343 seconds
Import Error Code:(4)
Message: Build asset version error: assets/scripts/voxelgridvisualizer.cs in SourceAssetDB has modification time of '2025-07-20T04:52:55.2398498Z' while content on disk has modification time of '2025-07-20T04:52:58.9673498Z'
  ERROR: Build asset version error: assets/scripts/voxelgridvisualizer.cs in SourceAssetDB has modification time of '2025-07-20T04:52:55.2398498Z' while content on disk has modification time of '2025-07-20T04:52:58.9673498Z'
Number of updated asset objects reloaded before import = 0Number of asset objects unloaded after import = 0

========================================================================
Received Import Request.
  Time since last request: 0.000041 seconds.
  path: Assets/Scripts/VoxelGridVisualizer.cs
  artifactKey: Guid(88116b90b5b52184b9de0a0a777bd301) Importer(815301076,1909f56bfc062723c751e8b465ee728b)
Start importing Assets/Scripts/VoxelGridVisualizer.cs using Guid(88116b90b5b52184b9de0a0a777bd301) Importer(815301076,1909f56bfc062723c751e8b465ee728b) (PreviewImporter) -> (artifact id: '00000000000000000000000000000000') in 0.0007519 seconds
Import Error Code:(4)
Message: Build asset version error: assets/scripts/voxelgridvisualizer.cs in SourceAssetDB has modification time of '2025-07-20T04:52:55.2398498Z' while content on disk has modification time of '2025-07-20T04:52:58.9673498Z'
  ERROR: Build asset version error: assets/scripts/voxelgridvisualizer.cs in SourceAssetDB has modification time of '2025-07-20T04:52:55.2398498Z' while content on disk has modification time of '2025-07-20T04:52:58.9673498Z'
Number of updated asset objects reloaded before import = 0Number of asset objects unloaded after import = 0

========================================================================
Received Import Request.
  Time since last request: 0.000023 seconds.
  path: Assets/Scripts/VoxelGridVisualizer.cs
  artifactKey: Guid(88116b90b5b52184b9de0a0a777bd301) Importer(815301076,1909f56bfc062723c751e8b465ee728b)
Start importing Assets/Scripts/VoxelGridVisualizer.cs using Guid(88116b90b5b52184b9de0a0a777bd301) Importer(815301076,1909f56bfc062723c751e8b465ee728b) (PreviewImporter) -> (artifact id: '00000000000000000000000000000000') in 0.0006324 seconds
Import Error Code:(4)
Message: Build asset version error: assets/scripts/voxelgridvisualizer.cs in SourceAssetDB has modification time of '2025-07-20T04:52:55.2398498Z' while content on disk has modification time of '2025-07-20T04:52:58.9673498Z'
  ERROR: Build asset version error: assets/scripts/voxelgridvisualizer.cs in SourceAssetDB has modification time of '2025-07-20T04:52:55.2398498Z' while content on disk has modification time of '2025-07-20T04:52:58.9673498Z'
Number of updated asset objects reloaded before import = 0Number of asset objects unloaded after import = 0

========================================================================
Received Import Request.
  Time since last request: 0.000029 seconds.
  path: Assets/Scripts/VoxelGridVisualizer.cs
  artifactKey: Guid(88116b90b5b52184b9de0a0a777bd301) Importer(815301076,1909f56bfc062723c751e8b465ee728b)
Start importing Assets/Scripts/VoxelGridVisualizer.cs using Guid(88116b90b5b52184b9de0a0a777bd301) Importer(815301076,1909f56bfc062723c751e8b465ee728b) (PreviewImporter) -> (artifact id: '00000000000000000000000000000000') in 0.0005365 seconds
Import Error Code:(4)
Message: Build asset version error: assets/scripts/voxelgridvisualizer.cs in SourceAssetDB has modification time of '2025-07-20T04:52:55.2398498Z' while content on disk has modification time of '2025-07-20T04:52:58.9673498Z'
  ERROR: Build asset version error: assets/scripts/voxelgridvisualizer.cs in SourceAssetDB has modification time of '2025-07-20T04:52:55.2398498Z' while content on disk has modification time of '2025-07-20T04:52:58.9673498Z'
Number of updated asset objects reloaded before import = 0Number of asset objects unloaded after import = 0

========================================================================
Received Import Request.
  Time since last request: 0.000015 seconds.
  path: Assets/Scripts/VoxelGridVisualizer.cs
  artifactKey: Guid(88116b90b5b52184b9de0a0a777bd301) Importer(815301076,1909f56bfc062723c751e8b465ee728b)
Start importing Assets/Scripts/VoxelGridVisualizer.cs using Guid(88116b90b5b52184b9de0a0a777bd301) Importer(815301076,1909f56bfc062723c751e8b465ee728b) (PreviewImporter) -> (artifact id: '00000000000000000000000000000000') in 0.0006994 seconds
Import Error Code:(4)
Message: Build asset version error: assets/scripts/voxelgridvisualizer.cs in SourceAssetDB has modification time of '2025-07-20T04:52:55.2398498Z' while content on disk has modification time of '2025-07-20T04:52:58.9673498Z'
  ERROR: Build asset version error: assets/scripts/voxelgridvisualizer.cs in SourceAssetDB has modification time of '2025-07-20T04:52:55.2398498Z' while content on disk has modification time of '2025-07-20T04:52:58.9673498Z'
Number of updated asset objects reloaded before import = 0Number of asset objects unloaded after import = 0

========================================================================
Received Import Request.
  Time since last request: 0.000015 seconds.
  path: Assets/Scripts/VoxelGridVisualizer.cs
  artifactKey: Guid(88116b90b5b52184b9de0a0a777bd301) Importer(815301076,1909f56bfc062723c751e8b465ee728b)
Start importing Assets/Scripts/VoxelGridVisualizer.cs using Guid(88116b90b5b52184b9de0a0a777bd301) Importer(815301076,1909f56bfc062723c751e8b465ee728b) (PreviewImporter) -> (artifact id: '00000000000000000000000000000000') in 0.0006197 seconds
Import Error Code:(4)
Message: Build asset version error: assets/scripts/voxelgridvisualizer.cs in SourceAssetDB has modification time of '2025-07-20T04:52:55.2398498Z' while content on disk has modification time of '2025-07-20T04:52:58.9673498Z'
  ERROR: Build asset version error: assets/scripts/voxelgridvisualizer.cs in SourceAssetDB has modification time of '2025-07-20T04:52:55.2398498Z' while content on disk has modification time of '2025-07-20T04:52:58.9673498Z'
Number of updated asset objects reloaded before import = 0Number of asset objects unloaded after import = 0

========================================================================
Received Import Request.
  Time since last request: 0.000029 seconds.
  path: Assets/Scripts/VoxelGridVisualizer.cs
  artifactKey: Guid(88116b90b5b52184b9de0a0a777bd301) Importer(815301076,1909f56bfc062723c751e8b465ee728b)
Start importing Assets/Scripts/VoxelGridVisualizer.cs using Guid(88116b90b5b52184b9de0a0a777bd301) Importer(815301076,1909f56bfc062723c751e8b465ee728b) (PreviewImporter) -> (artifact id: '00000000000000000000000000000000') in 0.000504 seconds
Import Error Code:(4)
Message: Build asset version error: assets/scripts/voxelgridvisualizer.cs in SourceAssetDB has modification time of '2025-07-20T04:52:55.2398498Z' while content on disk has modification time of '2025-07-20T04:52:58.9673498Z'
  ERROR: Build asset version error: assets/scripts/voxelgridvisualizer.cs in SourceAssetDB has modification time of '2025-07-20T04:52:55.2398498Z' while content on disk has modification time of '2025-07-20T04:52:58.9673498Z'
Number of updated asset objects reloaded before import = 0Number of asset objects unloaded after import = 0

========================================================================
Received Import Request.
  Time since last request: 0.000018 seconds.
  path: Assets/Scripts/VoxelGridVisualizer.cs
  artifactKey: Guid(88116b90b5b52184b9de0a0a777bd301) Importer(815301076,1909f56bfc062723c751e8b465ee728b)
Start importing Assets/Scripts/VoxelGridVisualizer.cs using Guid(88116b90b5b52184b9de0a0a777bd301) Importer(815301076,1909f56bfc062723c751e8b465ee728b) (PreviewImporter) -> (artifact id: '00000000000000000000000000000000') in 0.0010906 seconds
Import Error Code:(4)
Message: Build asset version error: assets/scripts/voxelgridvisualizer.cs in SourceAssetDB has modification time of '2025-07-20T04:52:55.2398498Z' while content on disk has modification time of '2025-07-20T04:52:58.9673498Z'
  ERROR: Build asset version error: assets/scripts/voxelgridvisualizer.cs in SourceAssetDB has modification time of '2025-07-20T04:52:55.2398498Z' while content on disk has modification time of '2025-07-20T04:52:58.9673498Z'
Number of updated asset objects reloaded before import = 0Number of asset objects unloaded after import = 0

========================================================================
Received Import Request.
  Time since last request: 0.000042 seconds.
  path: Assets/Scripts/VoxelGridVisualizer.cs
  artifactKey: Guid(88116b90b5b52184b9de0a0a777bd301) Importer(815301076,1909f56bfc062723c751e8b465ee728b)
Start importing Assets/Scripts/VoxelGridVisualizer.cs using Guid(88116b90b5b52184b9de0a0a777bd301) Importer(815301076,1909f56bfc062723c751e8b465ee728b) (PreviewImporter) -> (artifact id: '00000000000000000000000000000000') in 0.0011564 seconds
Import Error Code:(4)
Message: Build asset version error: assets/scripts/voxelgridvisualizer.cs in SourceAssetDB has modification time of '2025-07-20T04:52:55.2398498Z' while content on disk has modification time of '2025-07-20T04:52:58.9673498Z'
  ERROR: Build asset version error: assets/scripts/voxelgridvisualizer.cs in SourceAssetDB has modification time of '2025-07-20T04:52:55.2398498Z' while content on disk has modification time of '2025-07-20T04:52:58.9673498Z'
Number of updated asset objects reloaded before import = 0Number of asset objects unloaded after import = 0

========================================================================
Received Import Request.
  Time since last request: 0.000020 seconds.
  path: Assets/Scripts/VoxelGridVisualizer.cs
  artifactKey: Guid(88116b90b5b52184b9de0a0a777bd301) Importer(815301076,1909f56bfc062723c751e8b465ee728b)
Start importing Assets/Scripts/VoxelGridVisualizer.cs using Guid(88116b90b5b52184b9de0a0a777bd301) Importer(815301076,1909f56bfc062723c751e8b465ee728b) (PreviewImporter) -> (artifact id: '00000000000000000000000000000000') in 0.0009491 seconds
Import Error Code:(4)
Message: Build asset version error: assets/scripts/voxelgridvisualizer.cs in SourceAssetDB has modification time of '2025-07-20T04:52:55.2398498Z' while content on disk has modification time of '2025-07-20T04:52:58.9673498Z'
  ERROR: Build asset version error: assets/scripts/voxelgridvisualizer.cs in SourceAssetDB has modification time of '2025-07-20T04:52:55.2398498Z' while content on disk has modification time of '2025-07-20T04:52:58.9673498Z'
Number of updated asset objects reloaded before import = 0Number of asset objects unloaded after import = 0

========================================================================
Received Import Request.
  Time since last request: 0.000015 seconds.
  path: Assets/Scripts/VoxelGridVisualizer.cs
  artifactKey: Guid(88116b90b5b52184b9de0a0a777bd301) Importer(815301076,1909f56bfc062723c751e8b465ee728b)
Start importing Assets/Scripts/VoxelGridVisualizer.cs using Guid(88116b90b5b52184b9de0a0a777bd301) Importer(815301076,1909f56bfc062723c751e8b465ee728b) (PreviewImporter) -> (artifact id: '00000000000000000000000000000000') in 0.0011805 seconds
Import Error Code:(4)
Message: Build asset version error: assets/scripts/voxelgridvisualizer.cs in SourceAssetDB has modification time of '2025-07-20T04:52:55.2398498Z' while content on disk has modification time of '2025-07-20T04:52:58.9673498Z'
  ERROR: Build asset version error: assets/scripts/voxelgridvisualizer.cs in SourceAssetDB has modification time of '2025-07-20T04:52:55.2398498Z' while content on disk has modification time of '2025-07-20T04:52:58.9673498Z'
Number of updated asset objects reloaded before import = 0Number of asset objects unloaded after import = 0

========================================================================
Received Import Request.
  Time since last request: 0.000017 seconds.
  path: Assets/Scripts/VoxelGridVisualizer.cs
  artifactKey: Guid(88116b90b5b52184b9de0a0a777bd301) Importer(815301076,1909f56bfc062723c751e8b465ee728b)
Start importing Assets/Scripts/VoxelGridVisualizer.cs using Guid(88116b90b5b52184b9de0a0a777bd301) Importer(815301076,1909f56bfc062723c751e8b465ee728b) (PreviewImporter) -> (artifact id: '00000000000000000000000000000000') in 0.0006153 seconds
Import Error Code:(4)
Message: Build asset version error: assets/scripts/voxelgridvisualizer.cs in SourceAssetDB has modification time of '2025-07-20T04:52:55.2398498Z' while content on disk has modification time of '2025-07-20T04:52:58.9673498Z'
  ERROR: Build asset version error: assets/scripts/voxelgridvisualizer.cs in SourceAssetDB has modification time of '2025-07-20T04:52:55.2398498Z' while content on disk has modification time of '2025-07-20T04:52:58.9673498Z'
Number of updated asset objects reloaded before import = 0Number of asset objects unloaded after import = 0

========================================================================
Received Import Request.
  Time since last request: 0.000025 seconds.
  path: Assets/Scripts/VoxelGridVisualizer.cs
  artifactKey: Guid(88116b90b5b52184b9de0a0a777bd301) Importer(815301076,1909f56bfc062723c751e8b465ee728b)
Start importing Assets/Scripts/VoxelGridVisualizer.cs using Guid(88116b90b5b52184b9de0a0a777bd301) Importer(815301076,1909f56bfc062723c751e8b465ee728b) (PreviewImporter) -> (artifact id: '00000000000000000000000000000000') in 0.0005955 seconds
Import Error Code:(4)
Message: Build asset version error: assets/scripts/voxelgridvisualizer.cs in SourceAssetDB has modification time of '2025-07-20T04:52:55.2398498Z' while content on disk has modification time of '2025-07-20T04:52:58.9673498Z'
  ERROR: Build asset version error: assets/scripts/voxelgridvisualizer.cs in SourceAssetDB has modification time of '2025-07-20T04:52:55.2398498Z' while content on disk has modification time of '2025-07-20T04:52:58.9673498Z'
Number of updated asset objects reloaded before import = 0Number of asset objects unloaded after import = 0

========================================================================
Received Import Request.
  Time since last request: 0.000015 seconds.
  path: Assets/Scripts/VoxelGridVisualizer.cs
  artifactKey: Guid(88116b90b5b52184b9de0a0a777bd301) Importer(815301076,1909f56bfc062723c751e8b465ee728b)
Start importing Assets/Scripts/VoxelGridVisualizer.cs using Guid(88116b90b5b52184b9de0a0a777bd301) Importer(815301076,1909f56bfc062723c751e8b465ee728b) (PreviewImporter) -> (artifact id: '00000000000000000000000000000000') in 0.0006928 seconds
Import Error Code:(4)
Message: Build asset version error: assets/scripts/voxelgridvisualizer.cs in SourceAssetDB has modification time of '2025-07-20T04:52:55.2398498Z' while content on disk has modification time of '2025-07-20T04:52:58.9673498Z'
  ERROR: Build asset version error: assets/scripts/voxelgridvisualizer.cs in SourceAssetDB has modification time of '2025-07-20T04:52:55.2398498Z' while content on disk has modification time of '2025-07-20T04:52:58.9673498Z'
Number of updated asset objects reloaded before import = 0Number of asset objects unloaded after import = 0

========================================================================
Received Import Request.
  Time since last request: 0.000015 seconds.
  path: Assets/Scripts/VoxelGridVisualizer.cs
  artifactKey: Guid(88116b90b5b52184b9de0a0a777bd301) Importer(815301076,1909f56bfc062723c751e8b465ee728b)
Start importing Assets/Scripts/VoxelGridVisualizer.cs using Guid(88116b90b5b52184b9de0a0a777bd301) Importer(815301076,1909f56bfc062723c751e8b465ee728b) (PreviewImporter) -> (artifact id: '00000000000000000000000000000000') in 0.0007265 seconds
Import Error Code:(4)
Message: Build asset version error: assets/scripts/voxelgridvisualizer.cs in SourceAssetDB has modification time of '2025-07-20T04:52:55.2398498Z' while content on disk has modification time of '2025-07-20T04:52:58.9673498Z'
  ERROR: Build asset version error: assets/scripts/voxelgridvisualizer.cs in SourceAssetDB has modification time of '2025-07-20T04:52:55.2398498Z' while content on disk has modification time of '2025-07-20T04:52:58.9673498Z'
Number of updated asset objects reloaded before import = 0Number of asset objects unloaded after import = 0

========================================================================
Received Import Request.
  Time since last request: 0.000016 seconds.
  path: Assets/Scripts/VoxelGridVisualizer.cs
  artifactKey: Guid(88116b90b5b52184b9de0a0a777bd301) Importer(815301076,1909f56bfc062723c751e8b465ee728b)
Start importing Assets/Scripts/VoxelGridVisualizer.cs using Guid(88116b90b5b52184b9de0a0a777bd301) Importer(815301076,1909f56bfc062723c751e8b465ee728b) (PreviewImporter) -> (artifact id: '00000000000000000000000000000000') in 0.0010142 seconds
Import Error Code:(4)
Message: Build asset version error: assets/scripts/voxelgridvisualizer.cs in SourceAssetDB has modification time of '2025-07-20T04:52:55.2398498Z' while content on disk has modification time of '2025-07-20T04:52:58.9673498Z'
  ERROR: Build asset version error: assets/scripts/voxelgridvisualizer.cs in SourceAssetDB has modification time of '2025-07-20T04:52:55.2398498Z' while content on disk has modification time of '2025-07-20T04:52:58.9673498Z'
Number of updated asset objects reloaded before import = 0Number of asset objects unloaded after import = 0

========================================================================
Received Import Request.
  Time since last request: 0.000028 seconds.
  path: Assets/Scripts/VoxelGridVisualizer.cs
  artifactKey: Guid(88116b90b5b52184b9de0a0a777bd301) Importer(815301076,1909f56bfc062723c751e8b465ee728b)
Start importing Assets/Scripts/VoxelGridVisualizer.cs using Guid(88116b90b5b52184b9de0a0a777bd301) Importer(815301076,1909f56bfc062723c751e8b465ee728b) (PreviewImporter) -> (artifact id: '00000000000000000000000000000000') in 0.0007553 seconds
Import Error Code:(4)
Message: Build asset version error: assets/scripts/voxelgridvisualizer.cs in SourceAssetDB has modification time of '2025-07-20T04:52:55.2398498Z' while content on disk has modification time of '2025-07-20T04:52:58.9673498Z'
  ERROR: Build asset version error: assets/scripts/voxelgridvisualizer.cs in SourceAssetDB has modification time of '2025-07-20T04:52:55.2398498Z' while content on disk has modification time of '2025-07-20T04:52:58.9673498Z'
Number of updated asset objects reloaded before import = 0Number of asset objects unloaded after import = 0

========================================================================
Received Import Request.
  Time since last request: 0.000025 seconds.
  path: Assets/Scripts/VoxelGridVisualizer.cs
  artifactKey: Guid(88116b90b5b52184b9de0a0a777bd301) Importer(815301076,1909f56bfc062723c751e8b465ee728b)
Start importing Assets/Scripts/VoxelGridVisualizer.cs using Guid(88116b90b5b52184b9de0a0a777bd301) Importer(815301076,1909f56bfc062723c751e8b465ee728b) (PreviewImporter) -> (artifact id: '00000000000000000000000000000000') in 0.0004758 seconds
Import Error Code:(4)
Message: Build asset version error: assets/scripts/voxelgridvisualizer.cs in SourceAssetDB has modification time of '2025-07-20T04:52:55.2398498Z' while content on disk has modification time of '2025-07-20T04:52:58.9673498Z'
  ERROR: Build asset version error: assets/scripts/voxelgridvisualizer.cs in SourceAssetDB has modification time of '2025-07-20T04:52:55.2398498Z' while content on disk has modification time of '2025-07-20T04:52:58.9673498Z'
Number of updated asset objects reloaded before import = 0Number of asset objects unloaded after import = 0

========================================================================
Received Import Request.
  Time since last request: 0.000015 seconds.
  path: Assets/Scripts/VoxelGridVisualizer.cs
  artifactKey: Guid(88116b90b5b52184b9de0a0a777bd301) Importer(815301076,1909f56bfc062723c751e8b465ee728b)
Start importing Assets/Scripts/VoxelGridVisualizer.cs using Guid(88116b90b5b52184b9de0a0a777bd301) Importer(815301076,1909f56bfc062723c751e8b465ee728b) (PreviewImporter) -> (artifact id: '00000000000000000000000000000000') in 0.0006024 seconds
Import Error Code:(4)
Message: Build asset version error: assets/scripts/voxelgridvisualizer.cs in SourceAssetDB has modification time of '2025-07-20T04:52:55.2398498Z' while content on disk has modification time of '2025-07-20T04:52:58.9673498Z'
  ERROR: Build asset version error: assets/scripts/voxelgridvisualizer.cs in SourceAssetDB has modification time of '2025-07-20T04:52:55.2398498Z' while content on disk has modification time of '2025-07-20T04:52:58.9673498Z'
Number of updated asset objects reloaded before import = 0Number of asset objects unloaded after import = 0

========================================================================
Received Import Request.
  Time since last request: 0.000017 seconds.
  path: Assets/Scripts/VoxelGridVisualizer.cs
  artifactKey: Guid(88116b90b5b52184b9de0a0a777bd301) Importer(815301076,1909f56bfc062723c751e8b465ee728b)
Start importing Assets/Scripts/VoxelGridVisualizer.cs using Guid(88116b90b5b52184b9de0a0a777bd301) Importer(815301076,1909f56bfc062723c751e8b465ee728b) (PreviewImporter) -> (artifact id: '00000000000000000000000000000000') in 0.0011114 seconds
Import Error Code:(4)
Message: Build asset version error: assets/scripts/voxelgridvisualizer.cs in SourceAssetDB has modification time of '2025-07-20T04:52:55.2398498Z' while content on disk has modification time of '2025-07-20T04:52:58.9673498Z'
  ERROR: Build asset version error: assets/scripts/voxelgridvisualizer.cs in SourceAssetDB has modification time of '2025-07-20T04:52:55.2398498Z' while content on disk has modification time of '2025-07-20T04:52:58.9673498Z'
Number of updated asset objects reloaded before import = 0Number of asset objects unloaded after import = 0

========================================================================
Received Import Request.
  Time since last request: 0.000020 seconds.
  path: Assets/Scripts/VoxelGridVisualizer.cs
  artifactKey: Guid(88116b90b5b52184b9de0a0a777bd301) Importer(815301076,1909f56bfc062723c751e8b465ee728b)
Start importing Assets/Scripts/VoxelGridVisualizer.cs using Guid(88116b90b5b52184b9de0a0a777bd301) Importer(815301076,1909f56bfc062723c751e8b465ee728b) (PreviewImporter) -> (artifact id: '00000000000000000000000000000000') in 0.0008241 seconds
Import Error Code:(4)
Message: Build asset version error: assets/scripts/voxelgridvisualizer.cs in SourceAssetDB has modification time of '2025-07-20T04:52:55.2398498Z' while content on disk has modification time of '2025-07-20T04:52:58.9673498Z'
  ERROR: Build asset version error: assets/scripts/voxelgridvisualizer.cs in SourceAssetDB has modification time of '2025-07-20T04:52:55.2398498Z' while content on disk has modification time of '2025-07-20T04:52:58.9673498Z'
Number of updated asset objects reloaded before import = 0Number of asset objects unloaded after import = 0

========================================================================
Received Import Request.
  Time since last request: 0.000031 seconds.
  path: Assets/Scripts/VoxelGridVisualizer.cs
  artifactKey: Guid(88116b90b5b52184b9de0a0a777bd301) Importer(815301076,1909f56bfc062723c751e8b465ee728b)
Start importing Assets/Scripts/VoxelGridVisualizer.cs using Guid(88116b90b5b52184b9de0a0a777bd301) Importer(815301076,1909f56bfc062723c751e8b465ee728b) (PreviewImporter) -> (artifact id: '00000000000000000000000000000000') in 0.0006172 seconds
Import Error Code:(4)
Message: Build asset version error: assets/scripts/voxelgridvisualizer.cs in SourceAssetDB has modification time of '2025-07-20T04:52:55.2398498Z' while content on disk has modification time of '2025-07-20T04:52:58.9673498Z'
  ERROR: Build asset version error: assets/scripts/voxelgridvisualizer.cs in SourceAssetDB has modification time of '2025-07-20T04:52:55.2398498Z' while content on disk has modification time of '2025-07-20T04:52:58.9673498Z'
Number of updated asset objects reloaded before import = 0Number of asset objects unloaded after import = 0

========================================================================
Received Import Request.
  Time since last request: 0.000045 seconds.
  path: Assets/Scripts/VoxelGridVisualizer.cs
  artifactKey: Guid(88116b90b5b52184b9de0a0a777bd301) Importer(815301076,1909f56bfc062723c751e8b465ee728b)
Start importing Assets/Scripts/VoxelGridVisualizer.cs using Guid(88116b90b5b52184b9de0a0a777bd301) Importer(815301076,1909f56bfc062723c751e8b465ee728b) (PreviewImporter) -> (artifact id: '00000000000000000000000000000000') in 0.0009701 seconds
Import Error Code:(4)
Message: Build asset version error: assets/scripts/voxelgridvisualizer.cs in SourceAssetDB has modification time of '2025-07-20T04:52:55.2398498Z' while content on disk has modification time of '2025-07-20T04:52:58.9673498Z'
  ERROR: Build asset version error: assets/scripts/voxelgridvisualizer.cs in SourceAssetDB has modification time of '2025-07-20T04:52:55.2398498Z' while content on disk has modification time of '2025-07-20T04:52:58.9673498Z'
Number of updated asset objects reloaded before import = 0Number of asset objects unloaded after import = 0

========================================================================
Received Import Request.
  Time since last request: 0.000012 seconds.
  path: Assets/Scripts/VoxelGridVisualizer.cs
  artifactKey: Guid(88116b90b5b52184b9de0a0a777bd301) Importer(815301076,1909f56bfc062723c751e8b465ee728b)
Start importing Assets/Scripts/VoxelGridVisualizer.cs using Guid(88116b90b5b52184b9de0a0a777bd301) Importer(815301076,1909f56bfc062723c751e8b465ee728b) (PreviewImporter) -> (artifact id: '00000000000000000000000000000000') in 0.0003771 seconds
Import Error Code:(4)
Message: Build asset version error: assets/scripts/voxelgridvisualizer.cs in SourceAssetDB has modification time of '2025-07-20T04:52:55.2398498Z' while content on disk has modification time of '2025-07-20T04:52:58.9673498Z'
  ERROR: Build asset version error: assets/scripts/voxelgridvisualizer.cs in SourceAssetDB has modification time of '2025-07-20T04:52:55.2398498Z' while content on disk has modification time of '2025-07-20T04:52:58.9673498Z'
Number of updated asset objects reloaded before import = 0Number of asset objects unloaded after import = 0

========================================================================
Received Import Request.
  Time since last request: 0.000015 seconds.
  path: Assets/Scripts/VoxelGridVisualizer.cs
  artifactKey: Guid(88116b90b5b52184b9de0a0a777bd301) Importer(815301076,1909f56bfc062723c751e8b465ee728b)
Start importing Assets/Scripts/VoxelGridVisualizer.cs using Guid(88116b90b5b52184b9de0a0a777bd301) Importer(815301076,1909f56bfc062723c751e8b465ee728b) (PreviewImporter) -> (artifact id: '00000000000000000000000000000000') in 0.0006363 seconds
Import Error Code:(4)
Message: Build asset version error: assets/scripts/voxelgridvisualizer.cs in SourceAssetDB has modification time of '2025-07-20T04:52:55.2398498Z' while content on disk has modification time of '2025-07-20T04:52:58.9673498Z'
  ERROR: Build asset version error: assets/scripts/voxelgridvisualizer.cs in SourceAssetDB has modification time of '2025-07-20T04:52:55.2398498Z' while content on disk has modification time of '2025-07-20T04:52:58.9673498Z'
Number of updated asset objects reloaded before import = 0Number of asset objects unloaded after import = 0

========================================================================
Received Import Request.
  Time since last request: 0.000017 seconds.
  path: Assets/Scripts/VoxelGridVisualizer.cs
  artifactKey: Guid(88116b90b5b52184b9de0a0a777bd301) Importer(815301076,1909f56bfc062723c751e8b465ee728b)
Start importing Assets/Scripts/VoxelGridVisualizer.cs using Guid(88116b90b5b52184b9de0a0a777bd301) Importer(815301076,1909f56bfc062723c751e8b465ee728b) (PreviewImporter) -> (artifact id: '00000000000000000000000000000000') in 0.000701 seconds
Import Error Code:(4)
Message: Build asset version error: assets/scripts/voxelgridvisualizer.cs in SourceAssetDB has modification time of '2025-07-20T04:52:55.2398498Z' while content on disk has modification time of '2025-07-20T04:52:58.9673498Z'
  ERROR: Build asset version error: assets/scripts/voxelgridvisualizer.cs in SourceAssetDB has modification time of '2025-07-20T04:52:55.2398498Z' while content on disk has modification time of '2025-07-20T04:52:58.9673498Z'
Number of updated asset objects reloaded before import = 0Number of asset objects unloaded after import = 0

========================================================================
Received Import Request.
  Time since last request: 0.000017 seconds.
  path: Assets/Scripts/VoxelGridVisualizer.cs
  artifactKey: Guid(88116b90b5b52184b9de0a0a777bd301) Importer(815301076,1909f56bfc062723c751e8b465ee728b)
Start importing Assets/Scripts/VoxelGridVisualizer.cs using Guid(88116b90b5b52184b9de0a0a777bd301) Importer(815301076,1909f56bfc062723c751e8b465ee728b) (PreviewImporter) -> (artifact id: '00000000000000000000000000000000') in 0.000631 seconds
Import Error Code:(4)
Message: Build asset version error: assets/scripts/voxelgridvisualizer.cs in SourceAssetDB has modification time of '2025-07-20T04:52:55.2398498Z' while content on disk has modification time of '2025-07-20T04:52:58.9673498Z'
  ERROR: Build asset version error: assets/scripts/voxelgridvisualizer.cs in SourceAssetDB has modification time of '2025-07-20T04:52:55.2398498Z' while content on disk has modification time of '2025-07-20T04:52:58.9673498Z'
Number of updated asset objects reloaded before import = 0Number of asset objects unloaded after import = 0

========================================================================
Received Import Request.
  Time since last request: 0.000038 seconds.
  path: Assets/Scripts/VoxelGridVisualizer.cs
  artifactKey: Guid(88116b90b5b52184b9de0a0a777bd301) Importer(815301076,1909f56bfc062723c751e8b465ee728b)
Start importing Assets/Scripts/VoxelGridVisualizer.cs using Guid(88116b90b5b52184b9de0a0a777bd301) Importer(815301076,1909f56bfc062723c751e8b465ee728b) (PreviewImporter) -> (artifact id: '00000000000000000000000000000000') in 0.0008854 seconds
Import Error Code:(4)
Message: Build asset version error: assets/scripts/voxelgridvisualizer.cs in SourceAssetDB has modification time of '2025-07-20T04:52:55.2398498Z' while content on disk has modification time of '2025-07-20T04:52:58.9673498Z'
  ERROR: Build asset version error: assets/scripts/voxelgridvisualizer.cs in SourceAssetDB has modification time of '2025-07-20T04:52:55.2398498Z' while content on disk has modification time of '2025-07-20T04:52:58.9673498Z'
Number of updated asset objects reloaded before import = 0Number of asset objects unloaded after import = 0

========================================================================
Received Import Request.
  Time since last request: 0.000015 seconds.
  path: Assets/Scripts/VoxelGridVisualizer.cs
  artifactKey: Guid(88116b90b5b52184b9de0a0a777bd301) Importer(815301076,1909f56bfc062723c751e8b465ee728b)
Start importing Assets/Scripts/VoxelGridVisualizer.cs using Guid(88116b90b5b52184b9de0a0a777bd301) Importer(815301076,1909f56bfc062723c751e8b465ee728b) (PreviewImporter) -> (artifact id: '00000000000000000000000000000000') in 0.000606 seconds
Import Error Code:(4)
Message: Build asset version error: assets/scripts/voxelgridvisualizer.cs in SourceAssetDB has modification time of '2025-07-20T04:52:55.2398498Z' while content on disk has modification time of '2025-07-20T04:52:58.9673498Z'
  ERROR: Build asset version error: assets/scripts/voxelgridvisualizer.cs in SourceAssetDB has modification time of '2025-07-20T04:52:55.2398498Z' while content on disk has modification time of '2025-07-20T04:52:58.9673498Z'
Number of updated asset objects reloaded before import = 0Number of asset objects unloaded after import = 0

========================================================================
Received Import Request.
  Time since last request: 0.000015 seconds.
  path: Assets/Scripts/VoxelGridVisualizer.cs
  artifactKey: Guid(88116b90b5b52184b9de0a0a777bd301) Importer(815301076,1909f56bfc062723c751e8b465ee728b)
Start importing Assets/Scripts/VoxelGridVisualizer.cs using Guid(88116b90b5b52184b9de0a0a777bd301) Importer(815301076,1909f56bfc062723c751e8b465ee728b) (PreviewImporter) -> (artifact id: '00000000000000000000000000000000') in 0.0004977 seconds
Import Error Code:(4)
Message: Build asset version error: assets/scripts/voxelgridvisualizer.cs in SourceAssetDB has modification time of '2025-07-20T04:52:55.2398498Z' while content on disk has modification time of '2025-07-20T04:52:58.9673498Z'
  ERROR: Build asset version error: assets/scripts/voxelgridvisualizer.cs in SourceAssetDB has modification time of '2025-07-20T04:52:55.2398498Z' while content on disk has modification time of '2025-07-20T04:52:58.9673498Z'
Number of updated asset objects reloaded before import = 0Number of asset objects unloaded after import = 0

========================================================================
Received Import Request.
  Time since last request: 0.000015 seconds.
  path: Assets/Scripts/VoxelGridVisualizer.cs
  artifactKey: Guid(88116b90b5b52184b9de0a0a777bd301) Importer(815301076,1909f56bfc062723c751e8b465ee728b)
Start importing Assets/Scripts/VoxelGridVisualizer.cs using Guid(88116b90b5b52184b9de0a0a777bd301) Importer(815301076,1909f56bfc062723c751e8b465ee728b) (PreviewImporter) -> (artifact id: '00000000000000000000000000000000') in 0.0006544 seconds
Import Error Code:(4)
Message: Build asset version error: assets/scripts/voxelgridvisualizer.cs in SourceAssetDB has modification time of '2025-07-20T04:52:55.2398498Z' while content on disk has modification time of '2025-07-20T04:52:58.9673498Z'
  ERROR: Build asset version error: assets/scripts/voxelgridvisualizer.cs in SourceAssetDB has modification time of '2025-07-20T04:52:55.2398498Z' while content on disk has modification time of '2025-07-20T04:52:58.9673498Z'
Number of updated asset objects reloaded before import = 0Number of asset objects unloaded after import = 0

========================================================================
Received Import Request.
  Time since last request: 0.000020 seconds.
  path: Assets/Scripts/VoxelGridVisualizer.cs
  artifactKey: Guid(88116b90b5b52184b9de0a0a777bd301) Importer(815301076,1909f56bfc062723c751e8b465ee728b)
Start importing Assets/Scripts/VoxelGridVisualizer.cs using Guid(88116b90b5b52184b9de0a0a777bd301) Importer(815301076,1909f56bfc062723c751e8b465ee728b) (PreviewImporter) -> (artifact id: '00000000000000000000000000000000') in 0.0009507 seconds
Import Error Code:(4)
Message: Build asset version error: assets/scripts/voxelgridvisualizer.cs in SourceAssetDB has modification time of '2025-07-20T04:52:55.2398498Z' while content on disk has modification time of '2025-07-20T04:52:58.9673498Z'
  ERROR: Build asset version error: assets/scripts/voxelgridvisualizer.cs in SourceAssetDB has modification time of '2025-07-20T04:52:55.2398498Z' while content on disk has modification time of '2025-07-20T04:52:58.9673498Z'
Number of updated asset objects reloaded before import = 0Number of asset objects unloaded after import = 0

========================================================================
Received Import Request.
  Time since last request: 0.000539 seconds.
  path: Assets/Scripts/VoxelGridVisualizer.cs
  artifactKey: Guid(88116b90b5b52184b9de0a0a777bd301) Importer(815301076,1909f56bfc062723c751e8b465ee728b)
Start importing Assets/Scripts/VoxelGridVisualizer.cs using Guid(88116b90b5b52184b9de0a0a777bd301) Importer(815301076,1909f56bfc062723c751e8b465ee728b) (PreviewImporter) -> (artifact id: '00000000000000000000000000000000') in 0.0013338 seconds
Import Error Code:(4)
Message: Build asset version error: assets/scripts/voxelgridvisualizer.cs in SourceAssetDB has modification time of '2025-07-20T04:52:55.2398498Z' while content on disk has modification time of '2025-07-20T04:52:58.9673498Z'
  ERROR: Build asset version error: assets/scripts/voxelgridvisualizer.cs in SourceAssetDB has modification time of '2025-07-20T04:52:55.2398498Z' while content on disk has modification time of '2025-07-20T04:52:58.9673498Z'
Number of updated asset objects reloaded before import = 0Number of asset objects unloaded after import = 0

========================================================================
Received Import Request.
  Time since last request: 0.000017 seconds.
  path: Assets/Scripts/VoxelGridVisualizer.cs
  artifactKey: Guid(88116b90b5b52184b9de0a0a777bd301) Importer(815301076,1909f56bfc062723c751e8b465ee728b)
Start importing Assets/Scripts/VoxelGridVisualizer.cs using Guid(88116b90b5b52184b9de0a0a777bd301) Importer(815301076,1909f56bfc062723c751e8b465ee728b) (PreviewImporter) -> (artifact id: '00000000000000000000000000000000') in 0.00068 seconds
Import Error Code:(4)
Message: Build asset version error: assets/scripts/voxelgridvisualizer.cs in SourceAssetDB has modification time of '2025-07-20T04:52:55.2398498Z' while content on disk has modification time of '2025-07-20T04:52:58.9673498Z'
  ERROR: Build asset version error: assets/scripts/voxelgridvisualizer.cs in SourceAssetDB has modification time of '2025-07-20T04:52:55.2398498Z' while content on disk has modification time of '2025-07-20T04:52:58.9673498Z'
Number of updated asset objects reloaded before import = 0Number of asset objects unloaded after import = 0

========================================================================
Received Import Request.
  Time since last request: 0.000024 seconds.
  path: Assets/Scripts/VoxelGridVisualizer.cs
  artifactKey: Guid(88116b90b5b52184b9de0a0a777bd301) Importer(815301076,1909f56bfc062723c751e8b465ee728b)
Start importing Assets/Scripts/VoxelGridVisualizer.cs using Guid(88116b90b5b52184b9de0a0a777bd301) Importer(815301076,1909f56bfc062723c751e8b465ee728b) (PreviewImporter) -> (artifact id: '00000000000000000000000000000000') in 0.0003904 seconds
Import Error Code:(4)
Message: Build asset version error: assets/scripts/voxelgridvisualizer.cs in SourceAssetDB has modification time of '2025-07-20T04:52:55.2398498Z' while content on disk has modification time of '2025-07-20T04:52:58.9673498Z'
  ERROR: Build asset version error: assets/scripts/voxelgridvisualizer.cs in SourceAssetDB has modification time of '2025-07-20T04:52:55.2398498Z' while content on disk has modification time of '2025-07-20T04:52:58.9673498Z'
Number of updated asset objects reloaded before import = 0Number of asset objects unloaded after import = 0

========================================================================
Received Import Request.
  Time since last request: 0.000018 seconds.
  path: Assets/Scripts/VoxelGridVisualizer.cs
  artifactKey: Guid(88116b90b5b52184b9de0a0a777bd301) Importer(815301076,1909f56bfc062723c751e8b465ee728b)
Start importing Assets/Scripts/VoxelGridVisualizer.cs using Guid(88116b90b5b52184b9de0a0a777bd301) Importer(815301076,1909f56bfc062723c751e8b465ee728b) (PreviewImporter) -> (artifact id: '00000000000000000000000000000000') in 0.0010729 seconds
Import Error Code:(4)
Message: Build asset version error: assets/scripts/voxelgridvisualizer.cs in SourceAssetDB has modification time of '2025-07-20T04:52:55.2398498Z' while content on disk has modification time of '2025-07-20T04:52:58.9673498Z'
  ERROR: Build asset version error: assets/scripts/voxelgridvisualizer.cs in SourceAssetDB has modification time of '2025-07-20T04:52:55.2398498Z' while content on disk has modification time of '2025-07-20T04:52:58.9673498Z'
Number of updated asset objects reloaded before import = 0Number of asset objects unloaded after import = 0

========================================================================
Received Import Request.
  Time since last request: 0.000018 seconds.
  path: Assets/Scripts/VoxelGridVisualizer.cs
  artifactKey: Guid(88116b90b5b52184b9de0a0a777bd301) Importer(815301076,1909f56bfc062723c751e8b465ee728b)
Start importing Assets/Scripts/VoxelGridVisualizer.cs using Guid(88116b90b5b52184b9de0a0a777bd301) Importer(815301076,1909f56bfc062723c751e8b465ee728b) (PreviewImporter) -> (artifact id: '00000000000000000000000000000000') in 0.0009077 seconds
Import Error Code:(4)
Message: Build asset version error: assets/scripts/voxelgridvisualizer.cs in SourceAssetDB has modification time of '2025-07-20T04:52:55.2398498Z' while content on disk has modification time of '2025-07-20T04:52:58.9673498Z'
  ERROR: Build asset version error: assets/scripts/voxelgridvisualizer.cs in SourceAssetDB has modification time of '2025-07-20T04:52:55.2398498Z' while content on disk has modification time of '2025-07-20T04:52:58.9673498Z'
Number of updated asset objects reloaded before import = 0Number of asset objects unloaded after import = 0

========================================================================
Received Import Request.
  Time since last request: 0.000026 seconds.
  path: Assets/Scripts/VoxelGridVisualizer.cs
  artifactKey: Guid(88116b90b5b52184b9de0a0a777bd301) Importer(815301076,1909f56bfc062723c751e8b465ee728b)
Start importing Assets/Scripts/VoxelGridVisualizer.cs using Guid(88116b90b5b52184b9de0a0a777bd301) Importer(815301076,1909f56bfc062723c751e8b465ee728b) (PreviewImporter) -> (artifact id: '00000000000000000000000000000000') in 0.0005988 seconds
Import Error Code:(4)
Message: Build asset version error: assets/scripts/voxelgridvisualizer.cs in SourceAssetDB has modification time of '2025-07-20T04:52:55.2398498Z' while content on disk has modification time of '2025-07-20T04:52:58.9673498Z'
  ERROR: Build asset version error: assets/scripts/voxelgridvisualizer.cs in SourceAssetDB has modification time of '2025-07-20T04:52:55.2398498Z' while content on disk has modification time of '2025-07-20T04:52:58.9673498Z'
Number of updated asset objects reloaded before import = 0Number of asset objects unloaded after import = 0

========================================================================
Received Import Request.
  Time since last request: 0.000028 seconds.
  path: Assets/Scripts/VoxelGridVisualizer.cs
  artifactKey: Guid(88116b90b5b52184b9de0a0a777bd301) Importer(815301076,1909f56bfc062723c751e8b465ee728b)
Start importing Assets/Scripts/VoxelGridVisualizer.cs using Guid(88116b90b5b52184b9de0a0a777bd301) Importer(815301076,1909f56bfc062723c751e8b465ee728b) (PreviewImporter) -> (artifact id: '00000000000000000000000000000000') in 0.0012589 seconds
Import Error Code:(4)
Message: Build asset version error: assets/scripts/voxelgridvisualizer.cs in SourceAssetDB has modification time of '2025-07-20T04:52:55.2398498Z' while content on disk has modification time of '2025-07-20T04:52:58.9673498Z'
  ERROR: Build asset version error: assets/scripts/voxelgridvisualizer.cs in SourceAssetDB has modification time of '2025-07-20T04:52:55.2398498Z' while content on disk has modification time of '2025-07-20T04:52:58.9673498Z'
Number of updated asset objects reloaded before import = 0Number of asset objects unloaded after import = 0

========================================================================
Received Import Request.
  Time since last request: 0.000014 seconds.
  path: Assets/Scripts/VoxelGridVisualizer.cs
  artifactKey: Guid(88116b90b5b52184b9de0a0a777bd301) Importer(815301076,1909f56bfc062723c751e8b465ee728b)
Start importing Assets/Scripts/VoxelGridVisualizer.cs using Guid(88116b90b5b52184b9de0a0a777bd301) Importer(815301076,1909f56bfc062723c751e8b465ee728b) (PreviewImporter) -> (artifact id: '00000000000000000000000000000000') in 0.0005665 seconds
Import Error Code:(4)
Message: Build asset version error: assets/scripts/voxelgridvisualizer.cs in SourceAssetDB has modification time of '2025-07-20T04:52:55.2398498Z' while content on disk has modification time of '2025-07-20T04:52:58.9673498Z'
  ERROR: Build asset version error: assets/scripts/voxelgridvisualizer.cs in SourceAssetDB has modification time of '2025-07-20T04:52:55.2398498Z' while content on disk has modification time of '2025-07-20T04:52:58.9673498Z'
Number of updated asset objects reloaded before import = 0Number of asset objects unloaded after import = 0

========================================================================
Received Import Request.
  Time since last request: 0.000015 seconds.
  path: Assets/Scripts/VoxelGridVisualizer.cs
  artifactKey: Guid(88116b90b5b52184b9de0a0a777bd301) Importer(815301076,1909f56bfc062723c751e8b465ee728b)
Start importing Assets/Scripts/VoxelGridVisualizer.cs using Guid(88116b90b5b52184b9de0a0a777bd301) Importer(815301076,1909f56bfc062723c751e8b465ee728b) (PreviewImporter) -> (artifact id: '00000000000000000000000000000000') in 0.0006025 seconds
Import Error Code:(4)
Message: Build asset version error: assets/scripts/voxelgridvisualizer.cs in SourceAssetDB has modification time of '2025-07-20T04:52:55.2398498Z' while content on disk has modification time of '2025-07-20T04:52:58.9673498Z'
  ERROR: Build asset version error: assets/scripts/voxelgridvisualizer.cs in SourceAssetDB has modification time of '2025-07-20T04:52:55.2398498Z' while content on disk has modification time of '2025-07-20T04:52:58.9673498Z'
Number of updated asset objects reloaded before import = 0Number of asset objects unloaded after import = 0

========================================================================
Received Import Request.
  Time since last request: 0.000017 seconds.
  path: Assets/Scripts/VoxelGridVisualizer.cs
  artifactKey: Guid(88116b90b5b52184b9de0a0a777bd301) Importer(815301076,1909f56bfc062723c751e8b465ee728b)
Start importing Assets/Scripts/VoxelGridVisualizer.cs using Guid(88116b90b5b52184b9de0a0a777bd301) Importer(815301076,1909f56bfc062723c751e8b465ee728b) (PreviewImporter) -> (artifact id: '00000000000000000000000000000000') in 0.0007921 seconds
Import Error Code:(4)
Message: Build asset version error: assets/scripts/voxelgridvisualizer.cs in SourceAssetDB has modification time of '2025-07-20T04:52:55.2398498Z' while content on disk has modification time of '2025-07-20T04:52:58.9673498Z'
  ERROR: Build asset version error: assets/scripts/voxelgridvisualizer.cs in SourceAssetDB has modification time of '2025-07-20T04:52:55.2398498Z' while content on disk has modification time of '2025-07-20T04:52:58.9673498Z'
Number of updated asset objects reloaded before import = 0Number of asset objects unloaded after import = 0

========================================================================
Received Import Request.
  Time since last request: 0.000034 seconds.
  path: Assets/Scripts/VoxelGridVisualizer.cs
  artifactKey: Guid(88116b90b5b52184b9de0a0a777bd301) Importer(815301076,1909f56bfc062723c751e8b465ee728b)
Start importing Assets/Scripts/VoxelGridVisualizer.cs using Guid(88116b90b5b52184b9de0a0a777bd301) Importer(815301076,1909f56bfc062723c751e8b465ee728b) (PreviewImporter) -> (artifact id: '00000000000000000000000000000000') in 0.0008591 seconds
Import Error Code:(4)
Message: Build asset version error: assets/scripts/voxelgridvisualizer.cs in SourceAssetDB has modification time of '2025-07-20T04:52:55.2398498Z' while content on disk has modification time of '2025-07-20T04:52:58.9673498Z'
  ERROR: Build asset version error: assets/scripts/voxelgridvisualizer.cs in SourceAssetDB has modification time of '2025-07-20T04:52:55.2398498Z' while content on disk has modification time of '2025-07-20T04:52:58.9673498Z'
Number of updated asset objects reloaded before import = 0Number of asset objects unloaded after import = 0

========================================================================
Received Import Request.
  Time since last request: 0.000014 seconds.
  path: Assets/Scripts/VoxelGridVisualizer.cs
  artifactKey: Guid(88116b90b5b52184b9de0a0a777bd301) Importer(815301076,1909f56bfc062723c751e8b465ee728b)
Start importing Assets/Scripts/VoxelGridVisualizer.cs using Guid(88116b90b5b52184b9de0a0a777bd301) Importer(815301076,1909f56bfc062723c751e8b465ee728b) (PreviewImporter) -> (artifact id: '00000000000000000000000000000000') in 0.0004858 seconds
Import Error Code:(4)
Message: Build asset version error: assets/scripts/voxelgridvisualizer.cs in SourceAssetDB has modification time of '2025-07-20T04:52:55.2398498Z' while content on disk has modification time of '2025-07-20T04:52:58.9673498Z'
  ERROR: Build asset version error: assets/scripts/voxelgridvisualizer.cs in SourceAssetDB has modification time of '2025-07-20T04:52:55.2398498Z' while content on disk has modification time of '2025-07-20T04:52:58.9673498Z'
Number of updated asset objects reloaded before import = 0Number of asset objects unloaded after import = 0

========================================================================
Received Import Request.
  Time since last request: 0.000015 seconds.
  path: Assets/Scripts/VoxelGridVisualizer.cs
  artifactKey: Guid(88116b90b5b52184b9de0a0a777bd301) Importer(815301076,1909f56bfc062723c751e8b465ee728b)
Start importing Assets/Scripts/VoxelGridVisualizer.cs using Guid(88116b90b5b52184b9de0a0a777bd301) Importer(815301076,1909f56bfc062723c751e8b465ee728b) (PreviewImporter) -> (artifact id: '00000000000000000000000000000000') in 0.0009918 seconds
Import Error Code:(4)
Message: Build asset version error: assets/scripts/voxelgridvisualizer.cs in SourceAssetDB has modification time of '2025-07-20T04:52:55.2398498Z' while content on disk has modification time of '2025-07-20T04:52:58.9673498Z'
  ERROR: Build asset version error: assets/scripts/voxelgridvisualizer.cs in SourceAssetDB has modification time of '2025-07-20T04:52:55.2398498Z' while content on disk has modification time of '2025-07-20T04:52:58.9673498Z'
Number of updated asset objects reloaded before import = 0Number of asset objects unloaded after import = 0

========================================================================
Received Import Request.
  Time since last request: 0.000020 seconds.
  path: Assets/Scripts/VoxelGridVisualizer.cs
  artifactKey: Guid(88116b90b5b52184b9de0a0a777bd301) Importer(815301076,1909f56bfc062723c751e8b465ee728b)
Start importing Assets/Scripts/VoxelGridVisualizer.cs using Guid(88116b90b5b52184b9de0a0a777bd301) Importer(815301076,1909f56bfc062723c751e8b465ee728b) (PreviewImporter) -> (artifact id: '00000000000000000000000000000000') in 0.0013414 seconds
Import Error Code:(4)
Message: Build asset version error: assets/scripts/voxelgridvisualizer.cs in SourceAssetDB has modification time of '2025-07-20T04:52:55.2398498Z' while content on disk has modification time of '2025-07-20T04:52:58.9673498Z'
  ERROR: Build asset version error: assets/scripts/voxelgridvisualizer.cs in SourceAssetDB has modification time of '2025-07-20T04:52:55.2398498Z' while content on disk has modification time of '2025-07-20T04:52:58.9673498Z'
Number of updated asset objects reloaded before import = 0Number of asset objects unloaded after import = 0

========================================================================
Received Import Request.
  Time since last request: 0.000017 seconds.
  path: Assets/Scripts/VoxelGridVisualizer.cs
  artifactKey: Guid(88116b90b5b52184b9de0a0a777bd301) Importer(815301076,1909f56bfc062723c751e8b465ee728b)
Start importing Assets/Scripts/VoxelGridVisualizer.cs using Guid(88116b90b5b52184b9de0a0a777bd301) Importer(815301076,1909f56bfc062723c751e8b465ee728b) (PreviewImporter) -> (artifact id: '00000000000000000000000000000000') in 0.0010948 seconds
Import Error Code:(4)
Message: Build asset version error: assets/scripts/voxelgridvisualizer.cs in SourceAssetDB has modification time of '2025-07-20T04:52:55.2398498Z' while content on disk has modification time of '2025-07-20T04:52:58.9673498Z'
  ERROR: Build asset version error: assets/scripts/voxelgridvisualizer.cs in SourceAssetDB has modification time of '2025-07-20T04:52:55.2398498Z' while content on disk has modification time of '2025-07-20T04:52:58.9673498Z'
Number of updated asset objects reloaded before import = 0Number of asset objects unloaded after import = 0

========================================================================
Received Import Request.
  Time since last request: 0.000035 seconds.
  path: Assets/Scripts/VoxelGridVisualizer.cs
  artifactKey: Guid(88116b90b5b52184b9de0a0a777bd301) Importer(815301076,1909f56bfc062723c751e8b465ee728b)
Start importing Assets/Scripts/VoxelGridVisualizer.cs using Guid(88116b90b5b52184b9de0a0a777bd301) Importer(815301076,1909f56bfc062723c751e8b465ee728b) (PreviewImporter) -> (artifact id: '00000000000000000000000000000000') in 0.0005926 seconds
Import Error Code:(4)
Message: Build asset version error: assets/scripts/voxelgridvisualizer.cs in SourceAssetDB has modification time of '2025-07-20T04:52:55.2398498Z' while content on disk has modification time of '2025-07-20T04:52:58.9673498Z'
  ERROR: Build asset version error: assets/scripts/voxelgridvisualizer.cs in SourceAssetDB has modification time of '2025-07-20T04:52:55.2398498Z' while content on disk has modification time of '2025-07-20T04:52:58.9673498Z'
Number of updated asset objects reloaded before import = 0Number of asset objects unloaded after import = 0

========================================================================
Received Import Request.
  Time since last request: 0.000027 seconds.
  path: Assets/Scripts/VoxelGridVisualizer.cs
  artifactKey: Guid(88116b90b5b52184b9de0a0a777bd301) Importer(815301076,1909f56bfc062723c751e8b465ee728b)
Start importing Assets/Scripts/VoxelGridVisualizer.cs using Guid(88116b90b5b52184b9de0a0a777bd301) Importer(815301076,1909f56bfc062723c751e8b465ee728b) (PreviewImporter) -> (artifact id: '00000000000000000000000000000000') in 0.0010608 seconds
Import Error Code:(4)
Message: Build asset version error: assets/scripts/voxelgridvisualizer.cs in SourceAssetDB has modification time of '2025-07-20T04:52:55.2398498Z' while content on disk has modification time of '2025-07-20T04:52:58.9673498Z'
  ERROR: Build asset version error: assets/scripts/voxelgridvisualizer.cs in SourceAssetDB has modification time of '2025-07-20T04:52:55.2398498Z' while content on disk has modification time of '2025-07-20T04:52:58.9673498Z'
Number of updated asset objects reloaded before import = 0Number of asset objects unloaded after import = 0

========================================================================
Received Import Request.
  Time since last request: 0.000014 seconds.
  path: Assets/Scripts/VoxelGridVisualizer.cs
  artifactKey: Guid(88116b90b5b52184b9de0a0a777bd301) Importer(815301076,1909f56bfc062723c751e8b465ee728b)
Start importing Assets/Scripts/VoxelGridVisualizer.cs using Guid(88116b90b5b52184b9de0a0a777bd301) Importer(815301076,1909f56bfc062723c751e8b465ee728b) (PreviewImporter) -> (artifact id: '00000000000000000000000000000000') in 0.0012906 seconds
Import Error Code:(4)
Message: Build asset version error: assets/scripts/voxelgridvisualizer.cs in SourceAssetDB has modification time of '2025-07-20T04:52:55.2398498Z' while content on disk has modification time of '2025-07-20T04:52:58.9673498Z'
  ERROR: Build asset version error: assets/scripts/voxelgridvisualizer.cs in SourceAssetDB has modification time of '2025-07-20T04:52:55.2398498Z' while content on disk has modification time of '2025-07-20T04:52:58.9673498Z'
Number of updated asset objects reloaded before import = 0Number of asset objects unloaded after import = 0

========================================================================
Received Import Request.
  Time since last request: 0.000029 seconds.
  path: Assets/Scripts/VoxelGridVisualizer.cs
  artifactKey: Guid(88116b90b5b52184b9de0a0a777bd301) Importer(815301076,1909f56bfc062723c751e8b465ee728b)
Start importing Assets/Scripts/VoxelGridVisualizer.cs using Guid(88116b90b5b52184b9de0a0a777bd301) Importer(815301076,1909f56bfc062723c751e8b465ee728b) (PreviewImporter) -> (artifact id: '00000000000000000000000000000000') in 0.0006646 seconds
Import Error Code:(4)
Message: Build asset version error: assets/scripts/voxelgridvisualizer.cs in SourceAssetDB has modification time of '2025-07-20T04:52:55.2398498Z' while content on disk has modification time of '2025-07-20T04:52:58.9673498Z'
  ERROR: Build asset version error: assets/scripts/voxelgridvisualizer.cs in SourceAssetDB has modification time of '2025-07-20T04:52:55.2398498Z' while content on disk has modification time of '2025-07-20T04:52:58.9673498Z'
Number of updated asset objects reloaded before import = 0Number of asset objects unloaded after import = 0

========================================================================
Received Import Request.
  Time since last request: 0.000026 seconds.
  path: Assets/Scripts/VoxelGridVisualizer.cs
  artifactKey: Guid(88116b90b5b52184b9de0a0a777bd301) Importer(815301076,1909f56bfc062723c751e8b465ee728b)
Start importing Assets/Scripts/VoxelGridVisualizer.cs using Guid(88116b90b5b52184b9de0a0a777bd301) Importer(815301076,1909f56bfc062723c751e8b465ee728b) (PreviewImporter) -> (artifact id: '00000000000000000000000000000000') in 0.0006949 seconds
Import Error Code:(4)
Message: Build asset version error: assets/scripts/voxelgridvisualizer.cs in SourceAssetDB has modification time of '2025-07-20T04:52:55.2398498Z' while content on disk has modification time of '2025-07-20T04:52:58.9673498Z'
  ERROR: Build asset version error: assets/scripts/voxelgridvisualizer.cs in SourceAssetDB has modification time of '2025-07-20T04:52:55.2398498Z' while content on disk has modification time of '2025-07-20T04:52:58.9673498Z'
Number of updated asset objects reloaded before import = 0Number of asset objects unloaded after import = 0

========================================================================
Received Import Request.
  Time since last request: 0.000016 seconds.
  path: Assets/Scripts/VoxelGridVisualizer.cs
  artifactKey: Guid(88116b90b5b52184b9de0a0a777bd301) Importer(815301076,1909f56bfc062723c751e8b465ee728b)
Start importing Assets/Scripts/VoxelGridVisualizer.cs using Guid(88116b90b5b52184b9de0a0a777bd301) Importer(815301076,1909f56bfc062723c751e8b465ee728b) (PreviewImporter) -> (artifact id: '00000000000000000000000000000000') in 0.0006327 seconds
Import Error Code:(4)
Message: Build asset version error: assets/scripts/voxelgridvisualizer.cs in SourceAssetDB has modification time of '2025-07-20T04:52:55.2398498Z' while content on disk has modification time of '2025-07-20T04:52:58.9673498Z'
  ERROR: Build asset version error: assets/scripts/voxelgridvisualizer.cs in SourceAssetDB has modification time of '2025-07-20T04:52:55.2398498Z' while content on disk has modification time of '2025-07-20T04:52:58.9673498Z'
Number of updated asset objects reloaded before import = 0Number of asset objects unloaded after import = 0

========================================================================
Received Import Request.
  Time since last request: 0.000024 seconds.
  path: Assets/Scripts/VoxelGridVisualizer.cs
  artifactKey: Guid(88116b90b5b52184b9de0a0a777bd301) Importer(815301076,1909f56bfc062723c751e8b465ee728b)
Start importing Assets/Scripts/VoxelGridVisualizer.cs using Guid(88116b90b5b52184b9de0a0a777bd301) Importer(815301076,1909f56bfc062723c751e8b465ee728b) (PreviewImporter) -> (artifact id: '00000000000000000000000000000000') in 0.0006295 seconds
Import Error Code:(4)
Message: Build asset version error: assets/scripts/voxelgridvisualizer.cs in SourceAssetDB has modification time of '2025-07-20T04:52:55.2398498Z' while content on disk has modification time of '2025-07-20T04:52:58.9673498Z'
  ERROR: Build asset version error: assets/scripts/voxelgridvisualizer.cs in SourceAssetDB has modification time of '2025-07-20T04:52:55.2398498Z' while content on disk has modification time of '2025-07-20T04:52:58.9673498Z'
Number of updated asset objects reloaded before import = 0Number of asset objects unloaded after import = 0

========================================================================
Received Import Request.
  Time since last request: 0.000023 seconds.
  path: Assets/Scripts/VoxelGridVisualizer.cs
  artifactKey: Guid(88116b90b5b52184b9de0a0a777bd301) Importer(815301076,1909f56bfc062723c751e8b465ee728b)
Start importing Assets/Scripts/VoxelGridVisualizer.cs using Guid(88116b90b5b52184b9de0a0a777bd301) Importer(815301076,1909f56bfc062723c751e8b465ee728b) (PreviewImporter) -> (artifact id: '00000000000000000000000000000000') in 0.0006009 seconds
Import Error Code:(4)
Message: Build asset version error: assets/scripts/voxelgridvisualizer.cs in SourceAssetDB has modification time of '2025-07-20T04:52:55.2398498Z' while content on disk has modification time of '2025-07-20T04:52:58.9673498Z'
  ERROR: Build asset version error: assets/scripts/voxelgridvisualizer.cs in SourceAssetDB has modification time of '2025-07-20T04:52:55.2398498Z' while content on disk has modification time of '2025-07-20T04:52:58.9673498Z'
Number of updated asset objects reloaded before import = 0Number of asset objects unloaded after import = 0

========================================================================
Received Import Request.
  Time since last request: 0.000042 seconds.
  path: Assets/Scripts/VoxelGridVisualizer.cs
  artifactKey: Guid(88116b90b5b52184b9de0a0a777bd301) Importer(815301076,1909f56bfc062723c751e8b465ee728b)
Start importing Assets/Scripts/VoxelGridVisualizer.cs using Guid(88116b90b5b52184b9de0a0a777bd301) Importer(815301076,1909f56bfc062723c751e8b465ee728b) (PreviewImporter) -> (artifact id: '00000000000000000000000000000000') in 0.0009554 seconds
Import Error Code:(4)
Message: Build asset version error: assets/scripts/voxelgridvisualizer.cs in SourceAssetDB has modification time of '2025-07-20T04:52:55.2398498Z' while content on disk has modification time of '2025-07-20T04:52:58.9673498Z'
  ERROR: Build asset version error: assets/scripts/voxelgridvisualizer.cs in SourceAssetDB has modification time of '2025-07-20T04:52:55.2398498Z' while content on disk has modification time of '2025-07-20T04:52:58.9673498Z'
Number of updated asset objects reloaded before import = 0Number of asset objects unloaded after import = 0

========================================================================
Received Import Request.
  Time since last request: 0.000026 seconds.
  path: Assets/Scripts/VoxelGridVisualizer.cs
  artifactKey: Guid(88116b90b5b52184b9de0a0a777bd301) Importer(815301076,1909f56bfc062723c751e8b465ee728b)
Start importing Assets/Scripts/VoxelGridVisualizer.cs using Guid(88116b90b5b52184b9de0a0a777bd301) Importer(815301076,1909f56bfc062723c751e8b465ee728b) (PreviewImporter) -> (artifact id: '00000000000000000000000000000000') in 0.0014973 seconds
Import Error Code:(4)
Message: Build asset version error: assets/scripts/voxelgridvisualizer.cs in SourceAssetDB has modification time of '2025-07-20T04:52:55.2398498Z' while content on disk has modification time of '2025-07-20T04:52:58.9673498Z'
  ERROR: Build asset version error: assets/scripts/voxelgridvisualizer.cs in SourceAssetDB has modification time of '2025-07-20T04:52:55.2398498Z' while content on disk has modification time of '2025-07-20T04:52:58.9673498Z'
Number of updated asset objects reloaded before import = 0Number of asset objects unloaded after import = 0

========================================================================
Received Import Request.
  Time since last request: 0.000019 seconds.
  path: Assets/Scripts/VoxelGridVisualizer.cs
  artifactKey: Guid(88116b90b5b52184b9de0a0a777bd301) Importer(815301076,1909f56bfc062723c751e8b465ee728b)
Start importing Assets/Scripts/VoxelGridVisualizer.cs using Guid(88116b90b5b52184b9de0a0a777bd301) Importer(815301076,1909f56bfc062723c751e8b465ee728b) (PreviewImporter) -> (artifact id: '00000000000000000000000000000000') in 0.0012434 seconds
Import Error Code:(4)
Message: Build asset version error: assets/scripts/voxelgridvisualizer.cs in SourceAssetDB has modification time of '2025-07-20T04:52:55.2398498Z' while content on disk has modification time of '2025-07-20T04:52:58.9673498Z'
  ERROR: Build asset version error: assets/scripts/voxelgridvisualizer.cs in SourceAssetDB has modification time of '2025-07-20T04:52:55.2398498Z' while content on disk has modification time of '2025-07-20T04:52:58.9673498Z'
Number of updated asset objects reloaded before import = 0Number of asset objects unloaded after import = 0

========================================================================
Received Import Request.
  Time since last request: 0.000013 seconds.
  path: Assets/Scripts/VoxelGridVisualizer.cs
  artifactKey: Guid(88116b90b5b52184b9de0a0a777bd301) Importer(815301076,1909f56bfc062723c751e8b465ee728b)
Start importing Assets/Scripts/VoxelGridVisualizer.cs using Guid(88116b90b5b52184b9de0a0a777bd301) Importer(815301076,1909f56bfc062723c751e8b465ee728b) (PreviewImporter) -> (artifact id: '00000000000000000000000000000000') in 0.0011276 seconds
Import Error Code:(4)
Message: Build asset version error: assets/scripts/voxelgridvisualizer.cs in SourceAssetDB has modification time of '2025-07-20T04:52:55.2398498Z' while content on disk has modification time of '2025-07-20T04:52:58.9673498Z'
  ERROR: Build asset version error: assets/scripts/voxelgridvisualizer.cs in SourceAssetDB has modification time of '2025-07-20T04:52:55.2398498Z' while content on disk has modification time of '2025-07-20T04:52:58.9673498Z'
Number of updated asset objects reloaded before import = 0Number of asset objects unloaded after import = 0

========================================================================
Received Import Request.
  Time since last request: 0.000027 seconds.
  path: Assets/Scripts/VoxelGridVisualizer.cs
  artifactKey: Guid(88116b90b5b52184b9de0a0a777bd301) Importer(815301076,1909f56bfc062723c751e8b465ee728b)
Start importing Assets/Scripts/VoxelGridVisualizer.cs using Guid(88116b90b5b52184b9de0a0a777bd301) Importer(815301076,1909f56bfc062723c751e8b465ee728b) (PreviewImporter) -> (artifact id: '00000000000000000000000000000000') in 0.0006026 seconds
Import Error Code:(4)
Message: Build asset version error: assets/scripts/voxelgridvisualizer.cs in SourceAssetDB has modification time of '2025-07-20T04:52:55.2398498Z' while content on disk has modification time of '2025-07-20T04:52:58.9673498Z'
  ERROR: Build asset version error: assets/scripts/voxelgridvisualizer.cs in SourceAssetDB has modification time of '2025-07-20T04:52:55.2398498Z' while content on disk has modification time of '2025-07-20T04:52:58.9673498Z'
Number of updated asset objects reloaded before import = 0Number of asset objects unloaded after import = 0

========================================================================
Received Import Request.
  Time since last request: 0.000017 seconds.
  path: Assets/Scripts/VoxelGridVisualizer.cs
  artifactKey: Guid(88116b90b5b52184b9de0a0a777bd301) Importer(815301076,1909f56bfc062723c751e8b465ee728b)
Start importing Assets/Scripts/VoxelGridVisualizer.cs using Guid(88116b90b5b52184b9de0a0a777bd301) Importer(815301076,1909f56bfc062723c751e8b465ee728b) (PreviewImporter) -> (artifact id: '00000000000000000000000000000000') in 0.000632 seconds
Import Error Code:(4)
Message: Build asset version error: assets/scripts/voxelgridvisualizer.cs in SourceAssetDB has modification time of '2025-07-20T04:52:55.2398498Z' while content on disk has modification time of '2025-07-20T04:52:58.9673498Z'
  ERROR: Build asset version error: assets/scripts/voxelgridvisualizer.cs in SourceAssetDB has modification time of '2025-07-20T04:52:55.2398498Z' while content on disk has modification time of '2025-07-20T04:52:58.9673498Z'
Number of updated asset objects reloaded before import = 0Number of asset objects unloaded after import = 0

========================================================================
Received Import Request.
  Time since last request: 0.000020 seconds.
  path: Assets/Scripts/VoxelGridVisualizer.cs
  artifactKey: Guid(88116b90b5b52184b9de0a0a777bd301) Importer(815301076,1909f56bfc062723c751e8b465ee728b)
Start importing Assets/Scripts/VoxelGridVisualizer.cs using Guid(88116b90b5b52184b9de0a0a777bd301) Importer(815301076,1909f56bfc062723c751e8b465ee728b) (PreviewImporter) -> (artifact id: '00000000000000000000000000000000') in 0.0007136 seconds
Import Error Code:(4)
Message: Build asset version error: assets/scripts/voxelgridvisualizer.cs in SourceAssetDB has modification time of '2025-07-20T04:52:55.2398498Z' while content on disk has modification time of '2025-07-20T04:52:58.9673498Z'
  ERROR: Build asset version error: assets/scripts/voxelgridvisualizer.cs in SourceAssetDB has modification time of '2025-07-20T04:52:55.2398498Z' while content on disk has modification time of '2025-07-20T04:52:58.9673498Z'
Number of updated asset objects reloaded before import = 0Number of asset objects unloaded after import = 0

========================================================================
Received Import Request.
  Time since last request: 0.000027 seconds.
  path: Assets/Scripts/VoxelGridVisualizer.cs
  artifactKey: Guid(88116b90b5b52184b9de0a0a777bd301) Importer(815301076,1909f56bfc062723c751e8b465ee728b)
Start importing Assets/Scripts/VoxelGridVisualizer.cs using Guid(88116b90b5b52184b9de0a0a777bd301) Importer(815301076,1909f56bfc062723c751e8b465ee728b) (PreviewImporter) -> (artifact id: '00000000000000000000000000000000') in 0.0006035 seconds
Import Error Code:(4)
Message: Build asset version error: assets/scripts/voxelgridvisualizer.cs in SourceAssetDB has modification time of '2025-07-20T04:52:55.2398498Z' while content on disk has modification time of '2025-07-20T04:52:58.9673498Z'
  ERROR: Build asset version error: assets/scripts/voxelgridvisualizer.cs in SourceAssetDB has modification time of '2025-07-20T04:52:55.2398498Z' while content on disk has modification time of '2025-07-20T04:52:58.9673498Z'
Number of updated asset objects reloaded before import = 0Number of asset objects unloaded after import = 0

========================================================================
Received Import Request.
  Time since last request: 0.000016 seconds.
  path: Assets/Scripts/VoxelGridVisualizer.cs
  artifactKey: Guid(88116b90b5b52184b9de0a0a777bd301) Importer(815301076,1909f56bfc062723c751e8b465ee728b)
Start importing Assets/Scripts/VoxelGridVisualizer.cs using Guid(88116b90b5b52184b9de0a0a777bd301) Importer(815301076,1909f56bfc062723c751e8b465ee728b) (PreviewImporter) -> (artifact id: '00000000000000000000000000000000') in 0.0006579 seconds
Import Error Code:(4)
Message: Build asset version error: assets/scripts/voxelgridvisualizer.cs in SourceAssetDB has modification time of '2025-07-20T04:52:55.2398498Z' while content on disk has modification time of '2025-07-20T04:52:58.9673498Z'
  ERROR: Build asset version error: assets/scripts/voxelgridvisualizer.cs in SourceAssetDB has modification time of '2025-07-20T04:52:55.2398498Z' while content on disk has modification time of '2025-07-20T04:52:58.9673498Z'
Number of updated asset objects reloaded before import = 0Number of asset objects unloaded after import = 0

========================================================================
Received Import Request.
  Time since last request: 0.000034 seconds.
  path: Assets/Scripts/VoxelGridVisualizer.cs
  artifactKey: Guid(88116b90b5b52184b9de0a0a777bd301) Importer(815301076,1909f56bfc062723c751e8b465ee728b)
Start importing Assets/Scripts/VoxelGridVisualizer.cs using Guid(88116b90b5b52184b9de0a0a777bd301) Importer(815301076,1909f56bfc062723c751e8b465ee728b) (PreviewImporter) -> (artifact id: '00000000000000000000000000000000') in 0.0015659 seconds
Import Error Code:(4)
Message: Build asset version error: assets/scripts/voxelgridvisualizer.cs in SourceAssetDB has modification time of '2025-07-20T04:52:55.2398498Z' while content on disk has modification time of '2025-07-20T04:52:58.9673498Z'
  ERROR: Build asset version error: assets/scripts/voxelgridvisualizer.cs in SourceAssetDB has modification time of '2025-07-20T04:52:55.2398498Z' while content on disk has modification time of '2025-07-20T04:52:58.9673498Z'
Number of updated asset objects reloaded before import = 0Number of asset objects unloaded after import = 0

========================================================================
Received Import Request.
  Time since last request: 0.000015 seconds.
  path: Assets/Scripts/VoxelGridVisualizer.cs
  artifactKey: Guid(88116b90b5b52184b9de0a0a777bd301) Importer(815301076,1909f56bfc062723c751e8b465ee728b)
Start importing Assets/Scripts/VoxelGridVisualizer.cs using Guid(88116b90b5b52184b9de0a0a777bd301) Importer(815301076,1909f56bfc062723c751e8b465ee728b) (PreviewImporter) -> (artifact id: '00000000000000000000000000000000') in 0.0011204 seconds
Import Error Code:(4)
Message: Build asset version error: assets/scripts/voxelgridvisualizer.cs in SourceAssetDB has modification time of '2025-07-20T04:52:55.2398498Z' while content on disk has modification time of '2025-07-20T04:52:58.9673498Z'
  ERROR: Build asset version error: assets/scripts/voxelgridvisualizer.cs in SourceAssetDB has modification time of '2025-07-20T04:52:55.2398498Z' while content on disk has modification time of '2025-07-20T04:52:58.9673498Z'
Number of updated asset objects reloaded before import = 0Number of asset objects unloaded after import = 0

========================================================================
Received Import Request.
  Time since last request: 0.000026 seconds.
  path: Assets/Scripts/VoxelGridVisualizer.cs
  artifactKey: Guid(88116b90b5b52184b9de0a0a777bd301) Importer(815301076,1909f56bfc062723c751e8b465ee728b)
Start importing Assets/Scripts/VoxelGridVisualizer.cs using Guid(88116b90b5b52184b9de0a0a777bd301) Importer(815301076,1909f56bfc062723c751e8b465ee728b) (PreviewImporter) -> (artifact id: '00000000000000000000000000000000') in 0.0012935 seconds
Import Error Code:(4)
Message: Build asset version error: assets/scripts/voxelgridvisualizer.cs in SourceAssetDB has modification time of '2025-07-20T04:52:55.2398498Z' while content on disk has modification time of '2025-07-20T04:52:58.9673498Z'
  ERROR: Build asset version error: assets/scripts/voxelgridvisualizer.cs in SourceAssetDB has modification time of '2025-07-20T04:52:55.2398498Z' while content on disk has modification time of '2025-07-20T04:52:58.9673498Z'
Number of updated asset objects reloaded before import = 0Number of asset objects unloaded after import = 0

========================================================================
Received Import Request.
  Time since last request: 0.000029 seconds.
  path: Assets/Scripts/VoxelGridVisualizer.cs
  artifactKey: Guid(88116b90b5b52184b9de0a0a777bd301) Importer(815301076,1909f56bfc062723c751e8b465ee728b)
Start importing Assets/Scripts/VoxelGridVisualizer.cs using Guid(88116b90b5b52184b9de0a0a777bd301) Importer(815301076,1909f56bfc062723c751e8b465ee728b) (PreviewImporter) -> (artifact id: '00000000000000000000000000000000') in 0.000653 seconds
Import Error Code:(4)
Message: Build asset version error: assets/scripts/voxelgridvisualizer.cs in SourceAssetDB has modification time of '2025-07-20T04:52:55.2398498Z' while content on disk has modification time of '2025-07-20T04:52:58.9673498Z'
  ERROR: Build asset version error: assets/scripts/voxelgridvisualizer.cs in SourceAssetDB has modification time of '2025-07-20T04:52:55.2398498Z' while content on disk has modification time of '2025-07-20T04:52:58.9673498Z'
Number of updated asset objects reloaded before import = 0Number of asset objects unloaded after import = 0

========================================================================
Received Import Request.
  Time since last request: 0.000026 seconds.
  path: Assets/Scripts/VoxelGridVisualizer.cs
  artifactKey: Guid(88116b90b5b52184b9de0a0a777bd301) Importer(815301076,1909f56bfc062723c751e8b465ee728b)
Start importing Assets/Scripts/VoxelGridVisualizer.cs using Guid(88116b90b5b52184b9de0a0a777bd301) Importer(815301076,1909f56bfc062723c751e8b465ee728b) (PreviewImporter) -> (artifact id: '00000000000000000000000000000000') in 0.0006046 seconds
Import Error Code:(4)
Message: Build asset version error: assets/scripts/voxelgridvisualizer.cs in SourceAssetDB has modification time of '2025-07-20T04:52:55.2398498Z' while content on disk has modification time of '2025-07-20T04:52:58.9673498Z'
  ERROR: Build asset version error: assets/scripts/voxelgridvisualizer.cs in SourceAssetDB has modification time of '2025-07-20T04:52:55.2398498Z' while content on disk has modification time of '2025-07-20T04:52:58.9673498Z'
Number of updated asset objects reloaded before import = 0Number of asset objects unloaded after import = 0

========================================================================
Received Import Request.
  Time since last request: 0.000018 seconds.
  path: Assets/Scripts/VoxelGridVisualizer.cs
  artifactKey: Guid(88116b90b5b52184b9de0a0a777bd301) Importer(815301076,1909f56bfc062723c751e8b465ee728b)
Start importing Assets/Scripts/VoxelGridVisualizer.cs using Guid(88116b90b5b52184b9de0a0a777bd301) Importer(815301076,1909f56bfc062723c751e8b465ee728b) (PreviewImporter) -> (artifact id: '00000000000000000000000000000000') in 0.0004936 seconds
Import Error Code:(4)
Message: Build asset version error: assets/scripts/voxelgridvisualizer.cs in SourceAssetDB has modification time of '2025-07-20T04:52:55.2398498Z' while content on disk has modification time of '2025-07-20T04:52:58.9673498Z'
  ERROR: Build asset version error: assets/scripts/voxelgridvisualizer.cs in SourceAssetDB has modification time of '2025-07-20T04:52:55.2398498Z' while content on disk has modification time of '2025-07-20T04:52:58.9673498Z'
Number of updated asset objects reloaded before import = 0Number of asset objects unloaded after import = 0

========================================================================
Received Import Request.
  Time since last request: 0.000016 seconds.
  path: Assets/Scripts/VoxelGridVisualizer.cs
  artifactKey: Guid(88116b90b5b52184b9de0a0a777bd301) Importer(815301076,1909f56bfc062723c751e8b465ee728b)
Start importing Assets/Scripts/VoxelGridVisualizer.cs using Guid(88116b90b5b52184b9de0a0a777bd301) Importer(815301076,1909f56bfc062723c751e8b465ee728b) (PreviewImporter) -> (artifact id: '00000000000000000000000000000000') in 0.0006872 seconds
Import Error Code:(4)
Message: Build asset version error: assets/scripts/voxelgridvisualizer.cs in SourceAssetDB has modification time of '2025-07-20T04:52:55.2398498Z' while content on disk has modification time of '2025-07-20T04:52:58.9673498Z'
  ERROR: Build asset version error: assets/scripts/voxelgridvisualizer.cs in SourceAssetDB has modification time of '2025-07-20T04:52:55.2398498Z' while content on disk has modification time of '2025-07-20T04:52:58.9673498Z'
Number of updated asset objects reloaded before import = 0Number of asset objects unloaded after import = 0

========================================================================
Received Import Request.
  Time since last request: 0.000015 seconds.
  path: Assets/Scripts/VoxelGridVisualizer.cs
  artifactKey: Guid(88116b90b5b52184b9de0a0a777bd301) Importer(815301076,1909f56bfc062723c751e8b465ee728b)
Start importing Assets/Scripts/VoxelGridVisualizer.cs using Guid(88116b90b5b52184b9de0a0a777bd301) Importer(815301076,1909f56bfc062723c751e8b465ee728b) (PreviewImporter) -> (artifact id: '00000000000000000000000000000000') in 0.0006912 seconds
Import Error Code:(4)
Message: Build asset version error: assets/scripts/voxelgridvisualizer.cs in SourceAssetDB has modification time of '2025-07-20T04:52:55.2398498Z' while content on disk has modification time of '2025-07-20T04:52:58.9673498Z'
  ERROR: Build asset version error: assets/scripts/voxelgridvisualizer.cs in SourceAssetDB has modification time of '2025-07-20T04:52:55.2398498Z' while content on disk has modification time of '2025-07-20T04:52:58.9673498Z'
Number of updated asset objects reloaded before import = 0Number of asset objects unloaded after import = 0

========================================================================
Received Import Request.
  Time since last request: 0.000012 seconds.
  path: Assets/Scripts/VoxelGridVisualizer.cs
  artifactKey: Guid(88116b90b5b52184b9de0a0a777bd301) Importer(815301076,1909f56bfc062723c751e8b465ee728b)
Start importing Assets/Scripts/VoxelGridVisualizer.cs using Guid(88116b90b5b52184b9de0a0a777bd301) Importer(815301076,1909f56bfc062723c751e8b465ee728b) (PreviewImporter) -> (artifact id: '00000000000000000000000000000000') in 0.0007442 seconds
Import Error Code:(4)
Message: Build asset version error: assets/scripts/voxelgridvisualizer.cs in SourceAssetDB has modification time of '2025-07-20T04:52:55.2398498Z' while content on disk has modification time of '2025-07-20T04:52:58.9673498Z'
  ERROR: Build asset version error: assets/scripts/voxelgridvisualizer.cs in SourceAssetDB has modification time of '2025-07-20T04:52:55.2398498Z' while content on disk has modification time of '2025-07-20T04:52:58.9673498Z'
Number of updated asset objects reloaded before import = 0Number of asset objects unloaded after import = 0

========================================================================
Received Import Request.
  Time since last request: 0.000027 seconds.
  path: Assets/Scripts/VoxelGridVisualizer.cs
  artifactKey: Guid(88116b90b5b52184b9de0a0a777bd301) Importer(815301076,1909f56bfc062723c751e8b465ee728b)
Start importing Assets/Scripts/VoxelGridVisualizer.cs using Guid(88116b90b5b52184b9de0a0a777bd301) Importer(815301076,1909f56bfc062723c751e8b465ee728b) (PreviewImporter) -> (artifact id: '00000000000000000000000000000000') in 0.0010393 seconds
Import Error Code:(4)
Message: Build asset version error: assets/scripts/voxelgridvisualizer.cs in SourceAssetDB has modification time of '2025-07-20T04:52:55.2398498Z' while content on disk has modification time of '2025-07-20T04:52:58.9673498Z'
  ERROR: Build asset version error: assets/scripts/voxelgridvisualizer.cs in SourceAssetDB has modification time of '2025-07-20T04:52:55.2398498Z' while content on disk has modification time of '2025-07-20T04:52:58.9673498Z'
Number of updated asset objects reloaded before import = 0Number of asset objects unloaded after import = 0

========================================================================
Received Import Request.
  Time since last request: 0.000027 seconds.
  path: Assets/Scripts/VoxelGridVisualizer.cs
  artifactKey: Guid(88116b90b5b52184b9de0a0a777bd301) Importer(815301076,1909f56bfc062723c751e8b465ee728b)
Start importing Assets/Scripts/VoxelGridVisualizer.cs using Guid(88116b90b5b52184b9de0a0a777bd301) Importer(815301076,1909f56bfc062723c751e8b465ee728b) (PreviewImporter) -> (artifact id: '00000000000000000000000000000000') in 0.0007454 seconds
Import Error Code:(4)
Message: Build asset version error: assets/scripts/voxelgridvisualizer.cs in SourceAssetDB has modification time of '2025-07-20T04:52:55.2398498Z' while content on disk has modification time of '2025-07-20T04:52:58.9673498Z'
  ERROR: Build asset version error: assets/scripts/voxelgridvisualizer.cs in SourceAssetDB has modification time of '2025-07-20T04:52:55.2398498Z' while content on disk has modification time of '2025-07-20T04:52:58.9673498Z'
Number of updated asset objects reloaded before import = 0Number of asset objects unloaded after import = 0

========================================================================
Received Import Request.
  Time since last request: 0.000015 seconds.
  path: Assets/Scripts/VoxelGridVisualizer.cs
  artifactKey: Guid(88116b90b5b52184b9de0a0a777bd301) Importer(815301076,1909f56bfc062723c751e8b465ee728b)
Start importing Assets/Scripts/VoxelGridVisualizer.cs using Guid(88116b90b5b52184b9de0a0a777bd301) Importer(815301076,1909f56bfc062723c751e8b465ee728b) (PreviewImporter) -> (artifact id: '00000000000000000000000000000000') in 0.0005769 seconds
Import Error Code:(4)
Message: Build asset version error: assets/scripts/voxelgridvisualizer.cs in SourceAssetDB has modification time of '2025-07-20T04:52:55.2398498Z' while content on disk has modification time of '2025-07-20T04:52:58.9673498Z'
  ERROR: Build asset version error: assets/scripts/voxelgridvisualizer.cs in SourceAssetDB has modification time of '2025-07-20T04:52:55.2398498Z' while content on disk has modification time of '2025-07-20T04:52:58.9673498Z'
Number of updated asset objects reloaded before import = 0Number of asset objects unloaded after import = 0

========================================================================
Received Import Request.
  Time since last request: 0.000020 seconds.
  path: Assets/Scripts/VoxelGridVisualizer.cs
  artifactKey: Guid(88116b90b5b52184b9de0a0a777bd301) Importer(815301076,1909f56bfc062723c751e8b465ee728b)
Start importing Assets/Scripts/VoxelGridVisualizer.cs using Guid(88116b90b5b52184b9de0a0a777bd301) Importer(815301076,1909f56bfc062723c751e8b465ee728b) (PreviewImporter) -> (artifact id: '00000000000000000000000000000000') in 0.0010941 seconds
Import Error Code:(4)
Message: Build asset version error: assets/scripts/voxelgridvisualizer.cs in SourceAssetDB has modification time of '2025-07-20T04:52:55.2398498Z' while content on disk has modification time of '2025-07-20T04:52:58.9673498Z'
  ERROR: Build asset version error: assets/scripts/voxelgridvisualizer.cs in SourceAssetDB has modification time of '2025-07-20T04:52:55.2398498Z' while content on disk has modification time of '2025-07-20T04:52:58.9673498Z'
Number of updated asset objects reloaded before import = 0Number of asset objects unloaded after import = 0

========================================================================
Received Import Request.
  Time since last request: 0.000018 seconds.
  path: Assets/Scripts/VoxelGridVisualizer.cs
  artifactKey: Guid(88116b90b5b52184b9de0a0a777bd301) Importer(815301076,1909f56bfc062723c751e8b465ee728b)
Start importing Assets/Scripts/VoxelGridVisualizer.cs using Guid(88116b90b5b52184b9de0a0a777bd301) Importer(815301076,1909f56bfc062723c751e8b465ee728b) (PreviewImporter) -> (artifact id: '00000000000000000000000000000000') in 0.00059 seconds
Import Error Code:(4)
Message: Build asset version error: assets/scripts/voxelgridvisualizer.cs in SourceAssetDB has modification time of '2025-07-20T04:52:55.2398498Z' while content on disk has modification time of '2025-07-20T04:52:58.9673498Z'
  ERROR: Build asset version error: assets/scripts/voxelgridvisualizer.cs in SourceAssetDB has modification time of '2025-07-20T04:52:55.2398498Z' while content on disk has modification time of '2025-07-20T04:52:58.9673498Z'
Number of updated asset objects reloaded before import = 0Number of asset objects unloaded after import = 0

========================================================================
Received Import Request.
  Time since last request: 0.000027 seconds.
  path: Assets/Scripts/VoxelGridVisualizer.cs
  artifactKey: Guid(88116b90b5b52184b9de0a0a777bd301) Importer(815301076,1909f56bfc062723c751e8b465ee728b)
Start importing Assets/Scripts/VoxelGridVisualizer.cs using Guid(88116b90b5b52184b9de0a0a777bd301) Importer(815301076,1909f56bfc062723c751e8b465ee728b) (PreviewImporter) -> (artifact id: '00000000000000000000000000000000') in 0.0005686 seconds
Import Error Code:(4)
Message: Build asset version error: assets/scripts/voxelgridvisualizer.cs in SourceAssetDB has modification time of '2025-07-20T04:52:55.2398498Z' while content on disk has modification time of '2025-07-20T04:52:58.9673498Z'
  ERROR: Build asset version error: assets/scripts/voxelgridvisualizer.cs in SourceAssetDB has modification time of '2025-07-20T04:52:55.2398498Z' while content on disk has modification time of '2025-07-20T04:52:58.9673498Z'
Number of updated asset objects reloaded before import = 0Number of asset objects unloaded after import = 0

========================================================================
Received Import Request.
  Time since last request: 0.000024 seconds.
  path: Assets/Scripts/VoxelGridVisualizer.cs
  artifactKey: Guid(88116b90b5b52184b9de0a0a777bd301) Importer(815301076,1909f56bfc062723c751e8b465ee728b)
Start importing Assets/Scripts/VoxelGridVisualizer.cs using Guid(88116b90b5b52184b9de0a0a777bd301) Importer(815301076,1909f56bfc062723c751e8b465ee728b) (PreviewImporter) -> (artifact id: '00000000000000000000000000000000') in 0.0008574 seconds
Import Error Code:(4)
Message: Build asset version error: assets/scripts/voxelgridvisualizer.cs in SourceAssetDB has modification time of '2025-07-20T04:52:55.2398498Z' while content on disk has modification time of '2025-07-20T04:52:58.9673498Z'
  ERROR: Build asset version error: assets/scripts/voxelgridvisualizer.cs in SourceAssetDB has modification time of '2025-07-20T04:52:55.2398498Z' while content on disk has modification time of '2025-07-20T04:52:58.9673498Z'
Number of updated asset objects reloaded before import = 0Number of asset objects unloaded after import = 0

========================================================================
Received Import Request.
  Time since last request: 0.000018 seconds.
  path: Assets/Scripts/VoxelGridVisualizer.cs
  artifactKey: Guid(88116b90b5b52184b9de0a0a777bd301) Importer(815301076,1909f56bfc062723c751e8b465ee728b)
Start importing Assets/Scripts/VoxelGridVisualizer.cs using Guid(88116b90b5b52184b9de0a0a777bd301) Importer(815301076,1909f56bfc062723c751e8b465ee728b) (PreviewImporter) -> (artifact id: '00000000000000000000000000000000') in 0.0006244 seconds
Import Error Code:(4)
Message: Build asset version error: assets/scripts/voxelgridvisualizer.cs in SourceAssetDB has modification time of '2025-07-20T04:52:55.2398498Z' while content on disk has modification time of '2025-07-20T04:52:58.9673498Z'
  ERROR: Build asset version error: assets/scripts/voxelgridvisualizer.cs in SourceAssetDB has modification time of '2025-07-20T04:52:55.2398498Z' while content on disk has modification time of '2025-07-20T04:52:58.9673498Z'
Number of updated asset objects reloaded before import = 0Number of asset objects unloaded after import = 0

========================================================================
Received Import Request.
  Time since last request: 0.000025 seconds.
  path: Assets/Scripts/VoxelGridVisualizer.cs
  artifactKey: Guid(88116b90b5b52184b9de0a0a777bd301) Importer(815301076,1909f56bfc062723c751e8b465ee728b)
Start importing Assets/Scripts/VoxelGridVisualizer.cs using Guid(88116b90b5b52184b9de0a0a777bd301) Importer(815301076,1909f56bfc062723c751e8b465ee728b) (PreviewImporter) -> (artifact id: '00000000000000000000000000000000') in 0.0009976 seconds
Import Error Code:(4)
Message: Build asset version error: assets/scripts/voxelgridvisualizer.cs in SourceAssetDB has modification time of '2025-07-20T04:52:55.2398498Z' while content on disk has modification time of '2025-07-20T04:52:58.9673498Z'
  ERROR: Build asset version error: assets/scripts/voxelgridvisualizer.cs in SourceAssetDB has modification time of '2025-07-20T04:52:55.2398498Z' while content on disk has modification time of '2025-07-20T04:52:58.9673498Z'
Number of updated asset objects reloaded before import = 0Number of asset objects unloaded after import = 0

========================================================================
Received Import Request.
  Time since last request: 0.000016 seconds.
  path: Assets/Scripts/VoxelGridVisualizer.cs
  artifactKey: Guid(88116b90b5b52184b9de0a0a777bd301) Importer(815301076,1909f56bfc062723c751e8b465ee728b)
Start importing Assets/Scripts/VoxelGridVisualizer.cs using Guid(88116b90b5b52184b9de0a0a777bd301) Importer(815301076,1909f56bfc062723c751e8b465ee728b) (PreviewImporter) -> (artifact id: '00000000000000000000000000000000') in 0.0006219 seconds
Import Error Code:(4)
Message: Build asset version error: assets/scripts/voxelgridvisualizer.cs in SourceAssetDB has modification time of '2025-07-20T04:52:55.2398498Z' while content on disk has modification time of '2025-07-20T04:52:58.9673498Z'
  ERROR: Build asset version error: assets/scripts/voxelgridvisualizer.cs in SourceAssetDB has modification time of '2025-07-20T04:52:55.2398498Z' while content on disk has modification time of '2025-07-20T04:52:58.9673498Z'
Number of updated asset objects reloaded before import = 0Number of asset objects unloaded after import = 0

========================================================================
Received Import Request.
  Time since last request: 0.000018 seconds.
  path: Assets/Scripts/VoxelGridVisualizer.cs
  artifactKey: Guid(88116b90b5b52184b9de0a0a777bd301) Importer(815301076,1909f56bfc062723c751e8b465ee728b)
Start importing Assets/Scripts/VoxelGridVisualizer.cs using Guid(88116b90b5b52184b9de0a0a777bd301) Importer(815301076,1909f56bfc062723c751e8b465ee728b) (PreviewImporter) -> (artifact id: '00000000000000000000000000000000') in 0.0006476 seconds
Import Error Code:(4)
Message: Build asset version error: assets/scripts/voxelgridvisualizer.cs in SourceAssetDB has modification time of '2025-07-20T04:52:55.2398498Z' while content on disk has modification time of '2025-07-20T04:52:58.9673498Z'
  ERROR: Build asset version error: assets/scripts/voxelgridvisualizer.cs in SourceAssetDB has modification time of '2025-07-20T04:52:55.2398498Z' while content on disk has modification time of '2025-07-20T04:52:58.9673498Z'
Number of updated asset objects reloaded before import = 0Number of asset objects unloaded after import = 0

========================================================================
Received Import Request.
  Time since last request: 0.000027 seconds.
  path: Assets/Scripts/VoxelGridVisualizer.cs
  artifactKey: Guid(88116b90b5b52184b9de0a0a777bd301) Importer(815301076,1909f56bfc062723c751e8b465ee728b)
Start importing Assets/Scripts/VoxelGridVisualizer.cs using Guid(88116b90b5b52184b9de0a0a777bd301) Importer(815301076,1909f56bfc062723c751e8b465ee728b) (PreviewImporter) -> (artifact id: '00000000000000000000000000000000') in 0.0007097 seconds
Import Error Code:(4)
Message: Build asset version error: assets/scripts/voxelgridvisualizer.cs in SourceAssetDB has modification time of '2025-07-20T04:52:55.2398498Z' while content on disk has modification time of '2025-07-20T04:52:58.9673498Z'
  ERROR: Build asset version error: assets/scripts/voxelgridvisualizer.cs in SourceAssetDB has modification time of '2025-07-20T04:52:55.2398498Z' while content on disk has modification time of '2025-07-20T04:52:58.9673498Z'
Number of updated asset objects reloaded before import = 0Number of asset objects unloaded after import = 0

========================================================================
Received Import Request.
  Time since last request: 0.000014 seconds.
  path: Assets/Scripts/VoxelGridVisualizer.cs
  artifactKey: Guid(88116b90b5b52184b9de0a0a777bd301) Importer(815301076,1909f56bfc062723c751e8b465ee728b)
Start importing Assets/Scripts/VoxelGridVisualizer.cs using Guid(88116b90b5b52184b9de0a0a777bd301) Importer(815301076,1909f56bfc062723c751e8b465ee728b) (PreviewImporter) -> (artifact id: '00000000000000000000000000000000') in 0.0006723 seconds
Import Error Code:(4)
Message: Build asset version error: assets/scripts/voxelgridvisualizer.cs in SourceAssetDB has modification time of '2025-07-20T04:52:55.2398498Z' while content on disk has modification time of '2025-07-20T04:52:58.9673498Z'
  ERROR: Build asset version error: assets/scripts/voxelgridvisualizer.cs in SourceAssetDB has modification time of '2025-07-20T04:52:55.2398498Z' while content on disk has modification time of '2025-07-20T04:52:58.9673498Z'
Number of updated asset objects reloaded before import = 0Number of asset objects unloaded after import = 0

========================================================================
Received Import Request.
  Time since last request: 0.000015 seconds.
  path: Assets/Scripts/VoxelGridVisualizer.cs
  artifactKey: Guid(88116b90b5b52184b9de0a0a777bd301) Importer(815301076,1909f56bfc062723c751e8b465ee728b)
Start importing Assets/Scripts/VoxelGridVisualizer.cs using Guid(88116b90b5b52184b9de0a0a777bd301) Importer(815301076,1909f56bfc062723c751e8b465ee728b) (PreviewImporter) -> (artifact id: '00000000000000000000000000000000') in 0.0005951 seconds
Import Error Code:(4)
Message: Build asset version error: assets/scripts/voxelgridvisualizer.cs in SourceAssetDB has modification time of '2025-07-20T04:52:55.2398498Z' while content on disk has modification time of '2025-07-20T04:52:58.9673498Z'
  ERROR: Build asset version error: assets/scripts/voxelgridvisualizer.cs in SourceAssetDB has modification time of '2025-07-20T04:52:55.2398498Z' while content on disk has modification time of '2025-07-20T04:52:58.9673498Z'
Number of updated asset objects reloaded before import = 0Number of asset objects unloaded after import = 0

========================================================================
Received Import Request.
  Time since last request: 0.000017 seconds.
  path: Assets/Scripts/VoxelGridVisualizer.cs
  artifactKey: Guid(88116b90b5b52184b9de0a0a777bd301) Importer(815301076,1909f56bfc062723c751e8b465ee728b)
Start importing Assets/Scripts/VoxelGridVisualizer.cs using Guid(88116b90b5b52184b9de0a0a777bd301) Importer(815301076,1909f56bfc062723c751e8b465ee728b) (PreviewImporter) -> (artifact id: '00000000000000000000000000000000') in 0.00136 seconds
Import Error Code:(4)
Message: Build asset version error: assets/scripts/voxelgridvisualizer.cs in SourceAssetDB has modification time of '2025-07-20T04:52:55.2398498Z' while content on disk has modification time of '2025-07-20T04:52:58.9673498Z'
  ERROR: Build asset version error: assets/scripts/voxelgridvisualizer.cs in SourceAssetDB has modification time of '2025-07-20T04:52:55.2398498Z' while content on disk has modification time of '2025-07-20T04:52:58.9673498Z'
Number of updated asset objects reloaded before import = 0Number of asset objects unloaded after import = 0

========================================================================
Received Import Request.
  Time since last request: 0.000018 seconds.
  path: Assets/Scripts/VoxelGridVisualizer.cs
  artifactKey: Guid(88116b90b5b52184b9de0a0a777bd301) Importer(815301076,1909f56bfc062723c751e8b465ee728b)
Start importing Assets/Scripts/VoxelGridVisualizer.cs using Guid(88116b90b5b52184b9de0a0a777bd301) Importer(815301076,1909f56bfc062723c751e8b465ee728b) (PreviewImporter) -> (artifact id: '00000000000000000000000000000000') in 0.000649 seconds
Import Error Code:(4)
Message: Build asset version error: assets/scripts/voxelgridvisualizer.cs in SourceAssetDB has modification time of '2025-07-20T04:52:55.2398498Z' while content on disk has modification time of '2025-07-20T04:52:58.9673498Z'
  ERROR: Build asset version error: assets/scripts/voxelgridvisualizer.cs in SourceAssetDB has modification time of '2025-07-20T04:52:55.2398498Z' while content on disk has modification time of '2025-07-20T04:52:58.9673498Z'
Number of updated asset objects reloaded before import = 0Number of asset objects unloaded after import = 0

========================================================================
Received Import Request.
  Time since last request: 0.000050 seconds.
  path: Assets/Scripts/VoxelGridVisualizer.cs
  artifactKey: Guid(88116b90b5b52184b9de0a0a777bd301) Importer(815301076,1909f56bfc062723c751e8b465ee728b)
Start importing Assets/Scripts/VoxelGridVisualizer.cs using Guid(88116b90b5b52184b9de0a0a777bd301) Importer(815301076,1909f56bfc062723c751e8b465ee728b) (PreviewImporter) -> (artifact id: '00000000000000000000000000000000') in 0.0010019 seconds
Import Error Code:(4)
Message: Build asset version error: assets/scripts/voxelgridvisualizer.cs in SourceAssetDB has modification time of '2025-07-20T04:52:55.2398498Z' while content on disk has modification time of '2025-07-20T04:52:58.9673498Z'
  ERROR: Build asset version error: assets/scripts/voxelgridvisualizer.cs in SourceAssetDB has modification time of '2025-07-20T04:52:55.2398498Z' while content on disk has modification time of '2025-07-20T04:52:58.9673498Z'
Number of updated asset objects reloaded before import = 0Number of asset objects unloaded after import = 0

========================================================================
Received Import Request.
  Time since last request: 0.000021 seconds.
  path: Assets/Scripts/VoxelGridVisualizer.cs
  artifactKey: Guid(88116b90b5b52184b9de0a0a777bd301) Importer(815301076,1909f56bfc062723c751e8b465ee728b)
Start importing Assets/Scripts/VoxelGridVisualizer.cs using Guid(88116b90b5b52184b9de0a0a777bd301) Importer(815301076,1909f56bfc062723c751e8b465ee728b) (PreviewImporter) -> (artifact id: '00000000000000000000000000000000') in 0.0006825 seconds
Import Error Code:(4)
Message: Build asset version error: assets/scripts/voxelgridvisualizer.cs in SourceAssetDB has modification time of '2025-07-20T04:52:55.2398498Z' while content on disk has modification time of '2025-07-20T04:52:58.9673498Z'
  ERROR: Build asset version error: assets/scripts/voxelgridvisualizer.cs in SourceAssetDB has modification time of '2025-07-20T04:52:55.2398498Z' while content on disk has modification time of '2025-07-20T04:52:58.9673498Z'
Number of updated asset objects reloaded before import = 0Number of asset objects unloaded after import = 0

========================================================================
Received Import Request.
  Time since last request: 0.000017 seconds.
  path: Assets/Scripts/VoxelGridVisualizer.cs
  artifactKey: Guid(88116b90b5b52184b9de0a0a777bd301) Importer(815301076,1909f56bfc062723c751e8b465ee728b)
Start importing Assets/Scripts/VoxelGridVisualizer.cs using Guid(88116b90b5b52184b9de0a0a777bd301) Importer(815301076,1909f56bfc062723c751e8b465ee728b) (PreviewImporter) -> (artifact id: '00000000000000000000000000000000') in 0.0005036 seconds
Import Error Code:(4)
Message: Build asset version error: assets/scripts/voxelgridvisualizer.cs in SourceAssetDB has modification time of '2025-07-20T04:52:55.2398498Z' while content on disk has modification time of '2025-07-20T04:52:58.9673498Z'
  ERROR: Build asset version error: assets/scripts/voxelgridvisualizer.cs in SourceAssetDB has modification time of '2025-07-20T04:52:55.2398498Z' while content on disk has modification time of '2025-07-20T04:52:58.9673498Z'
Number of updated asset objects reloaded before import = 0Number of asset objects unloaded after import = 0

========================================================================
Received Import Request.
  Time since last request: 0.000016 seconds.
  path: Assets/Scripts/VoxelGridVisualizer.cs
  artifactKey: Guid(88116b90b5b52184b9de0a0a777bd301) Importer(815301076,1909f56bfc062723c751e8b465ee728b)
Start importing Assets/Scripts/VoxelGridVisualizer.cs using Guid(88116b90b5b52184b9de0a0a777bd301) Importer(815301076,1909f56bfc062723c751e8b465ee728b) (PreviewImporter) -> (artifact id: '00000000000000000000000000000000') in 0.0006362 seconds
Import Error Code:(4)
Message: Build asset version error: assets/scripts/voxelgridvisualizer.cs in SourceAssetDB has modification time of '2025-07-20T04:52:55.2398498Z' while content on disk has modification time of '2025-07-20T04:52:58.9673498Z'
  ERROR: Build asset version error: assets/scripts/voxelgridvisualizer.cs in SourceAssetDB has modification time of '2025-07-20T04:52:55.2398498Z' while content on disk has modification time of '2025-07-20T04:52:58.9673498Z'
Number of updated asset objects reloaded before import = 0Number of asset objects unloaded after import = 0

========================================================================
Received Import Request.
  Time since last request: 0.000018 seconds.
  path: Assets/Scripts/VoxelGridVisualizer.cs
  artifactKey: Guid(88116b90b5b52184b9de0a0a777bd301) Importer(815301076,1909f56bfc062723c751e8b465ee728b)
Start importing Assets/Scripts/VoxelGridVisualizer.cs using Guid(88116b90b5b52184b9de0a0a777bd301) Importer(815301076,1909f56bfc062723c751e8b465ee728b) (PreviewImporter) -> (artifact id: '00000000000000000000000000000000') in 0.0006256 seconds
Import Error Code:(4)
Message: Build asset version error: assets/scripts/voxelgridvisualizer.cs in SourceAssetDB has modification time of '2025-07-20T04:52:55.2398498Z' while content on disk has modification time of '2025-07-20T04:52:58.9673498Z'
  ERROR: Build asset version error: assets/scripts/voxelgridvisualizer.cs in SourceAssetDB has modification time of '2025-07-20T04:52:55.2398498Z' while content on disk has modification time of '2025-07-20T04:52:58.9673498Z'
Number of updated asset objects reloaded before import = 0Number of asset objects unloaded after import = 0

========================================================================
Received Import Request.
  Time since last request: 0.000030 seconds.
  path: Assets/Scripts/VoxelGridVisualizer.cs
  artifactKey: Guid(88116b90b5b52184b9de0a0a777bd301) Importer(815301076,1909f56bfc062723c751e8b465ee728b)
Start importing Assets/Scripts/VoxelGridVisualizer.cs using Guid(88116b90b5b52184b9de0a0a777bd301) Importer(815301076,1909f56bfc062723c751e8b465ee728b) (PreviewImporter) -> (artifact id: '00000000000000000000000000000000') in 0.000622 seconds
Import Error Code:(4)
Message: Build asset version error: assets/scripts/voxelgridvisualizer.cs in SourceAssetDB has modification time of '2025-07-20T04:52:55.2398498Z' while content on disk has modification time of '2025-07-20T04:52:58.9673498Z'
  ERROR: Build asset version error: assets/scripts/voxelgridvisualizer.cs in SourceAssetDB has modification time of '2025-07-20T04:52:55.2398498Z' while content on disk has modification time of '2025-07-20T04:52:58.9673498Z'
Number of updated asset objects reloaded before import = 0Number of asset objects unloaded after import = 0

========================================================================
Received Import Request.
  Time since last request: 0.000025 seconds.
  path: Assets/Scripts/VoxelGridVisualizer.cs
  artifactKey: Guid(88116b90b5b52184b9de0a0a777bd301) Importer(815301076,1909f56bfc062723c751e8b465ee728b)
Start importing Assets/Scripts/VoxelGridVisualizer.cs using Guid(88116b90b5b52184b9de0a0a777bd301) Importer(815301076,1909f56bfc062723c751e8b465ee728b) (PreviewImporter) -> (artifact id: '00000000000000000000000000000000') in 0.0008579 seconds
Import Error Code:(4)
Message: Build asset version error: assets/scripts/voxelgridvisualizer.cs in SourceAssetDB has modification time of '2025-07-20T04:52:55.2398498Z' while content on disk has modification time of '2025-07-20T04:52:58.9673498Z'
  ERROR: Build asset version error: assets/scripts/voxelgridvisualizer.cs in SourceAssetDB has modification time of '2025-07-20T04:52:55.2398498Z' while content on disk has modification time of '2025-07-20T04:52:58.9673498Z'
Number of updated asset objects reloaded before import = 0Number of asset objects unloaded after import = 0

========================================================================
Received Import Request.
  Time since last request: 0.000014 seconds.
  path: Assets/Scripts/VoxelGridVisualizer.cs
  artifactKey: Guid(88116b90b5b52184b9de0a0a777bd301) Importer(815301076,1909f56bfc062723c751e8b465ee728b)
Start importing Assets/Scripts/VoxelGridVisualizer.cs using Guid(88116b90b5b52184b9de0a0a777bd301) Importer(815301076,1909f56bfc062723c751e8b465ee728b) (PreviewImporter) -> (artifact id: '00000000000000000000000000000000') in 0.0017181 seconds
Import Error Code:(4)
Message: Build asset version error: assets/scripts/voxelgridvisualizer.cs in SourceAssetDB has modification time of '2025-07-20T04:52:55.2398498Z' while content on disk has modification time of '2025-07-20T04:52:58.9673498Z'
  ERROR: Build asset version error: assets/scripts/voxelgridvisualizer.cs in SourceAssetDB has modification time of '2025-07-20T04:52:55.2398498Z' while content on disk has modification time of '2025-07-20T04:52:58.9673498Z'
Number of updated asset objects reloaded before import = 0Number of asset objects unloaded after import = 0

========================================================================
Received Import Request.
  Time since last request: 0.000016 seconds.
  path: Assets/Scripts/VoxelGridVisualizer.cs
  artifactKey: Guid(88116b90b5b52184b9de0a0a777bd301) Importer(815301076,1909f56bfc062723c751e8b465ee728b)
Start importing Assets/Scripts/VoxelGridVisualizer.cs using Guid(88116b90b5b52184b9de0a0a777bd301) Importer(815301076,1909f56bfc062723c751e8b465ee728b) (PreviewImporter) -> (artifact id: '00000000000000000000000000000000') in 0.0006262 seconds
Import Error Code:(4)
Message: Build asset version error: assets/scripts/voxelgridvisualizer.cs in SourceAssetDB has modification time of '2025-07-20T04:52:55.2398498Z' while content on disk has modification time of '2025-07-20T04:52:58.9673498Z'
  ERROR: Build asset version error: assets/scripts/voxelgridvisualizer.cs in SourceAssetDB has modification time of '2025-07-20T04:52:55.2398498Z' while content on disk has modification time of '2025-07-20T04:52:58.9673498Z'
Number of updated asset objects reloaded before import = 0Number of asset objects unloaded after import = 0

========================================================================
Received Import Request.
  Time since last request: 0.000024 seconds.
  path: Assets/Scripts/VoxelGridVisualizer.cs
  artifactKey: Guid(88116b90b5b52184b9de0a0a777bd301) Importer(815301076,1909f56bfc062723c751e8b465ee728b)
Start importing Assets/Scripts/VoxelGridVisualizer.cs using Guid(88116b90b5b52184b9de0a0a777bd301) Importer(815301076,1909f56bfc062723c751e8b465ee728b) (PreviewImporter) -> (artifact id: '00000000000000000000000000000000') in 0.0005631 seconds
Import Error Code:(4)
Message: Build asset version error: assets/scripts/voxelgridvisualizer.cs in SourceAssetDB has modification time of '2025-07-20T04:52:55.2398498Z' while content on disk has modification time of '2025-07-20T04:52:58.9673498Z'
  ERROR: Build asset version error: assets/scripts/voxelgridvisualizer.cs in SourceAssetDB has modification time of '2025-07-20T04:52:55.2398498Z' while content on disk has modification time of '2025-07-20T04:52:58.9673498Z'
Number of updated asset objects reloaded before import = 0Number of asset objects unloaded after import = 0

========================================================================
Received Import Request.
  Time since last request: 0.000015 seconds.
  path: Assets/Scripts/VoxelGridVisualizer.cs
  artifactKey: Guid(88116b90b5b52184b9de0a0a777bd301) Importer(815301076,1909f56bfc062723c751e8b465ee728b)
Start importing Assets/Scripts/VoxelGridVisualizer.cs using Guid(88116b90b5b52184b9de0a0a777bd301) Importer(815301076,1909f56bfc062723c751e8b465ee728b) (PreviewImporter) -> (artifact id: '00000000000000000000000000000000') in 0.0006102 seconds
Import Error Code:(4)
Message: Build asset version error: assets/scripts/voxelgridvisualizer.cs in SourceAssetDB has modification time of '2025-07-20T04:52:55.2398498Z' while content on disk has modification time of '2025-07-20T04:52:58.9673498Z'
  ERROR: Build asset version error: assets/scripts/voxelgridvisualizer.cs in SourceAssetDB has modification time of '2025-07-20T04:52:55.2398498Z' while content on disk has modification time of '2025-07-20T04:52:58.9673498Z'
Number of updated asset objects reloaded before import = 0Number of asset objects unloaded after import = 0

========================================================================
Received Import Request.
  Time since last request: 0.000024 seconds.
  path: Assets/Scripts/VoxelGridVisualizer.cs
  artifactKey: Guid(88116b90b5b52184b9de0a0a777bd301) Importer(815301076,1909f56bfc062723c751e8b465ee728b)
Start importing Assets/Scripts/VoxelGridVisualizer.cs using Guid(88116b90b5b52184b9de0a0a777bd301) Importer(815301076,1909f56bfc062723c751e8b465ee728b) (PreviewImporter) -> (artifact id: '00000000000000000000000000000000') in 0.0006746 seconds
Import Error Code:(4)
Message: Build asset version error: assets/scripts/voxelgridvisualizer.cs in SourceAssetDB has modification time of '2025-07-20T04:52:55.2398498Z' while content on disk has modification time of '2025-07-20T04:52:58.9673498Z'
  ERROR: Build asset version error: assets/scripts/voxelgridvisualizer.cs in SourceAssetDB has modification time of '2025-07-20T04:52:55.2398498Z' while content on disk has modification time of '2025-07-20T04:52:58.9673498Z'
Number of updated asset objects reloaded before import = 0Number of asset objects unloaded after import = 0

========================================================================
Received Import Request.
  Time since last request: 0.000016 seconds.
  path: Assets/Scripts/VoxelGridVisualizer.cs
  artifactKey: Guid(88116b90b5b52184b9de0a0a777bd301) Importer(815301076,1909f56bfc062723c751e8b465ee728b)
Start importing Assets/Scripts/VoxelGridVisualizer.cs using Guid(88116b90b5b52184b9de0a0a777bd301) Importer(815301076,1909f56bfc062723c751e8b465ee728b) (PreviewImporter) -> (artifact id: '00000000000000000000000000000000') in 0.0006814 seconds
Import Error Code:(4)
Message: Build asset version error: assets/scripts/voxelgridvisualizer.cs in SourceAssetDB has modification time of '2025-07-20T04:52:55.2398498Z' while content on disk has modification time of '2025-07-20T04:52:58.9673498Z'
  ERROR: Build asset version error: assets/scripts/voxelgridvisualizer.cs in SourceAssetDB has modification time of '2025-07-20T04:52:55.2398498Z' while content on disk has modification time of '2025-07-20T04:52:58.9673498Z'
Number of updated asset objects reloaded before import = 0Number of asset objects unloaded after import = 0

========================================================================
Received Import Request.
  Time since last request: 0.000031 seconds.
  path: Assets/Scripts/VoxelGridVisualizer.cs
  artifactKey: Guid(88116b90b5b52184b9de0a0a777bd301) Importer(815301076,1909f56bfc062723c751e8b465ee728b)
Start importing Assets/Scripts/VoxelGridVisualizer.cs using Guid(88116b90b5b52184b9de0a0a777bd301) Importer(815301076,1909f56bfc062723c751e8b465ee728b) (PreviewImporter) -> (artifact id: '00000000000000000000000000000000') in 0.0008206 seconds
Import Error Code:(4)
Message: Build asset version error: assets/scripts/voxelgridvisualizer.cs in SourceAssetDB has modification time of '2025-07-20T04:52:55.2398498Z' while content on disk has modification time of '2025-07-20T04:52:58.9673498Z'
  ERROR: Build asset version error: assets/scripts/voxelgridvisualizer.cs in SourceAssetDB has modification time of '2025-07-20T04:52:55.2398498Z' while content on disk has modification time of '2025-07-20T04:52:58.9673498Z'
Number of updated asset objects reloaded before import = 0Number of asset objects unloaded after import = 0

========================================================================
Received Import Request.
  Time since last request: 0.000028 seconds.
  path: Assets/Scripts/VoxelGridVisualizer.cs
  artifactKey: Guid(88116b90b5b52184b9de0a0a777bd301) Importer(815301076,1909f56bfc062723c751e8b465ee728b)
Start importing Assets/Scripts/VoxelGridVisualizer.cs using Guid(88116b90b5b52184b9de0a0a777bd301) Importer(815301076,1909f56bfc062723c751e8b465ee728b) (PreviewImporter) -> (artifact id: '00000000000000000000000000000000') in 0.0008607 seconds
Import Error Code:(4)
Message: Build asset version error: assets/scripts/voxelgridvisualizer.cs in SourceAssetDB has modification time of '2025-07-20T04:52:55.2398498Z' while content on disk has modification time of '2025-07-20T04:52:58.9673498Z'
  ERROR: Build asset version error: assets/scripts/voxelgridvisualizer.cs in SourceAssetDB has modification time of '2025-07-20T04:52:55.2398498Z' while content on disk has modification time of '2025-07-20T04:52:58.9673498Z'
Number of updated asset objects reloaded before import = 0Number of asset objects unloaded after import = 0

========================================================================
Received Import Request.
  Time since last request: 0.000011 seconds.
  path: Assets/Scripts/VoxelGridVisualizer.cs
  artifactKey: Guid(88116b90b5b52184b9de0a0a777bd301) Importer(815301076,1909f56bfc062723c751e8b465ee728b)
Start importing Assets/Scripts/VoxelGridVisualizer.cs using Guid(88116b90b5b52184b9de0a0a777bd301) Importer(815301076,1909f56bfc062723c751e8b465ee728b) (PreviewImporter) -> (artifact id: '00000000000000000000000000000000') in 0.0005587 seconds
Import Error Code:(4)
Message: Build asset version error: assets/scripts/voxelgridvisualizer.cs in SourceAssetDB has modification time of '2025-07-20T04:52:55.2398498Z' while content on disk has modification time of '2025-07-20T04:52:58.9673498Z'
  ERROR: Build asset version error: assets/scripts/voxelgridvisualizer.cs in SourceAssetDB has modification time of '2025-07-20T04:52:55.2398498Z' while content on disk has modification time of '2025-07-20T04:52:58.9673498Z'
Number of updated asset objects reloaded before import = 0Number of asset objects unloaded after import = 0

========================================================================
Received Import Request.
  Time since last request: 0.000026 seconds.
  path: Assets/Scripts/VoxelGridVisualizer.cs
  artifactKey: Guid(88116b90b5b52184b9de0a0a777bd301) Importer(815301076,1909f56bfc062723c751e8b465ee728b)
Start importing Assets/Scripts/VoxelGridVisualizer.cs using Guid(88116b90b5b52184b9de0a0a777bd301) Importer(815301076,1909f56bfc062723c751e8b465ee728b) (PreviewImporter) -> (artifact id: '00000000000000000000000000000000') in 0.0010284 seconds
Import Error Code:(4)
Message: Build asset version error: assets/scripts/voxelgridvisualizer.cs in SourceAssetDB has modification time of '2025-07-20T04:52:55.2398498Z' while content on disk has modification time of '2025-07-20T04:52:58.9673498Z'
  ERROR: Build asset version error: assets/scripts/voxelgridvisualizer.cs in SourceAssetDB has modification time of '2025-07-20T04:52:55.2398498Z' while content on disk has modification time of '2025-07-20T04:52:58.9673498Z'
Number of updated asset objects reloaded before import = 0Number of asset objects unloaded after import = 0

========================================================================
Received Import Request.
  Time since last request: 0.000028 seconds.
  path: Assets/Scripts/VoxelGridVisualizer.cs
  artifactKey: Guid(88116b90b5b52184b9de0a0a777bd301) Importer(815301076,1909f56bfc062723c751e8b465ee728b)
Start importing Assets/Scripts/VoxelGridVisualizer.cs using Guid(88116b90b5b52184b9de0a0a777bd301) Importer(815301076,1909f56bfc062723c751e8b465ee728b) (PreviewImporter) -> (artifact id: '00000000000000000000000000000000') in 0.0007563 seconds
Import Error Code:(4)
Message: Build asset version error: assets/scripts/voxelgridvisualizer.cs in SourceAssetDB has modification time of '2025-07-20T04:52:55.2398498Z' while content on disk has modification time of '2025-07-20T04:52:58.9673498Z'
  ERROR: Build asset version error: assets/scripts/voxelgridvisualizer.cs in SourceAssetDB has modification time of '2025-07-20T04:52:55.2398498Z' while content on disk has modification time of '2025-07-20T04:52:58.9673498Z'
Number of updated asset objects reloaded before import = 0Number of asset objects unloaded after import = 0

========================================================================
Received Import Request.
  Time since last request: 0.000018 seconds.
  path: Assets/Scripts/VoxelGridVisualizer.cs
  artifactKey: Guid(88116b90b5b52184b9de0a0a777bd301) Importer(815301076,1909f56bfc062723c751e8b465ee728b)
Start importing Assets/Scripts/VoxelGridVisualizer.cs using Guid(88116b90b5b52184b9de0a0a777bd301) Importer(815301076,1909f56bfc062723c751e8b465ee728b) (PreviewImporter) -> (artifact id: '00000000000000000000000000000000') in 0.0008438 seconds
Import Error Code:(4)
Message: Build asset version error: assets/scripts/voxelgridvisualizer.cs in SourceAssetDB has modification time of '2025-07-20T04:52:55.2398498Z' while content on disk has modification time of '2025-07-20T04:52:58.9673498Z'
  ERROR: Build asset version error: assets/scripts/voxelgridvisualizer.cs in SourceAssetDB has modification time of '2025-07-20T04:52:55.2398498Z' while content on disk has modification time of '2025-07-20T04:52:58.9673498Z'
Number of updated asset objects reloaded before import = 0Number of asset objects unloaded after import = 0

========================================================================
Received Import Request.
  Time since last request: 0.000032 seconds.
  path: Assets/Scripts/VoxelGridVisualizer.cs
  artifactKey: Guid(88116b90b5b52184b9de0a0a777bd301) Importer(815301076,1909f56bfc062723c751e8b465ee728b)
Start importing Assets/Scripts/VoxelGridVisualizer.cs using Guid(88116b90b5b52184b9de0a0a777bd301) Importer(815301076,1909f56bfc062723c751e8b465ee728b) (PreviewImporter) -> (artifact id: '00000000000000000000000000000000') in 0.0011623 seconds
Import Error Code:(4)
Message: Build asset version error: assets/scripts/voxelgridvisualizer.cs in SourceAssetDB has modification time of '2025-07-20T04:52:55.2398498Z' while content on disk has modification time of '2025-07-20T04:52:58.9673498Z'
  ERROR: Build asset version error: assets/scripts/voxelgridvisualizer.cs in SourceAssetDB has modification time of '2025-07-20T04:52:55.2398498Z' while content on disk has modification time of '2025-07-20T04:52:58.9673498Z'
Number of updated asset objects reloaded before import = 0Number of asset objects unloaded after import = 0

========================================================================
Received Import Request.
  Time since last request: 0.000030 seconds.
  path: Assets/Scripts/VoxelGridVisualizer.cs
  artifactKey: Guid(88116b90b5b52184b9de0a0a777bd301) Importer(815301076,1909f56bfc062723c751e8b465ee728b)
Start importing Assets/Scripts/VoxelGridVisualizer.cs using Guid(88116b90b5b52184b9de0a0a777bd301) Importer(815301076,1909f56bfc062723c751e8b465ee728b) (PreviewImporter) -> (artifact id: '00000000000000000000000000000000') in 0.0010362 seconds
Import Error Code:(4)
Message: Build asset version error: assets/scripts/voxelgridvisualizer.cs in SourceAssetDB has modification time of '2025-07-20T04:52:55.2398498Z' while content on disk has modification time of '2025-07-20T04:52:58.9673498Z'
  ERROR: Build asset version error: assets/scripts/voxelgridvisualizer.cs in SourceAssetDB has modification time of '2025-07-20T04:52:55.2398498Z' while content on disk has modification time of '2025-07-20T04:52:58.9673498Z'
Number of updated asset objects reloaded before import = 0Number of asset objects unloaded after import = 0

========================================================================
Received Import Request.
  Time since last request: 0.000015 seconds.
  path: Assets/Scripts/VoxelGridVisualizer.cs
  artifactKey: Guid(88116b90b5b52184b9de0a0a777bd301) Importer(815301076,1909f56bfc062723c751e8b465ee728b)
Start importing Assets/Scripts/VoxelGridVisualizer.cs using Guid(88116b90b5b52184b9de0a0a777bd301) Importer(815301076,1909f56bfc062723c751e8b465ee728b) (PreviewImporter) -> (artifact id: '00000000000000000000000000000000') in 0.0007538 seconds
Import Error Code:(4)
Message: Build asset version error: assets/scripts/voxelgridvisualizer.cs in SourceAssetDB has modification time of '2025-07-20T04:52:55.2398498Z' while content on disk has modification time of '2025-07-20T04:52:58.9673498Z'
  ERROR: Build asset version error: assets/scripts/voxelgridvisualizer.cs in SourceAssetDB has modification time of '2025-07-20T04:52:55.2398498Z' while content on disk has modification time of '2025-07-20T04:52:58.9673498Z'
Number of updated asset objects reloaded before import = 0Number of asset objects unloaded after import = 0

========================================================================
Received Import Request.
  Time since last request: 0.000016 seconds.
  path: Assets/Scripts/VoxelGridVisualizer.cs
  artifactKey: Guid(88116b90b5b52184b9de0a0a777bd301) Importer(815301076,1909f56bfc062723c751e8b465ee728b)
Start importing Assets/Scripts/VoxelGridVisualizer.cs using Guid(88116b90b5b52184b9de0a0a777bd301) Importer(815301076,1909f56bfc062723c751e8b465ee728b) (PreviewImporter) -> (artifact id: '00000000000000000000000000000000') in 0.0005055 seconds
Import Error Code:(4)
Message: Build asset version error: assets/scripts/voxelgridvisualizer.cs in SourceAssetDB has modification time of '2025-07-20T04:52:55.2398498Z' while content on disk has modification time of '2025-07-20T04:52:58.9673498Z'
  ERROR: Build asset version error: assets/scripts/voxelgridvisualizer.cs in SourceAssetDB has modification time of '2025-07-20T04:52:55.2398498Z' while content on disk has modification time of '2025-07-20T04:52:58.9673498Z'
Number of updated asset objects reloaded before import = 0Number of asset objects unloaded after import = 0

========================================================================
Received Import Request.
  Time since last request: 0.000017 seconds.
  path: Assets/Scripts/VoxelGridVisualizer.cs
  artifactKey: Guid(88116b90b5b52184b9de0a0a777bd301) Importer(815301076,1909f56bfc062723c751e8b465ee728b)
Start importing Assets/Scripts/VoxelGridVisualizer.cs using Guid(88116b90b5b52184b9de0a0a777bd301) Importer(815301076,1909f56bfc062723c751e8b465ee728b) (PreviewImporter) -> (artifact id: '00000000000000000000000000000000') in 0.0005629 seconds
Import Error Code:(4)
Message: Build asset version error: assets/scripts/voxelgridvisualizer.cs in SourceAssetDB has modification time of '2025-07-20T04:52:55.2398498Z' while content on disk has modification time of '2025-07-20T04:52:58.9673498Z'
  ERROR: Build asset version error: assets/scripts/voxelgridvisualizer.cs in SourceAssetDB has modification time of '2025-07-20T04:52:55.2398498Z' while content on disk has modification time of '2025-07-20T04:52:58.9673498Z'
Number of updated asset objects reloaded before import = 0Number of asset objects unloaded after import = 0

========================================================================
Received Import Request.
  Time since last request: 0.000048 seconds.
  path: Assets/Scripts/VoxelGridVisualizer.cs
  artifactKey: Guid(88116b90b5b52184b9de0a0a777bd301) Importer(815301076,1909f56bfc062723c751e8b465ee728b)
Start importing Assets/Scripts/VoxelGridVisualizer.cs using Guid(88116b90b5b52184b9de0a0a777bd301) Importer(815301076,1909f56bfc062723c751e8b465ee728b) (PreviewImporter) -> (artifact id: '00000000000000000000000000000000') in 0.0006782 seconds
Import Error Code:(4)
Message: Build asset version error: assets/scripts/voxelgridvisualizer.cs in SourceAssetDB has modification time of '2025-07-20T04:52:55.2398498Z' while content on disk has modification time of '2025-07-20T04:52:58.9673498Z'
  ERROR: Build asset version error: assets/scripts/voxelgridvisualizer.cs in SourceAssetDB has modification time of '2025-07-20T04:52:55.2398498Z' while content on disk has modification time of '2025-07-20T04:52:58.9673498Z'
Number of updated asset objects reloaded before import = 0Number of asset objects unloaded after import = 0

========================================================================
Received Import Request.
  Time since last request: 0.000018 seconds.
  path: Assets/Scripts/VoxelGridVisualizer.cs
  artifactKey: Guid(88116b90b5b52184b9de0a0a777bd301) Importer(815301076,1909f56bfc062723c751e8b465ee728b)
Start importing Assets/Scripts/VoxelGridVisualizer.cs using Guid(88116b90b5b52184b9de0a0a777bd301) Importer(815301076,1909f56bfc062723c751e8b465ee728b) (PreviewImporter) -> (artifact id: '00000000000000000000000000000000') in 0.0014264 seconds
Import Error Code:(4)
Message: Build asset version error: assets/scripts/voxelgridvisualizer.cs in SourceAssetDB has modification time of '2025-07-20T04:52:55.2398498Z' while content on disk has modification time of '2025-07-20T04:52:58.9673498Z'
  ERROR: Build asset version error: assets/scripts/voxelgridvisualizer.cs in SourceAssetDB has modification time of '2025-07-20T04:52:55.2398498Z' while content on disk has modification time of '2025-07-20T04:52:58.9673498Z'
Number of updated asset objects reloaded before import = 0Number of asset objects unloaded after import = 0

========================================================================
Received Import Request.
  Time since last request: 0.000020 seconds.
  path: Assets/Scripts/VoxelGridVisualizer.cs
  artifactKey: Guid(88116b90b5b52184b9de0a0a777bd301) Importer(815301076,1909f56bfc062723c751e8b465ee728b)
Start importing Assets/Scripts/VoxelGridVisualizer.cs using Guid(88116b90b5b52184b9de0a0a777bd301) Importer(815301076,1909f56bfc062723c751e8b465ee728b) (PreviewImporter) -> (artifact id: '00000000000000000000000000000000') in 0.0005957 seconds
Import Error Code:(4)
Message: Build asset version error: assets/scripts/voxelgridvisualizer.cs in SourceAssetDB has modification time of '2025-07-20T04:52:55.2398498Z' while content on disk has modification time of '2025-07-20T04:52:58.9673498Z'
  ERROR: Build asset version error: assets/scripts/voxelgridvisualizer.cs in SourceAssetDB has modification time of '2025-07-20T04:52:55.2398498Z' while content on disk has modification time of '2025-07-20T04:52:58.9673498Z'
Number of updated asset objects reloaded before import = 0Number of asset objects unloaded after import = 0

========================================================================
Received Import Request.
  Time since last request: 0.000024 seconds.
  path: Assets/Scripts/VoxelGridVisualizer.cs
  artifactKey: Guid(88116b90b5b52184b9de0a0a777bd301) Importer(815301076,1909f56bfc062723c751e8b465ee728b)
Start importing Assets/Scripts/VoxelGridVisualizer.cs using Guid(88116b90b5b52184b9de0a0a777bd301) Importer(815301076,1909f56bfc062723c751e8b465ee728b) (PreviewImporter) -> (artifact id: '00000000000000000000000000000000') in 0.0005679 seconds
Import Error Code:(4)
Message: Build asset version error: assets/scripts/voxelgridvisualizer.cs in SourceAssetDB has modification time of '2025-07-20T04:52:55.2398498Z' while content on disk has modification time of '2025-07-20T04:52:58.9673498Z'
  ERROR: Build asset version error: assets/scripts/voxelgridvisualizer.cs in SourceAssetDB has modification time of '2025-07-20T04:52:55.2398498Z' while content on disk has modification time of '2025-07-20T04:52:58.9673498Z'
Number of updated asset objects reloaded before import = 0Number of asset objects unloaded after import = 0

========================================================================
Received Import Request.
  Time since last request: 0.000044 seconds.
  path: Assets/Scripts/VoxelGridVisualizer.cs
  artifactKey: Guid(88116b90b5b52184b9de0a0a777bd301) Importer(815301076,1909f56bfc062723c751e8b465ee728b)
Start importing Assets/Scripts/VoxelGridVisualizer.cs using Guid(88116b90b5b52184b9de0a0a777bd301) Importer(815301076,1909f56bfc062723c751e8b465ee728b) (PreviewImporter) -> (artifact id: '00000000000000000000000000000000') in 0.0008396 seconds
Import Error Code:(4)
Message: Build asset version error: assets/scripts/voxelgridvisualizer.cs in SourceAssetDB has modification time of '2025-07-20T04:52:55.2398498Z' while content on disk has modification time of '2025-07-20T04:52:58.9673498Z'
  ERROR: Build asset version error: assets/scripts/voxelgridvisualizer.cs in SourceAssetDB has modification time of '2025-07-20T04:52:55.2398498Z' while content on disk has modification time of '2025-07-20T04:52:58.9673498Z'
Number of updated asset objects reloaded before import = 0Number of asset objects unloaded after import = 0

========================================================================
Received Import Request.
  Time since last request: 0.000015 seconds.
  path: Assets/Scripts/VoxelGridVisualizer.cs
  artifactKey: Guid(88116b90b5b52184b9de0a0a777bd301) Importer(815301076,1909f56bfc062723c751e8b465ee728b)
Start importing Assets/Scripts/VoxelGridVisualizer.cs using Guid(88116b90b5b52184b9de0a0a777bd301) Importer(815301076,1909f56bfc062723c751e8b465ee728b) (PreviewImporter) -> (artifact id: '00000000000000000000000000000000') in 0.0006007 seconds
Import Error Code:(4)
Message: Build asset version error: assets/scripts/voxelgridvisualizer.cs in SourceAssetDB has modification time of '2025-07-20T04:52:55.2398498Z' while content on disk has modification time of '2025-07-20T04:52:58.9673498Z'
  ERROR: Build asset version error: assets/scripts/voxelgridvisualizer.cs in SourceAssetDB has modification time of '2025-07-20T04:52:55.2398498Z' while content on disk has modification time of '2025-07-20T04:52:58.9673498Z'
Number of updated asset objects reloaded before import = 0Number of asset objects unloaded after import = 0

========================================================================
Received Import Request.
  Time since last request: 0.000015 seconds.
  path: Assets/Scripts/VoxelGridVisualizer.cs
  artifactKey: Guid(88116b90b5b52184b9de0a0a777bd301) Importer(815301076,1909f56bfc062723c751e8b465ee728b)
Start importing Assets/Scripts/VoxelGridVisualizer.cs using Guid(88116b90b5b52184b9de0a0a777bd301) Importer(815301076,1909f56bfc062723c751e8b465ee728b) (PreviewImporter) -> (artifact id: '00000000000000000000000000000000') in 0.0008616 seconds
Import Error Code:(4)
Message: Build asset version error: assets/scripts/voxelgridvisualizer.cs in SourceAssetDB has modification time of '2025-07-20T04:52:55.2398498Z' while content on disk has modification time of '2025-07-20T04:52:58.9673498Z'
  ERROR: Build asset version error: assets/scripts/voxelgridvisualizer.cs in SourceAssetDB has modification time of '2025-07-20T04:52:55.2398498Z' while content on disk has modification time of '2025-07-20T04:52:58.9673498Z'
Number of updated asset objects reloaded before import = 0Number of asset objects unloaded after import = 0

========================================================================
Received Import Request.
  Time since last request: 0.000015 seconds.
  path: Assets/Scripts/VoxelGridVisualizer.cs
  artifactKey: Guid(88116b90b5b52184b9de0a0a777bd301) Importer(815301076,1909f56bfc062723c751e8b465ee728b)
Start importing Assets/Scripts/VoxelGridVisualizer.cs using Guid(88116b90b5b52184b9de0a0a777bd301) Importer(815301076,1909f56bfc062723c751e8b465ee728b) (PreviewImporter) -> (artifact id: '00000000000000000000000000000000') in 0.001053 seconds
Import Error Code:(4)
Message: Build asset version error: assets/scripts/voxelgridvisualizer.cs in SourceAssetDB has modification time of '2025-07-20T04:52:55.2398498Z' while content on disk has modification time of '2025-07-20T04:52:58.9673498Z'
  ERROR: Build asset version error: assets/scripts/voxelgridvisualizer.cs in SourceAssetDB has modification time of '2025-07-20T04:52:55.2398498Z' while content on disk has modification time of '2025-07-20T04:52:58.9673498Z'
Number of updated asset objects reloaded before import = 0Number of asset objects unloaded after import = 0

========================================================================
Received Import Request.
  Time since last request: 0.000017 seconds.
  path: Assets/Scripts/VoxelGridVisualizer.cs
  artifactKey: Guid(88116b90b5b52184b9de0a0a777bd301) Importer(815301076,1909f56bfc062723c751e8b465ee728b)
Start importing Assets/Scripts/VoxelGridVisualizer.cs using Guid(88116b90b5b52184b9de0a0a777bd301) Importer(815301076,1909f56bfc062723c751e8b465ee728b) (PreviewImporter) -> (artifact id: '00000000000000000000000000000000') in 0.0005363 seconds
Import Error Code:(4)
Message: Build asset version error: assets/scripts/voxelgridvisualizer.cs in SourceAssetDB has modification time of '2025-07-20T04:52:55.2398498Z' while content on disk has modification time of '2025-07-20T04:52:58.9673498Z'
  ERROR: Build asset version error: assets/scripts/voxelgridvisualizer.cs in SourceAssetDB has modification time of '2025-07-20T04:52:55.2398498Z' while content on disk has modification time of '2025-07-20T04:52:58.9673498Z'
Number of updated asset objects reloaded before import = 0Number of asset objects unloaded after import = 0

========================================================================
Received Import Request.
  Time since last request: 0.000025 seconds.
  path: Assets/Scripts/VoxelGridVisualizer.cs
  artifactKey: Guid(88116b90b5b52184b9de0a0a777bd301) Importer(815301076,1909f56bfc062723c751e8b465ee728b)
Start importing Assets/Scripts/VoxelGridVisualizer.cs using Guid(88116b90b5b52184b9de0a0a777bd301) Importer(815301076,1909f56bfc062723c751e8b465ee728b) (PreviewImporter) -> (artifact id: '00000000000000000000000000000000') in 0.0015536 seconds
Import Error Code:(4)
Message: Build asset version error: assets/scripts/voxelgridvisualizer.cs in SourceAssetDB has modification time of '2025-07-20T04:52:55.2398498Z' while content on disk has modification time of '2025-07-20T04:52:58.9673498Z'
  ERROR: Build asset version error: assets/scripts/voxelgridvisualizer.cs in SourceAssetDB has modification time of '2025-07-20T04:52:55.2398498Z' while content on disk has modification time of '2025-07-20T04:52:58.9673498Z'
Number of updated asset objects reloaded before import = 0Number of asset objects unloaded after import = 0

========================================================================
Received Import Request.
  Time since last request: 0.000089 seconds.
  path: Assets/Scripts/VoxelGridVisualizer.cs
  artifactKey: Guid(88116b90b5b52184b9de0a0a777bd301) Importer(815301076,1909f56bfc062723c751e8b465ee728b)
Start importing Assets/Scripts/VoxelGridVisualizer.cs using Guid(88116b90b5b52184b9de0a0a777bd301) Importer(815301076,1909f56bfc062723c751e8b465ee728b) (PreviewImporter) -> (artifact id: '00000000000000000000000000000000') in 0.0006376 seconds
Import Error Code:(4)
Message: Build asset version error: assets/scripts/voxelgridvisualizer.cs in SourceAssetDB has modification time of '2025-07-20T04:52:55.2398498Z' while content on disk has modification time of '2025-07-20T04:52:58.9673498Z'
  ERROR: Build asset version error: assets/scripts/voxelgridvisualizer.cs in SourceAssetDB has modification time of '2025-07-20T04:52:55.2398498Z' while content on disk has modification time of '2025-07-20T04:52:58.9673498Z'
Number of updated asset objects reloaded before import = 0Number of asset objects unloaded after import = 0

========================================================================
Received Import Request.
  Time since last request: 0.000015 seconds.
  path: Assets/Scripts/VoxelGridVisualizer.cs
  artifactKey: Guid(88116b90b5b52184b9de0a0a777bd301) Importer(815301076,1909f56bfc062723c751e8b465ee728b)
Start importing Assets/Scripts/VoxelGridVisualizer.cs using Guid(88116b90b5b52184b9de0a0a777bd301) Importer(815301076,1909f56bfc062723c751e8b465ee728b) (PreviewImporter) -> (artifact id: '00000000000000000000000000000000') in 0.0006196 seconds
Import Error Code:(4)
Message: Build asset version error: assets/scripts/voxelgridvisualizer.cs in SourceAssetDB has modification time of '2025-07-20T04:52:55.2398498Z' while content on disk has modification time of '2025-07-20T04:52:58.9673498Z'
  ERROR: Build asset version error: assets/scripts/voxelgridvisualizer.cs in SourceAssetDB has modification time of '2025-07-20T04:52:55.2398498Z' while content on disk has modification time of '2025-07-20T04:52:58.9673498Z'
Number of updated asset objects reloaded before import = 0Number of asset objects unloaded after import = 0

========================================================================
Received Import Request.
  Time since last request: 0.000016 seconds.
  path: Assets/Scripts/VoxelGridVisualizer.cs
  artifactKey: Guid(88116b90b5b52184b9de0a0a777bd301) Importer(815301076,1909f56bfc062723c751e8b465ee728b)
Start importing Assets/Scripts/VoxelGridVisualizer.cs using Guid(88116b90b5b52184b9de0a0a777bd301) Importer(815301076,1909f56bfc062723c751e8b465ee728b) (PreviewImporter) -> (artifact id: '00000000000000000000000000000000') in 0.0008733 seconds
Import Error Code:(4)
Message: Build asset version error: assets/scripts/voxelgridvisualizer.cs in SourceAssetDB has modification time of '2025-07-20T04:52:55.2398498Z' while content on disk has modification time of '2025-07-20T04:52:58.9673498Z'
  ERROR: Build asset version error: assets/scripts/voxelgridvisualizer.cs in SourceAssetDB has modification time of '2025-07-20T04:52:55.2398498Z' while content on disk has modification time of '2025-07-20T04:52:58.9673498Z'
Number of updated asset objects reloaded before import = 0Number of asset objects unloaded after import = 0

========================================================================
Received Import Request.
  Time since last request: 0.000017 seconds.
  path: Assets/Scripts/VoxelGridVisualizer.cs
  artifactKey: Guid(88116b90b5b52184b9de0a0a777bd301) Importer(815301076,1909f56bfc062723c751e8b465ee728b)
Start importing Assets/Scripts/VoxelGridVisualizer.cs using Guid(88116b90b5b52184b9de0a0a777bd301) Importer(815301076,1909f56bfc062723c751e8b465ee728b) (PreviewImporter) -> (artifact id: '00000000000000000000000000000000') in 0.0011786 seconds
Import Error Code:(4)
Message: Build asset version error: assets/scripts/voxelgridvisualizer.cs in SourceAssetDB has modification time of '2025-07-20T04:52:55.2398498Z' while content on disk has modification time of '2025-07-20T04:52:58.9673498Z'
  ERROR: Build asset version error: assets/scripts/voxelgridvisualizer.cs in SourceAssetDB has modification time of '2025-07-20T04:52:55.2398498Z' while content on disk has modification time of '2025-07-20T04:52:58.9673498Z'
Number of updated asset objects reloaded before import = 0Number of asset objects unloaded after import = 0

========================================================================
Received Import Request.
  Time since last request: 0.000032 seconds.
  path: Assets/Scripts/VoxelGridVisualizer.cs
  artifactKey: Guid(88116b90b5b52184b9de0a0a777bd301) Importer(815301076,1909f56bfc062723c751e8b465ee728b)
Start importing Assets/Scripts/VoxelGridVisualizer.cs using Guid(88116b90b5b52184b9de0a0a777bd301) Importer(815301076,1909f56bfc062723c751e8b465ee728b) (PreviewImporter) -> (artifact id: '00000000000000000000000000000000') in 0.0008845 seconds
Import Error Code:(4)
Message: Build asset version error: assets/scripts/voxelgridvisualizer.cs in SourceAssetDB has modification time of '2025-07-20T04:52:55.2398498Z' while content on disk has modification time of '2025-07-20T04:52:58.9673498Z'
  ERROR: Build asset version error: assets/scripts/voxelgridvisualizer.cs in SourceAssetDB has modification time of '2025-07-20T04:52:55.2398498Z' while content on disk has modification time of '2025-07-20T04:52:58.9673498Z'
Number of updated asset objects reloaded before import = 0Number of asset objects unloaded after import = 0

========================================================================
Received Import Request.
  Time since last request: 0.000026 seconds.
  path: Assets/Scripts/VoxelGridVisualizer.cs
  artifactKey: Guid(88116b90b5b52184b9de0a0a777bd301) Importer(815301076,1909f56bfc062723c751e8b465ee728b)
Start importing Assets/Scripts/VoxelGridVisualizer.cs using Guid(88116b90b5b52184b9de0a0a777bd301) Importer(815301076,1909f56bfc062723c751e8b465ee728b) (PreviewImporter) -> (artifact id: '00000000000000000000000000000000') in 0.0009616 seconds
Import Error Code:(4)
Message: Build asset version error: assets/scripts/voxelgridvisualizer.cs in SourceAssetDB has modification time of '2025-07-20T04:52:55.2398498Z' while content on disk has modification time of '2025-07-20T04:52:58.9673498Z'
  ERROR: Build asset version error: assets/scripts/voxelgridvisualizer.cs in SourceAssetDB has modification time of '2025-07-20T04:52:55.2398498Z' while content on disk has modification time of '2025-07-20T04:52:58.9673498Z'
Number of updated asset objects reloaded before import = 0Number of asset objects unloaded after import = 0

========================================================================
Received Import Request.
  Time since last request: 0.000016 seconds.
  path: Assets/Scripts/VoxelGridVisualizer.cs
  artifactKey: Guid(88116b90b5b52184b9de0a0a777bd301) Importer(815301076,1909f56bfc062723c751e8b465ee728b)
Start importing Assets/Scripts/VoxelGridVisualizer.cs using Guid(88116b90b5b52184b9de0a0a777bd301) Importer(815301076,1909f56bfc062723c751e8b465ee728b) (PreviewImporter) -> (artifact id: '00000000000000000000000000000000') in 0.0005398 seconds
Import Error Code:(4)
Message: Build asset version error: assets/scripts/voxelgridvisualizer.cs in SourceAssetDB has modification time of '2025-07-20T04:52:55.2398498Z' while content on disk has modification time of '2025-07-20T04:52:58.9673498Z'
  ERROR: Build asset version error: assets/scripts/voxelgridvisualizer.cs in SourceAssetDB has modification time of '2025-07-20T04:52:55.2398498Z' while content on disk has modification time of '2025-07-20T04:52:58.9673498Z'
Number of updated asset objects reloaded before import = 0Number of asset objects unloaded after import = 0

========================================================================
Received Import Request.
  Time since last request: 0.000016 seconds.
  path: Assets/Scripts/VoxelGridVisualizer.cs
  artifactKey: Guid(88116b90b5b52184b9de0a0a777bd301) Importer(815301076,1909f56bfc062723c751e8b465ee728b)
Start importing Assets/Scripts/VoxelGridVisualizer.cs using Guid(88116b90b5b52184b9de0a0a777bd301) Importer(815301076,1909f56bfc062723c751e8b465ee728b) (PreviewImporter) -> (artifact id: '00000000000000000000000000000000') in 0.0013249 seconds
Import Error Code:(4)
Message: Build asset version error: assets/scripts/voxelgridvisualizer.cs in SourceAssetDB has modification time of '2025-07-20T04:52:55.2398498Z' while content on disk has modification time of '2025-07-20T04:52:58.9673498Z'
  ERROR: Build asset version error: assets/scripts/voxelgridvisualizer.cs in SourceAssetDB has modification time of '2025-07-20T04:52:55.2398498Z' while content on disk has modification time of '2025-07-20T04:52:58.9673498Z'
Number of updated asset objects reloaded before import = 0Number of asset objects unloaded after import = 0

========================================================================
Received Import Request.
  Time since last request: 0.000018 seconds.
  path: Assets/Scripts/VoxelGridVisualizer.cs
  artifactKey: Guid(88116b90b5b52184b9de0a0a777bd301) Importer(815301076,1909f56bfc062723c751e8b465ee728b)
Start importing Assets/Scripts/VoxelGridVisualizer.cs using Guid(88116b90b5b52184b9de0a0a777bd301) Importer(815301076,1909f56bfc062723c751e8b465ee728b) (PreviewImporter) -> (artifact id: '00000000000000000000000000000000') in 0.0007511 seconds
Import Error Code:(4)
Message: Build asset version error: assets/scripts/voxelgridvisualizer.cs in SourceAssetDB has modification time of '2025-07-20T04:52:55.2398498Z' while content on disk has modification time of '2025-07-20T04:52:58.9673498Z'
  ERROR: Build asset version error: assets/scripts/voxelgridvisualizer.cs in SourceAssetDB has modification time of '2025-07-20T04:52:55.2398498Z' while content on disk has modification time of '2025-07-20T04:52:58.9673498Z'
Number of updated asset objects reloaded before import = 0Number of asset objects unloaded after import = 0

========================================================================
Received Import Request.
  Time since last request: 0.000029 seconds.
  path: Assets/Scripts/VoxelGridVisualizer.cs
  artifactKey: Guid(88116b90b5b52184b9de0a0a777bd301) Importer(815301076,1909f56bfc062723c751e8b465ee728b)
Start importing Assets/Scripts/VoxelGridVisualizer.cs using Guid(88116b90b5b52184b9de0a0a777bd301) Importer(815301076,1909f56bfc062723c751e8b465ee728b) (PreviewImporter) -> (artifact id: '00000000000000000000000000000000') in 0.0010204 seconds
Import Error Code:(4)
Message: Build asset version error: assets/scripts/voxelgridvisualizer.cs in SourceAssetDB has modification time of '2025-07-20T04:52:55.2398498Z' while content on disk has modification time of '2025-07-20T04:52:58.9673498Z'
  ERROR: Build asset version error: assets/scripts/voxelgridvisualizer.cs in SourceAssetDB has modification time of '2025-07-20T04:52:55.2398498Z' while content on disk has modification time of '2025-07-20T04:52:58.9673498Z'
Number of updated asset objects reloaded before import = 0Number of asset objects unloaded after import = 0

========================================================================
Received Import Request.
  Time since last request: 0.000014 seconds.
  path: Assets/Scripts/VoxelGridVisualizer.cs
  artifactKey: Guid(88116b90b5b52184b9de0a0a777bd301) Importer(815301076,1909f56bfc062723c751e8b465ee728b)
Start importing Assets/Scripts/VoxelGridVisualizer.cs using Guid(88116b90b5b52184b9de0a0a777bd301) Importer(815301076,1909f56bfc062723c751e8b465ee728b) (PreviewImporter) -> (artifact id: '00000000000000000000000000000000') in 0.0006168 seconds
Import Error Code:(4)
Message: Build asset version error: assets/scripts/voxelgridvisualizer.cs in SourceAssetDB has modification time of '2025-07-20T04:52:55.2398498Z' while content on disk has modification time of '2025-07-20T04:52:58.9673498Z'
  ERROR: Build asset version error: assets/scripts/voxelgridvisualizer.cs in SourceAssetDB has modification time of '2025-07-20T04:52:55.2398498Z' while content on disk has modification time of '2025-07-20T04:52:58.9673498Z'
Number of updated asset objects reloaded before import = 0Number of asset objects unloaded after import = 0

========================================================================
Received Import Request.
  Time since last request: 0.000015 seconds.
  path: Assets/Scripts/VoxelGridVisualizer.cs
  artifactKey: Guid(88116b90b5b52184b9de0a0a777bd301) Importer(815301076,1909f56bfc062723c751e8b465ee728b)
Start importing Assets/Scripts/VoxelGridVisualizer.cs using Guid(88116b90b5b52184b9de0a0a777bd301) Importer(815301076,1909f56bfc062723c751e8b465ee728b) (PreviewImporter) -> (artifact id: '00000000000000000000000000000000') in 0.000519 seconds
Import Error Code:(4)
Message: Build asset version error: assets/scripts/voxelgridvisualizer.cs in SourceAssetDB has modification time of '2025-07-20T04:52:55.2398498Z' while content on disk has modification time of '2025-07-20T04:52:58.9673498Z'
  ERROR: Build asset version error: assets/scripts/voxelgridvisualizer.cs in SourceAssetDB has modification time of '2025-07-20T04:52:55.2398498Z' while content on disk has modification time of '2025-07-20T04:52:58.9673498Z'
Number of updated asset objects reloaded before import = 0Number of asset objects unloaded after import = 0

========================================================================
Received Import Request.
  Time since last request: 0.000022 seconds.
  path: Assets/Scripts/VoxelGridVisualizer.cs
  artifactKey: Guid(88116b90b5b52184b9de0a0a777bd301) Importer(815301076,1909f56bfc062723c751e8b465ee728b)
Start importing Assets/Scripts/VoxelGridVisualizer.cs using Guid(88116b90b5b52184b9de0a0a777bd301) Importer(815301076,1909f56bfc062723c751e8b465ee728b) (PreviewImporter) -> (artifact id: '00000000000000000000000000000000') in 0.0008196 seconds
Import Error Code:(4)
Message: Build asset version error: assets/scripts/voxelgridvisualizer.cs in SourceAssetDB has modification time of '2025-07-20T04:52:55.2398498Z' while content on disk has modification time of '2025-07-20T04:52:58.9673498Z'
  ERROR: Build asset version error: assets/scripts/voxelgridvisualizer.cs in SourceAssetDB has modification time of '2025-07-20T04:52:55.2398498Z' while content on disk has modification time of '2025-07-20T04:52:58.9673498Z'
Number of updated asset objects reloaded before import = 0Number of asset objects unloaded after import = 0

========================================================================
Received Import Request.
  Time since last request: 0.000031 seconds.
  path: Assets/Scripts/VoxelGridVisualizer.cs
  artifactKey: Guid(88116b90b5b52184b9de0a0a777bd301) Importer(815301076,1909f56bfc062723c751e8b465ee728b)
Start importing Assets/Scripts/VoxelGridVisualizer.cs using Guid(88116b90b5b52184b9de0a0a777bd301) Importer(815301076,1909f56bfc062723c751e8b465ee728b) (PreviewImporter) -> (artifact id: '00000000000000000000000000000000') in 0.0013337 seconds
Import Error Code:(4)
Message: Build asset version error: assets/scripts/voxelgridvisualizer.cs in SourceAssetDB has modification time of '2025-07-20T04:52:55.2398498Z' while content on disk has modification time of '2025-07-20T04:52:58.9673498Z'
  ERROR: Build asset version error: assets/scripts/voxelgridvisualizer.cs in SourceAssetDB has modification time of '2025-07-20T04:52:55.2398498Z' while content on disk has modification time of '2025-07-20T04:52:58.9673498Z'
Number of updated asset objects reloaded before import = 0Number of asset objects unloaded after import = 0

========================================================================
Received Import Request.
  Time since last request: 0.000033 seconds.
  path: Assets/Scripts/VoxelGridVisualizer.cs
  artifactKey: Guid(88116b90b5b52184b9de0a0a777bd301) Importer(815301076,1909f56bfc062723c751e8b465ee728b)
Start importing Assets/Scripts/VoxelGridVisualizer.cs using Guid(88116b90b5b52184b9de0a0a777bd301) Importer(815301076,1909f56bfc062723c751e8b465ee728b) (PreviewImporter) -> (artifact id: '00000000000000000000000000000000') in 0.000626 seconds
Import Error Code:(4)
Message: Build asset version error: assets/scripts/voxelgridvisualizer.cs in SourceAssetDB has modification time of '2025-07-20T04:52:55.2398498Z' while content on disk has modification time of '2025-07-20T04:52:58.9673498Z'
  ERROR: Build asset version error: assets/scripts/voxelgridvisualizer.cs in SourceAssetDB has modification time of '2025-07-20T04:52:55.2398498Z' while content on disk has modification time of '2025-07-20T04:52:58.9673498Z'
Number of updated asset objects reloaded before import = 0Number of asset objects unloaded after import = 0

========================================================================
Received Import Request.
  Time since last request: 0.000028 seconds.
  path: Assets/Scripts/VoxelGridVisualizer.cs
  artifactKey: Guid(88116b90b5b52184b9de0a0a777bd301) Importer(815301076,1909f56bfc062723c751e8b465ee728b)
Start importing Assets/Scripts/VoxelGridVisualizer.cs using Guid(88116b90b5b52184b9de0a0a777bd301) Importer(815301076,1909f56bfc062723c751e8b465ee728b) (PreviewImporter) -> (artifact id: '00000000000000000000000000000000') in 0.0005071 seconds
Import Error Code:(4)
Message: Build asset version error: assets/scripts/voxelgridvisualizer.cs in SourceAssetDB has modification time of '2025-07-20T04:52:55.2398498Z' while content on disk has modification time of '2025-07-20T04:52:58.9673498Z'
  ERROR: Build asset version error: assets/scripts/voxelgridvisualizer.cs in SourceAssetDB has modification time of '2025-07-20T04:52:55.2398498Z' while content on disk has modification time of '2025-07-20T04:52:58.9673498Z'
Number of updated asset objects reloaded before import = 0Number of asset objects unloaded after import = 0

========================================================================
Received Import Request.
  Time since last request: 0.000024 seconds.
  path: Assets/Scripts/VoxelGridVisualizer.cs
  artifactKey: Guid(88116b90b5b52184b9de0a0a777bd301) Importer(815301076,1909f56bfc062723c751e8b465ee728b)
Start importing Assets/Scripts/VoxelGridVisualizer.cs using Guid(88116b90b5b52184b9de0a0a777bd301) Importer(815301076,1909f56bfc062723c751e8b465ee728b) (PreviewImporter) -> (artifact id: '00000000000000000000000000000000') in 0.0006039 seconds
Import Error Code:(4)
Message: Build asset version error: assets/scripts/voxelgridvisualizer.cs in SourceAssetDB has modification time of '2025-07-20T04:52:55.2398498Z' while content on disk has modification time of '2025-07-20T04:52:58.9673498Z'
  ERROR: Build asset version error: assets/scripts/voxelgridvisualizer.cs in SourceAssetDB has modification time of '2025-07-20T04:52:55.2398498Z' while content on disk has modification time of '2025-07-20T04:52:58.9673498Z'
Number of updated asset objects reloaded before import = 0Number of asset objects unloaded after import = 0

========================================================================
Received Import Request.
  Time since last request: 0.000018 seconds.
  path: Assets/Scripts/VoxelGridVisualizer.cs
  artifactKey: Guid(88116b90b5b52184b9de0a0a777bd301) Importer(815301076,1909f56bfc062723c751e8b465ee728b)
Start importing Assets/Scripts/VoxelGridVisualizer.cs using Guid(88116b90b5b52184b9de0a0a777bd301) Importer(815301076,1909f56bfc062723c751e8b465ee728b) (PreviewImporter) -> (artifact id: '00000000000000000000000000000000') in 0.0006258 seconds
Import Error Code:(4)
Message: Build asset version error: assets/scripts/voxelgridvisualizer.cs in SourceAssetDB has modification time of '2025-07-20T04:52:55.2398498Z' while content on disk has modification time of '2025-07-20T04:52:58.9673498Z'
  ERROR: Build asset version error: assets/scripts/voxelgridvisualizer.cs in SourceAssetDB has modification time of '2025-07-20T04:52:55.2398498Z' while content on disk has modification time of '2025-07-20T04:52:58.9673498Z'
Number of updated asset objects reloaded before import = 0Number of asset objects unloaded after import = 0

========================================================================
Received Import Request.
  Time since last request: 0.000033 seconds.
  path: Assets/Scripts/VoxelGridVisualizer.cs
  artifactKey: Guid(88116b90b5b52184b9de0a0a777bd301) Importer(815301076,1909f56bfc062723c751e8b465ee728b)
Start importing Assets/Scripts/VoxelGridVisualizer.cs using Guid(88116b90b5b52184b9de0a0a777bd301) Importer(815301076,1909f56bfc062723c751e8b465ee728b) (PreviewImporter) -> (artifact id: '00000000000000000000000000000000') in 0.0006231 seconds
Import Error Code:(4)
Message: Build asset version error: assets/scripts/voxelgridvisualizer.cs in SourceAssetDB has modification time of '2025-07-20T04:52:55.2398498Z' while content on disk has modification time of '2025-07-20T04:52:58.9673498Z'
  ERROR: Build asset version error: assets/scripts/voxelgridvisualizer.cs in SourceAssetDB has modification time of '2025-07-20T04:52:55.2398498Z' while content on disk has modification time of '2025-07-20T04:52:58.9673498Z'
Number of updated asset objects reloaded before import = 0Number of asset objects unloaded after import = 0

========================================================================
Received Import Request.
  Time since last request: 0.000024 seconds.
  path: Assets/Scripts/VoxelGridVisualizer.cs
  artifactKey: Guid(88116b90b5b52184b9de0a0a777bd301) Importer(815301076,1909f56bfc062723c751e8b465ee728b)
Start importing Assets/Scripts/VoxelGridVisualizer.cs using Guid(88116b90b5b52184b9de0a0a777bd301) Importer(815301076,1909f56bfc062723c751e8b465ee728b) (PreviewImporter) -> (artifact id: '00000000000000000000000000000000') in 0.0005491 seconds
Import Error Code:(4)
Message: Build asset version error: assets/scripts/voxelgridvisualizer.cs in SourceAssetDB has modification time of '2025-07-20T04:52:55.2398498Z' while content on disk has modification time of '2025-07-20T04:52:58.9673498Z'
  ERROR: Build asset version error: assets/scripts/voxelgridvisualizer.cs in SourceAssetDB has modification time of '2025-07-20T04:52:55.2398498Z' while content on disk has modification time of '2025-07-20T04:52:58.9673498Z'
Number of updated asset objects reloaded before import = 0Number of asset objects unloaded after import = 0

========================================================================
Received Import Request.
  Time since last request: 0.000015 seconds.
  path: Assets/Scripts/VoxelGridVisualizer.cs
  artifactKey: Guid(88116b90b5b52184b9de0a0a777bd301) Importer(815301076,1909f56bfc062723c751e8b465ee728b)
Start importing Assets/Scripts/VoxelGridVisualizer.cs using Guid(88116b90b5b52184b9de0a0a777bd301) Importer(815301076,1909f56bfc062723c751e8b465ee728b) (PreviewImporter) -> (artifact id: '00000000000000000000000000000000') in 0.0005529 seconds
Import Error Code:(4)
Message: Build asset version error: assets/scripts/voxelgridvisualizer.cs in SourceAssetDB has modification time of '2025-07-20T04:52:55.2398498Z' while content on disk has modification time of '2025-07-20T04:52:58.9673498Z'
  ERROR: Build asset version error: assets/scripts/voxelgridvisualizer.cs in SourceAssetDB has modification time of '2025-07-20T04:52:55.2398498Z' while content on disk has modification time of '2025-07-20T04:52:58.9673498Z'
Number of updated asset objects reloaded before import = 0Number of asset objects unloaded after import = 0

========================================================================
Received Import Request.
  Time since last request: 0.000024 seconds.
  path: Assets/Scripts/VoxelGridVisualizer.cs
  artifactKey: Guid(88116b90b5b52184b9de0a0a777bd301) Importer(815301076,1909f56bfc062723c751e8b465ee728b)
Start importing Assets/Scripts/VoxelGridVisualizer.cs using Guid(88116b90b5b52184b9de0a0a777bd301) Importer(815301076,1909f56bfc062723c751e8b465ee728b) (PreviewImporter) -> (artifact id: '00000000000000000000000000000000') in 0.0006273 seconds
Import Error Code:(4)
Message: Build asset version error: assets/scripts/voxelgridvisualizer.cs in SourceAssetDB has modification time of '2025-07-20T04:52:55.2398498Z' while content on disk has modification time of '2025-07-20T04:52:58.9673498Z'
  ERROR: Build asset version error: assets/scripts/voxelgridvisualizer.cs in SourceAssetDB has modification time of '2025-07-20T04:52:55.2398498Z' while content on disk has modification time of '2025-07-20T04:52:58.9673498Z'
Number of updated asset objects reloaded before import = 0Number of asset objects unloaded after import = 0

========================================================================
Received Import Request.
  Time since last request: 0.000017 seconds.
  path: Assets/Scripts/VoxelGridVisualizer.cs
  artifactKey: Guid(88116b90b5b52184b9de0a0a777bd301) Importer(815301076,1909f56bfc062723c751e8b465ee728b)
Start importing Assets/Scripts/VoxelGridVisualizer.cs using Guid(88116b90b5b52184b9de0a0a777bd301) Importer(815301076,1909f56bfc062723c751e8b465ee728b) (PreviewImporter) -> (artifact id: '00000000000000000000000000000000') in 0.0008711 seconds
Import Error Code:(4)
Message: Build asset version error: assets/scripts/voxelgridvisualizer.cs in SourceAssetDB has modification time of '2025-07-20T04:52:55.2398498Z' while content on disk has modification time of '2025-07-20T04:52:58.9673498Z'
  ERROR: Build asset version error: assets/scripts/voxelgridvisualizer.cs in SourceAssetDB has modification time of '2025-07-20T04:52:55.2398498Z' while content on disk has modification time of '2025-07-20T04:52:58.9673498Z'
Number of updated asset objects reloaded before import = 0Number of asset objects unloaded after import = 0

========================================================================
Received Import Request.
  Time since last request: 0.000032 seconds.
  path: Assets/Scripts/VoxelGridVisualizer.cs
  artifactKey: Guid(88116b90b5b52184b9de0a0a777bd301) Importer(815301076,1909f56bfc062723c751e8b465ee728b)
Start importing Assets/Scripts/VoxelGridVisualizer.cs using Guid(88116b90b5b52184b9de0a0a777bd301) Importer(815301076,1909f56bfc062723c751e8b465ee728b) (PreviewImporter) -> (artifact id: '8f4ca2e5c46a1e77533cb8e6c1df9624') in 0.000733 seconds
Number of updated asset objects reloaded before import = 0Number of asset objects unloaded after import = 0

========================================================================
Received Prepare
Refreshing native plugins compatible for Editor in 3.87 ms, found 3 plugins.
Preloading 0 native plugins for Editor in 0.00 ms.
Unloading 16 Unused Serialized files (Serialized files now loaded: 0)
Unloading 6605 unused Assets / (3.0 MB). Loaded Objects now: 7403.
Memory consumption went from 158.1 MB to 155.0 MB.
Total: 10.778800 ms (FindLiveObjects: 1.133000 ms CreateObjectMapping: 0.748400 ms MarkObjects: 6.078800 ms  DeleteObjects: 2.817400 ms)

Prepare: number of updated asset objects reloaded= 0
========================================================================
Received Import Request.
  Time since last request: 1.561528 seconds.
  path: Assets/Scripts/VoxelGridVisualizer.cs
  artifactKey: Guid(88116b90b5b52184b9de0a0a777bd301) Importer(815301076,1909f56bfc062723c751e8b465ee728b)
Start importing Assets/Scripts/VoxelGridVisualizer.cs using Guid(88116b90b5b52184b9de0a0a777bd301) Importer(815301076,1909f56bfc062723c751e8b465ee728b) (PreviewImporter) -> (artifact id: '0ae976b9d3bbb110fc9f1f2827765a0b') in 0.0016514 seconds
Number of updated asset objects reloaded before import = 0Number of asset objects unloaded after import = 0

========================================================================
Received Prepare
Begin MonoManager ReloadAssembly
- Loaded All Assemblies, in  0.960 seconds
Refreshing native plugins compatible for Editor in 0.54 ms, found 3 plugins.
Native extension for WindowsStandalone target not found
Native extension for WebGL target not found
Mono: successfully reloaded assembly
- Finished resetting the current domain, in  0.458 seconds
Domain Reload Profiling: 1421ms
	BeginReloadAssembly (234ms)
		ExecutionOrderSort (0ms)
		DisableScriptedObjects (7ms)
		BackupInstance (0ms)
		ReleaseScriptingObjects (0ms)
		CreateAndSetChildDomain (47ms)
	RebuildCommonClasses (44ms)
	RebuildNativeTypeToScriptingClass (15ms)
	initialDomainReloadingComplete (33ms)
	LoadAllAssembliesAndSetupDomain (637ms)
		LoadAssemblies (486ms)
		RebuildTransferFunctionScriptingTraits (0ms)
		AnalyzeDomain (263ms)
			TypeCache.Refresh (12ms)
				TypeCache.ScanAssembly (0ms)
			BuildScriptInfoCaches (230ms)
			ResolveRequiredComponents (17ms)
	FinalizeReload (458ms)
		ReleaseScriptCaches (0ms)
		RebuildScriptCaches (0ms)
		SetupLoadedEditorAssemblies (347ms)
			LogAssemblyErrors (0ms)
			InitializePlatformSupportModulesInManaged (2ms)
			SetLoadedEditorAssemblies (3ms)
			BeforeProcessingInitializeOnLoad (80ms)
			ProcessInitializeOnLoadAttributes (223ms)
			ProcessInitializeOnLoadMethodAttributes (36ms)
			AfterProcessingInitializeOnLoad (2ms)
			EditorAssembliesLoaded (0ms)
		ExecutionOrderSort2 (0ms)
		AwakeInstancesAfterBackupRestoration (10ms)
Refreshing native plugins compatible for Editor in 0.96 ms, found 3 plugins.
Preloading 0 native plugins for Editor in 0.00 ms.
Unloading 16 Unused Serialized files (Serialized files now loaded: 0)
Unloading 6612 unused Assets / (5.1 MB). Loaded Objects now: 7405.
Memory consumption went from 157.9 MB to 152.8 MB.
Total: 5.385000 ms (FindLiveObjects: 0.437200 ms CreateObjectMapping: 0.289900 ms MarkObjects: 3.015000 ms  DeleteObjects: 1.642000 ms)

Prepare: number of updated asset objects reloaded= 0
========================================================================
Received Import Request.
  Time since last request: 141.600777 seconds.
  path: Assets/Prefabs/VoxelCube.prefab
  artifactKey: Guid(4abbcef68cbe5454aba6319ad3f9e31c) Importer(815301076,1909f56bfc062723c751e8b465ee728b)
Start importing Assets/Prefabs/VoxelCube.prefab using Guid(4abbcef68cbe5454aba6319ad3f9e31c) Importer(815301076,1909f56bfc062723c751e8b465ee728b) (PreviewImporter) -> (artifact id: 'bb022154f6c764a68e3883d6256bfbc8') in 0.5245227 seconds
Number of updated asset objects reloaded before import = 0Number of asset objects unloaded after import = 8

========================================================================
Received Import Request.
  Time since last request: 35.670485 seconds.
  path: Assets/Prefabs/VoxelCube.prefab
  artifactKey: Guid(4abbcef68cbe5454aba6319ad3f9e31c) Importer(815301076,1909f56bfc062723c751e8b465ee728b)
Start importing Assets/Prefabs/VoxelCube.prefab using Guid(4abbcef68cbe5454aba6319ad3f9e31c) Importer(815301076,1909f56bfc062723c751e8b465ee728b) (PreviewImporter) -> (artifact id: '81922223a6c83acd89465afce2b3e7cd') in 0.0132612 seconds
Number of updated asset objects reloaded before import = 0Number of asset objects unloaded after import = 9

========================================================================
Received Import Request.
  Time since last request: 37.845404 seconds.
  path: Assets/Prefabs/VoxelCube.prefab
  artifactKey: Guid(4abbcef68cbe5454aba6319ad3f9e31c) Importer(815301076,1909f56bfc062723c751e8b465ee728b)
Start importing Assets/Prefabs/VoxelCube.prefab using Guid(4abbcef68cbe5454aba6319ad3f9e31c) Importer(815301076,1909f56bfc062723c751e8b465ee728b) (PreviewImporter) -> (artifact id: 'f3a055f08ea7d82160788ea6ab528376') in 0.0098873 seconds
Number of updated asset objects reloaded before import = 0Number of asset objects unloaded after import = 9

========================================================================
Received Prepare
Begin MonoManager ReloadAssembly
- Loaded All Assemblies, in  0.975 seconds
Refreshing native plugins compatible for Editor in 0.55 ms, found 3 plugins.
Native extension for WindowsStandalone target not found
Native extension for WebGL target not found
Mono: successfully reloaded assembly
- Finished resetting the current domain, in  0.458 seconds
Domain Reload Profiling: 1429ms
	BeginReloadAssembly (323ms)
		ExecutionOrderSort (0ms)
		DisableScriptedObjects (28ms)
		BackupInstance (0ms)
		ReleaseScriptingObjects (0ms)
		CreateAndSetChildDomain (93ms)
	RebuildCommonClasses (41ms)
	RebuildNativeTypeToScriptingClass (15ms)
	initialDomainReloadingComplete (36ms)
	LoadAllAssembliesAndSetupDomain (556ms)
		LoadAssemblies (504ms)
		RebuildTransferFunctionScriptingTraits (0ms)
		AnalyzeDomain (169ms)
			TypeCache.Refresh (8ms)
				TypeCache.ScanAssembly (0ms)
			BuildScriptInfoCaches (147ms)
			ResolveRequiredComponents (10ms)
	FinalizeReload (458ms)
		ReleaseScriptCaches (0ms)
		RebuildScriptCaches (0ms)
		SetupLoadedEditorAssemblies (346ms)
			LogAssemblyErrors (0ms)
			InitializePlatformSupportModulesInManaged (2ms)
			SetLoadedEditorAssemblies (3ms)
			BeforeProcessingInitializeOnLoad (79ms)
			ProcessInitializeOnLoadAttributes (224ms)
			ProcessInitializeOnLoadMethodAttributes (35ms)
			AfterProcessingInitializeOnLoad (3ms)
			EditorAssembliesLoaded (0ms)
		ExecutionOrderSort2 (0ms)
		AwakeInstancesAfterBackupRestoration (11ms)
Refreshing native plugins compatible for Editor in 0.61 ms, found 3 plugins.
Preloading 0 native plugins for Editor in 0.00 ms.
Unloading 16 Unused Serialized files (Serialized files now loaded: 0)
Unloading 6613 unused Assets / (5.1 MB). Loaded Objects now: 7438.
Memory consumption went from 164.4 MB to 159.3 MB.
Total: 5.004500 ms (FindLiveObjects: 0.431300 ms CreateObjectMapping: 0.279700 ms MarkObjects: 2.876200 ms  DeleteObjects: 1.416900 ms)

Prepare: number of updated asset objects reloaded= 0
========================================================================
Received Prepare
Begin MonoManager ReloadAssembly
- Loaded All Assemblies, in  0.517 seconds
Refreshing native plugins compatible for Editor in 0.64 ms, found 3 plugins.
Native extension for WindowsStandalone target not found
Native extension for WebGL target not found
Mono: successfully reloaded assembly
- Finished resetting the current domain, in  0.540 seconds
Domain Reload Profiling: 1057ms
	BeginReloadAssembly (142ms)
		ExecutionOrderSort (0ms)
		DisableScriptedObjects (4ms)
		BackupInstance (0ms)
		ReleaseScriptingObjects (0ms)
		CreateAndSetChildDomain (29ms)
	RebuildCommonClasses (25ms)
	RebuildNativeTypeToScriptingClass (9ms)
	initialDomainReloadingComplete (18ms)
	LoadAllAssembliesAndSetupDomain (322ms)
		LoadAssemblies (230ms)
		RebuildTransferFunctionScriptingTraits (0ms)
		AnalyzeDomain (157ms)
			TypeCache.Refresh (5ms)
				TypeCache.ScanAssembly (0ms)
			BuildScriptInfoCaches (141ms)
			ResolveRequiredComponents (8ms)
	FinalizeReload (540ms)
		ReleaseScriptCaches (0ms)
		RebuildScriptCaches (0ms)
		SetupLoadedEditorAssemblies (406ms)
			LogAssemblyErrors (0ms)
			InitializePlatformSupportModulesInManaged (2ms)
			SetLoadedEditorAssemblies (3ms)
			BeforeProcessingInitializeOnLoad (102ms)
			ProcessInitializeOnLoadAttributes (259ms)
			ProcessInitializeOnLoadMethodAttributes (38ms)
			AfterProcessingInitializeOnLoad (2ms)
			EditorAssembliesLoaded (0ms)
		ExecutionOrderSort2 (0ms)
		AwakeInstancesAfterBackupRestoration (12ms)
Refreshing native plugins compatible for Editor in 0.57 ms, found 3 plugins.
Preloading 0 native plugins for Editor in 0.00 ms.
Unloading 16 Unused Serialized files (Serialized files now loaded: 0)
Unloading 6612 unused Assets / (5.2 MB). Loaded Objects now: 7440.
Memory consumption went from 166.7 MB to 161.5 MB.
Total: 5.211300 ms (FindLiveObjects: 0.440700 ms CreateObjectMapping: 0.284700 ms MarkObjects: 2.951800 ms  DeleteObjects: 1.533500 ms)

Prepare: number of updated asset objects reloaded= 0
========================================================================
Received Prepare
Begin MonoManager ReloadAssembly
- Loaded All Assemblies, in  1.034 seconds
Refreshing native plugins compatible for Editor in 1.38 ms, found 3 plugins.
Native extension for WindowsStandalone target not found
Native extension for WebGL target not found
Mono: successfully reloaded assembly
- Finished resetting the current domain, in  0.493 seconds
Domain Reload Profiling: 1529ms
	BeginReloadAssembly (268ms)
		ExecutionOrderSort (0ms)
		DisableScriptedObjects (8ms)
		BackupInstance (0ms)
		ReleaseScriptingObjects (0ms)
		CreateAndSetChildDomain (62ms)
	RebuildCommonClasses (38ms)
	RebuildNativeTypeToScriptingClass (14ms)
	initialDomainReloadingComplete (33ms)
	LoadAllAssembliesAndSetupDomain (681ms)
		LoadAssemblies (506ms)
		RebuildTransferFunctionScriptingTraits (0ms)
		AnalyzeDomain (289ms)
			TypeCache.Refresh (16ms)
				TypeCache.ScanAssembly (0ms)
			BuildScriptInfoCaches (253ms)
			ResolveRequiredComponents (15ms)
	FinalizeReload (493ms)
		ReleaseScriptCaches (0ms)
		RebuildScriptCaches (0ms)
		SetupLoadedEditorAssemblies (348ms)
			LogAssemblyErrors (0ms)
			InitializePlatformSupportModulesInManaged (2ms)
			SetLoadedEditorAssemblies (3ms)
			BeforeProcessingInitializeOnLoad (79ms)
			ProcessInitializeOnLoadAttributes (223ms)
			ProcessInitializeOnLoadMethodAttributes (39ms)
			AfterProcessingInitializeOnLoad (3ms)
			EditorAssembliesLoaded (0ms)
		ExecutionOrderSort2 (0ms)
		AwakeInstancesAfterBackupRestoration (10ms)
Refreshing native plugins compatible for Editor in 0.56 ms, found 3 plugins.
Preloading 0 native plugins for Editor in 0.00 ms.
Unloading 16 Unused Serialized files (Serialized files now loaded: 0)
Unloading 6612 unused Assets / (5.0 MB). Loaded Objects now: 7442.
Memory consumption went from 169.1 MB to 164.1 MB.
Total: 5.291500 ms (FindLiveObjects: 0.428100 ms CreateObjectMapping: 0.293800 ms MarkObjects: 2.961800 ms  DeleteObjects: 1.607100 ms)

Prepare: number of updated asset objects reloaded= 0
========================================================================
Received Prepare
Begin MonoManager ReloadAssembly
- Loaded All Assemblies, in  0.551 seconds
Refreshing native plugins compatible for Editor in 0.64 ms, found 3 plugins.
Native extension for WindowsStandalone target not found
Native extension for WebGL target not found
Mono: successfully reloaded assembly
- Finished resetting the current domain, in  0.481 seconds
Domain Reload Profiling: 1032ms
	BeginReloadAssembly (141ms)
		ExecutionOrderSort (0ms)
		DisableScriptedObjects (4ms)
		BackupInstance (0ms)
		ReleaseScriptingObjects (0ms)
		CreateAndSetChildDomain (30ms)
	RebuildCommonClasses (24ms)
	RebuildNativeTypeToScriptingClass (9ms)
	initialDomainReloadingComplete (19ms)
	LoadAllAssembliesAndSetupDomain (358ms)
		LoadAssemblies (267ms)
		RebuildTransferFunctionScriptingTraits (0ms)
		AnalyzeDomain (157ms)
			TypeCache.Refresh (5ms)
				TypeCache.ScanAssembly (0ms)
			BuildScriptInfoCaches (141ms)
			ResolveRequiredComponents (8ms)
	FinalizeReload (481ms)
		ReleaseScriptCaches (0ms)
		RebuildScriptCaches (0ms)
		SetupLoadedEditorAssemblies (349ms)
			LogAssemblyErrors (0ms)
			InitializePlatformSupportModulesInManaged (2ms)
			SetLoadedEditorAssemblies (4ms)
			BeforeProcessingInitializeOnLoad (81ms)
			ProcessInitializeOnLoadAttributes (224ms)
			ProcessInitializeOnLoadMethodAttributes (36ms)
			AfterProcessingInitializeOnLoad (2ms)
			EditorAssembliesLoaded (0ms)
		ExecutionOrderSort2 (0ms)
		AwakeInstancesAfterBackupRestoration (10ms)
Refreshing native plugins compatible for Editor in 0.69 ms, found 3 plugins.
Preloading 0 native plugins for Editor in 0.00 ms.
Unloading 16 Unused Serialized files (Serialized files now loaded: 0)
Unloading 6612 unused Assets / (5.1 MB). Loaded Objects now: 7444.
Memory consumption went from 171.6 MB to 166.5 MB.
Total: 5.603200 ms (FindLiveObjects: 0.452100 ms CreateObjectMapping: 0.312000 ms MarkObjects: 3.186700 ms  DeleteObjects: 1.651300 ms)

Prepare: number of updated asset objects reloaded= 0
========================================================================
Received Import Request.
  Time since last request: 293.117937 seconds.
  path: Assets/Scripts/Voxelizer.cs
  artifactKey: Guid(585bb0c8757d6e24a84e79c668fd57ab) Importer(815301076,1909f56bfc062723c751e8b465ee728b)
Start importing Assets/Scripts/Voxelizer.cs using Guid(585bb0c8757d6e24a84e79c668fd57ab) Importer(815301076,1909f56bfc062723c751e8b465ee728b) (PreviewImporter) -> (artifact id: '401f6bd096d13ee3988a237e01f7971f') in 0.0032331 seconds
Number of updated asset objects reloaded before import = 0Number of asset objects unloaded after import = 0

========================================================================
Received Prepare
Begin MonoManager ReloadAssembly
- Loaded All Assemblies, in  0.547 seconds
Refreshing native plugins compatible for Editor in 0.59 ms, found 3 plugins.
Native extension for WindowsStandalone target not found
Native extension for WebGL target not found
Mono: successfully reloaded assembly
- Finished resetting the current domain, in  0.550 seconds
Domain Reload Profiling: 1098ms
	BeginReloadAssembly (153ms)
		ExecutionOrderSort (0ms)
		DisableScriptedObjects (5ms)
		BackupInstance (0ms)
		ReleaseScriptingObjects (0ms)
		CreateAndSetChildDomain (33ms)
	RebuildCommonClasses (25ms)
	RebuildNativeTypeToScriptingClass (9ms)
	initialDomainReloadingComplete (19ms)
	LoadAllAssembliesAndSetupDomain (342ms)
		LoadAssemblies (248ms)
		RebuildTransferFunctionScriptingTraits (0ms)
		AnalyzeDomain (163ms)
			TypeCache.Refresh (5ms)
				TypeCache.ScanAssembly (0ms)
			BuildScriptInfoCaches (145ms)
			ResolveRequiredComponents (8ms)
	FinalizeReload (550ms)
		ReleaseScriptCaches (0ms)
		RebuildScriptCaches (0ms)
		SetupLoadedEditorAssemblies (410ms)
			LogAssemblyErrors (0ms)
			InitializePlatformSupportModulesInManaged (2ms)
			SetLoadedEditorAssemblies (3ms)
			BeforeProcessingInitializeOnLoad (105ms)
			ProcessInitializeOnLoadAttributes (259ms)
			ProcessInitializeOnLoadMethodAttributes (38ms)
			AfterProcessingInitializeOnLoad (2ms)
			EditorAssembliesLoaded (0ms)
		ExecutionOrderSort2 (0ms)
		AwakeInstancesAfterBackupRestoration (9ms)
Refreshing native plugins compatible for Editor in 0.94 ms, found 3 plugins.
Preloading 0 native plugins for Editor in 0.00 ms.
Unloading 16 Unused Serialized files (Serialized files now loaded: 0)
Unloading 6612 unused Assets / (5.1 MB). Loaded Objects now: 7446.
Memory consumption went from 164.4 MB to 159.3 MB.
Total: 5.392800 ms (FindLiveObjects: 0.439200 ms CreateObjectMapping: 0.377000 ms MarkObjects: 2.975100 ms  DeleteObjects: 1.600400 ms)

Prepare: number of updated asset objects reloaded= 0
========================================================================
Received Prepare
Begin MonoManager ReloadAssembly
- Loaded All Assemblies, in  0.771 seconds
Refreshing native plugins compatible for Editor in 0.61 ms, found 3 plugins.
Native extension for WindowsStandalone target not found
Native extension for WebGL target not found
Mono: successfully reloaded assembly
- Finished resetting the current domain, in  0.475 seconds
Domain Reload Profiling: 1244ms
	BeginReloadAssembly (233ms)
		ExecutionOrderSort (0ms)
		DisableScriptedObjects (7ms)
		BackupInstance (0ms)
		ReleaseScriptingObjects (0ms)
		CreateAndSetChildDomain (44ms)
	RebuildCommonClasses (49ms)
	RebuildNativeTypeToScriptingClass (16ms)
	initialDomainReloadingComplete (34ms)
	LoadAllAssembliesAndSetupDomain (436ms)
		LoadAssemblies (362ms)
		RebuildTransferFunctionScriptingTraits (0ms)
		AnalyzeDomain (194ms)
			TypeCache.Refresh (31ms)
				TypeCache.ScanAssembly (0ms)
			BuildScriptInfoCaches (149ms)
			ResolveRequiredComponents (8ms)
	FinalizeReload (476ms)
		ReleaseScriptCaches (0ms)
		RebuildScriptCaches (0ms)
		SetupLoadedEditorAssemblies (362ms)
			LogAssemblyErrors (0ms)
			InitializePlatformSupportModulesInManaged (2ms)
			SetLoadedEditorAssemblies (3ms)
			BeforeProcessingInitializeOnLoad (87ms)
			ProcessInitializeOnLoadAttributes (228ms)
			ProcessInitializeOnLoadMethodAttributes (40ms)
			AfterProcessingInitializeOnLoad (2ms)
			EditorAssembliesLoaded (0ms)
		ExecutionOrderSort2 (0ms)
		AwakeInstancesAfterBackupRestoration (10ms)
Refreshing native plugins compatible for Editor in 0.59 ms, found 3 plugins.
Preloading 0 native plugins for Editor in 0.00 ms.
Unloading 16 Unused Serialized files (Serialized files now loaded: 0)
Unloading 6612 unused Assets / (5.2 MB). Loaded Objects now: 7448.
Memory consumption went from 166.8 MB to 161.6 MB.
Total: 5.704800 ms (FindLiveObjects: 0.453800 ms CreateObjectMapping: 0.465500 ms MarkObjects: 3.184700 ms  DeleteObjects: 1.599900 ms)

Prepare: number of updated asset objects reloaded= 0
========================================================================
Received Prepare
Begin MonoManager ReloadAssembly
- Loaded All Assemblies, in  0.522 seconds
Refreshing native plugins compatible for Editor in 0.71 ms, found 3 plugins.
Native extension for WindowsStandalone target not found
Native extension for WebGL target not found
Mono: successfully reloaded assembly
- Finished resetting the current domain, in  0.540 seconds
Domain Reload Profiling: 1062ms
	BeginReloadAssembly (158ms)
		ExecutionOrderSort (0ms)
		DisableScriptedObjects (4ms)
		BackupInstance (0ms)
		ReleaseScriptingObjects (0ms)
		CreateAndSetChildDomain (36ms)
	RebuildCommonClasses (25ms)
	RebuildNativeTypeToScriptingClass (9ms)
	initialDomainReloadingComplete (19ms)
	LoadAllAssembliesAndSetupDomain (312ms)
		LoadAssemblies (240ms)
		RebuildTransferFunctionScriptingTraits (0ms)
		AnalyzeDomain (138ms)
			TypeCache.Refresh (7ms)
				TypeCache.ScanAssembly (0ms)
			BuildScriptInfoCaches (120ms)
			ResolveRequiredComponents (8ms)
	FinalizeReload (540ms)
		ReleaseScriptCaches (0ms)
		RebuildScriptCaches (0ms)
		SetupLoadedEditorAssemblies (413ms)
			LogAssemblyErrors (0ms)
			InitializePlatformSupportModulesInManaged (2ms)
			SetLoadedEditorAssemblies (3ms)
			BeforeProcessingInitializeOnLoad (85ms)
			ProcessInitializeOnLoadAttributes (270ms)
			ProcessInitializeOnLoadMethodAttributes (51ms)
			AfterProcessingInitializeOnLoad (3ms)
			EditorAssembliesLoaded (0ms)
		ExecutionOrderSort2 (0ms)
		AwakeInstancesAfterBackupRestoration (13ms)
Refreshing native plugins compatible for Editor in 0.82 ms, found 3 plugins.
Preloading 0 native plugins for Editor in 0.00 ms.
Unloading 16 Unused Serialized files (Serialized files now loaded: 0)
Unloading 6612 unused Assets / (5.9 MB). Loaded Objects now: 7450.
Memory consumption went from 169.3 MB to 163.4 MB.
Total: 7.722200 ms (FindLiveObjects: 0.436200 ms CreateObjectMapping: 0.294500 ms MarkObjects: 4.137100 ms  DeleteObjects: 2.853200 ms)

Prepare: number of updated asset objects reloaded= 0
========================================================================
Received Prepare
Begin MonoManager ReloadAssembly
- Loaded All Assemblies, in  0.487 seconds
Refreshing native plugins compatible for Editor in 0.61 ms, found 3 plugins.
Native extension for WindowsStandalone target not found
Native extension for WebGL target not found
Mono: successfully reloaded assembly
- Finished resetting the current domain, in  0.571 seconds
Domain Reload Profiling: 1058ms
	BeginReloadAssembly (138ms)
		ExecutionOrderSort (0ms)
		DisableScriptedObjects (4ms)
		BackupInstance (0ms)
		ReleaseScriptingObjects (0ms)
		CreateAndSetChildDomain (29ms)
	RebuildCommonClasses (24ms)
	RebuildNativeTypeToScriptingClass (9ms)
	initialDomainReloadingComplete (19ms)
	LoadAllAssembliesAndSetupDomain (298ms)
		LoadAssemblies (226ms)
		RebuildTransferFunctionScriptingTraits (0ms)
		AnalyzeDomain (135ms)
			TypeCache.Refresh (5ms)
				TypeCache.ScanAssembly (0ms)
			BuildScriptInfoCaches (119ms)
			ResolveRequiredComponents (7ms)
	FinalizeReload (571ms)
		ReleaseScriptCaches (0ms)
		RebuildScriptCaches (0ms)
		SetupLoadedEditorAssemblies (401ms)
			LogAssemblyErrors (0ms)
			InitializePlatformSupportModulesInManaged (2ms)
			SetLoadedEditorAssemblies (3ms)
			BeforeProcessingInitializeOnLoad (110ms)
			ProcessInitializeOnLoadAttributes (251ms)
			ProcessInitializeOnLoadMethodAttributes (32ms)
			AfterProcessingInitializeOnLoad (2ms)
			EditorAssembliesLoaded (0ms)
		ExecutionOrderSort2 (0ms)
		AwakeInstancesAfterBackupRestoration (9ms)
Refreshing native plugins compatible for Editor in 0.71 ms, found 3 plugins.
Preloading 0 native plugins for Editor in 0.00 ms.
Unloading 16 Unused Serialized files (Serialized files now loaded: 0)
Unloading 6612 unused Assets / (5.1 MB). Loaded Objects now: 7452.
Memory consumption went from 171.8 MB to 166.7 MB.
Total: 5.257700 ms (FindLiveObjects: 0.435000 ms CreateObjectMapping: 0.280200 ms MarkObjects: 3.014000 ms  DeleteObjects: 1.527100 ms)

Prepare: number of updated asset objects reloaded= 0
========================================================================
Received Prepare
Refreshing native plugins compatible for Editor in 2.33 ms, found 3 plugins.
Preloading 0 native plugins for Editor in 0.00 ms.
Unloading 16 Unused Serialized files (Serialized files now loaded: 0)
Unloading 6605 unused Assets / (5.2 MB). Loaded Objects now: 7452.
Memory consumption went from 174.4 MB to 169.2 MB.
Total: 11.281300 ms (FindLiveObjects: 1.095300 ms CreateObjectMapping: 0.728600 ms MarkObjects: 5.934300 ms  DeleteObjects: 3.521500 ms)

Prepare: number of updated asset objects reloaded= 0
========================================================================
Received Prepare
Refreshing native plugins compatible for Editor in 0.94 ms, found 3 plugins.
Preloading 0 native plugins for Editor in 0.00 ms.
Unloading 15 Unused Serialized files (Serialized files now loaded: 0)
Unloading 6603 unused Assets / (4.3 MB). Loaded Objects now: 7451.
Memory consumption went from 176.7 MB to 172.3 MB.
Total: 7.824300 ms (FindLiveObjects: 0.462500 ms CreateObjectMapping: 0.291000 ms MarkObjects: 4.861000 ms  DeleteObjects: 2.208200 ms)

Prepare: number of updated asset objects reloaded= 0
========================================================================
Received Prepare
Begin MonoManager ReloadAssembly
- Loaded All Assemblies, in  0.547 seconds
Refreshing native plugins compatible for Editor in 0.76 ms, found 3 plugins.
Native extension for WindowsStandalone target not found
Native extension for WebGL target not found
Mono: successfully reloaded assembly
- Finished resetting the current domain, in  0.573 seconds
Domain Reload Profiling: 1121ms
	BeginReloadAssembly (162ms)
		ExecutionOrderSort (0ms)
		DisableScriptedObjects (4ms)
		BackupInstance (0ms)
		ReleaseScriptingObjects (0ms)
		CreateAndSetChildDomain (33ms)
	RebuildCommonClasses (29ms)
	RebuildNativeTypeToScriptingClass (9ms)
	initialDomainReloadingComplete (23ms)
	LoadAllAssembliesAndSetupDomain (324ms)
		LoadAssemblies (251ms)
		RebuildTransferFunctionScriptingTraits (0ms)
		AnalyzeDomain (146ms)
			TypeCache.Refresh (7ms)
				TypeCache.ScanAssembly (0ms)
			BuildScriptInfoCaches (126ms)
			ResolveRequiredComponents (9ms)
	FinalizeReload (573ms)
		ReleaseScriptCaches (0ms)
		RebuildScriptCaches (0ms)
		SetupLoadedEditorAssemblies (447ms)
			LogAssemblyErrors (0ms)
			InitializePlatformSupportModulesInManaged (2ms)
			SetLoadedEditorAssemblies (3ms)
			BeforeProcessingInitializeOnLoad (86ms)
			ProcessInitializeOnLoadAttributes (304ms)
			ProcessInitializeOnLoadMethodAttributes (48ms)
			AfterProcessingInitializeOnLoad (3ms)
			EditorAssembliesLoaded (0ms)
		ExecutionOrderSort2 (0ms)
		AwakeInstancesAfterBackupRestoration (13ms)
Refreshing native plugins compatible for Editor in 0.64 ms, found 3 plugins.
Preloading 0 native plugins for Editor in 0.00 ms.
Unloading 15 Unused Serialized files (Serialized files now loaded: 0)
Unloading 6610 unused Assets / (5.3 MB). Loaded Objects now: 7453.
Memory consumption went from 179.0 MB to 173.6 MB.
Total: 7.101100 ms (FindLiveObjects: 0.490400 ms CreateObjectMapping: 0.463400 ms MarkObjects: 4.022600 ms  DeleteObjects: 2.123300 ms)

Prepare: number of updated asset objects reloaded= 0
========================================================================
Received Prepare
Begin MonoManager ReloadAssembly
- Loaded All Assemblies, in  0.934 seconds
Refreshing native plugins compatible for Editor in 2.29 ms, found 3 plugins.
Native extension for WindowsStandalone target not found
Native extension for WebGL target not found
Mono: successfully reloaded assembly
- Finished resetting the current domain, in  0.589 seconds
Domain Reload Profiling: 1523ms
	BeginReloadAssembly (247ms)
		ExecutionOrderSort (0ms)
		DisableScriptedObjects (7ms)
		BackupInstance (0ms)
		ReleaseScriptingObjects (0ms)
		CreateAndSetChildDomain (49ms)
	RebuildCommonClasses (51ms)
	RebuildNativeTypeToScriptingClass (16ms)
	initialDomainReloadingComplete (33ms)
	LoadAllAssembliesAndSetupDomain (585ms)
		LoadAssemblies (465ms)
		RebuildTransferFunctionScriptingTraits (0ms)
		AnalyzeDomain (247ms)
			TypeCache.Refresh (12ms)
				TypeCache.ScanAssembly (0ms)
			BuildScriptInfoCaches (217ms)
			ResolveRequiredComponents (14ms)
	FinalizeReload (590ms)
		ReleaseScriptCaches (0ms)
		RebuildScriptCaches (0ms)
		SetupLoadedEditorAssemblies (460ms)
			LogAssemblyErrors (0ms)
			InitializePlatformSupportModulesInManaged (2ms)
			SetLoadedEditorAssemblies (4ms)
			BeforeProcessingInitializeOnLoad (109ms)
			ProcessInitializeOnLoadAttributes (295ms)
			ProcessInitializeOnLoadMethodAttributes (47ms)
			AfterProcessingInitializeOnLoad (3ms)
			EditorAssembliesLoaded (0ms)
		ExecutionOrderSort2 (0ms)
		AwakeInstancesAfterBackupRestoration (12ms)
Refreshing native plugins compatible for Editor in 1.14 ms, found 3 plugins.
Preloading 0 native plugins for Editor in 0.00 ms.
Unloading 15 Unused Serialized files (Serialized files now loaded: 0)
Unloading 6610 unused Assets / (5.3 MB). Loaded Objects now: 7455.
Memory consumption went from 181.4 MB to 176.2 MB.
Total: 6.474200 ms (FindLiveObjects: 0.528000 ms CreateObjectMapping: 0.428000 ms MarkObjects: 3.545900 ms  DeleteObjects: 1.971000 ms)

Prepare: number of updated asset objects reloaded= 0
========================================================================
Received Prepare
Begin MonoManager ReloadAssembly
- Loaded All Assemblies, in  0.512 seconds
Refreshing native plugins compatible for Editor in 0.57 ms, found 3 plugins.
Native extension for WindowsStandalone target not found
Native extension for WebGL target not found
Mono: successfully reloaded assembly
- Finished resetting the current domain, in  0.482 seconds
Domain Reload Profiling: 994ms
	BeginReloadAssembly (144ms)
		ExecutionOrderSort (0ms)
		DisableScriptedObjects (4ms)
		BackupInstance (0ms)
		ReleaseScriptingObjects (0ms)
		CreateAndSetChildDomain (32ms)
	RebuildCommonClasses (24ms)
	RebuildNativeTypeToScriptingClass (9ms)
	initialDomainReloadingComplete (19ms)
	LoadAllAssembliesAndSetupDomain (316ms)
		LoadAssemblies (241ms)
		RebuildTransferFunctionScriptingTraits (0ms)
		AnalyzeDomain (139ms)
			TypeCache.Refresh (5ms)
				TypeCache.ScanAssembly (0ms)
			BuildScriptInfoCaches (123ms)
			ResolveRequiredComponents (8ms)
	FinalizeReload (482ms)
		ReleaseScriptCaches (0ms)
		RebuildScriptCaches (0ms)
		SetupLoadedEditorAssemblies (372ms)
			LogAssemblyErrors (0ms)
			InitializePlatformSupportModulesInManaged (2ms)
			SetLoadedEditorAssemblies (3ms)
			BeforeProcessingInitializeOnLoad (81ms)
			ProcessInitializeOnLoadAttributes (246ms)
			ProcessInitializeOnLoadMethodAttributes (38ms)
			AfterProcessingInitializeOnLoad (3ms)
			EditorAssembliesLoaded (0ms)
		ExecutionOrderSort2 (0ms)
		AwakeInstancesAfterBackupRestoration (9ms)
Refreshing native plugins compatible for Editor in 1.52 ms, found 3 plugins.
Preloading 0 native plugins for Editor in 0.00 ms.
Unloading 15 Unused Serialized files (Serialized files now loaded: 0)
Unloading 6610 unused Assets / (5.3 MB). Loaded Objects now: 7457.
Memory consumption went from 183.9 MB to 178.6 MB.
Total: 5.272600 ms (FindLiveObjects: 0.475900 ms CreateObjectMapping: 0.347200 ms MarkObjects: 2.938600 ms  DeleteObjects: 1.509900 ms)

Prepare: number of updated asset objects reloaded= 0
========================================================================
Received Prepare
Begin MonoManager ReloadAssembly
- Loaded All Assemblies, in  1.119 seconds
Refreshing native plugins compatible for Editor in 2.33 ms, found 3 plugins.
Native extension for WindowsStandalone target not found
Native extension for WebGL target not found
Mono: successfully reloaded assembly
- Finished resetting the current domain, in  0.671 seconds
Domain Reload Profiling: 1789ms
	BeginReloadAssembly (273ms)
		ExecutionOrderSort (0ms)
		DisableScriptedObjects (7ms)
		BackupInstance (0ms)
		ReleaseScriptingObjects (0ms)
		CreateAndSetChildDomain (42ms)
	RebuildCommonClasses (39ms)
	RebuildNativeTypeToScriptingClass (15ms)
	initialDomainReloadingComplete (35ms)
	LoadAllAssembliesAndSetupDomain (755ms)
		LoadAssemblies (585ms)
		RebuildTransferFunctionScriptingTraits (0ms)
		AnalyzeDomain (316ms)
			TypeCache.Refresh (17ms)
				TypeCache.ScanAssembly (0ms)
			BuildScriptInfoCaches (269ms)
			ResolveRequiredComponents (23ms)
	FinalizeReload (672ms)
		ReleaseScriptCaches (0ms)
		RebuildScriptCaches (0ms)
		SetupLoadedEditorAssemblies (473ms)
			LogAssemblyErrors (0ms)
			InitializePlatformSupportModulesInManaged (2ms)
			SetLoadedEditorAssemblies (5ms)
			BeforeProcessingInitializeOnLoad (108ms)
			ProcessInitializeOnLoadAttributes (303ms)
			ProcessInitializeOnLoadMethodAttributes (51ms)
			AfterProcessingInitializeOnLoad (3ms)
			EditorAssembliesLoaded (0ms)
		ExecutionOrderSort2 (0ms)
		AwakeInstancesAfterBackupRestoration (14ms)
Refreshing native plugins compatible for Editor in 0.86 ms, found 3 plugins.
Preloading 0 native plugins for Editor in 0.00 ms.
Unloading 15 Unused Serialized files (Serialized files now loaded: 0)
Unloading 6610 unused Assets / (5.1 MB). Loaded Objects now: 7459.
Memory consumption went from 186.3 MB to 181.2 MB.
Total: 6.177600 ms (FindLiveObjects: 0.603700 ms CreateObjectMapping: 0.314200 ms MarkObjects: 3.426800 ms  DeleteObjects: 1.831800 ms)

Prepare: number of updated asset objects reloaded= 0
========================================================================
Received Prepare
Begin MonoManager ReloadAssembly
- Loaded All Assemblies, in  0.514 seconds
Refreshing native plugins compatible for Editor in 0.58 ms, found 3 plugins.
Native extension for WindowsStandalone target not found
Native extension for WebGL target not found
Mono: successfully reloaded assembly
- Finished resetting the current domain, in  0.483 seconds
Domain Reload Profiling: 997ms
	BeginReloadAssembly (140ms)
		ExecutionOrderSort (0ms)
		DisableScriptedObjects (5ms)
		BackupInstance (0ms)
		ReleaseScriptingObjects (0ms)
		CreateAndSetChildDomain (30ms)
	RebuildCommonClasses (25ms)
	RebuildNativeTypeToScriptingClass (9ms)
	initialDomainReloadingComplete (20ms)
	LoadAllAssembliesAndSetupDomain (320ms)
		LoadAssemblies (234ms)
		RebuildTransferFunctionScriptingTraits (0ms)
		AnalyzeDomain (148ms)
			TypeCache.Refresh (5ms)
				TypeCache.ScanAssembly (0ms)
			BuildScriptInfoCaches (131ms)
			ResolveRequiredComponents (8ms)
	FinalizeReload (483ms)
		ReleaseScriptCaches (0ms)
		RebuildScriptCaches (0ms)
		SetupLoadedEditorAssemblies (368ms)
			LogAssemblyErrors (0ms)
			InitializePlatformSupportModulesInManaged (2ms)
			SetLoadedEditorAssemblies (3ms)
			BeforeProcessingInitializeOnLoad (81ms)
			ProcessInitializeOnLoadAttributes (240ms)
			ProcessInitializeOnLoadMethodAttributes (39ms)
			AfterProcessingInitializeOnLoad (3ms)
			EditorAssembliesLoaded (0ms)
		ExecutionOrderSort2 (0ms)
		AwakeInstancesAfterBackupRestoration (10ms)
Refreshing native plugins compatible for Editor in 0.59 ms, found 3 plugins.
Preloading 0 native plugins for Editor in 0.00 ms.
Unloading 15 Unused Serialized files (Serialized files now loaded: 0)
Unloading 6610 unused Assets / (5.0 MB). Loaded Objects now: 7461.
Memory consumption went from 188.8 MB to 183.8 MB.
Total: 5.908000 ms (FindLiveObjects: 0.525100 ms CreateObjectMapping: 0.300700 ms MarkObjects: 3.540000 ms  DeleteObjects: 1.540900 ms)

Prepare: number of updated asset objects reloaded= 0
========================================================================
Received Prepare
Begin MonoManager ReloadAssembly
- Loaded All Assemblies, in  0.516 seconds
Refreshing native plugins compatible for Editor in 0.82 ms, found 3 plugins.
Native extension for WindowsStandalone target not found
Native extension for WebGL target not found
Mono: successfully reloaded assembly
- Finished resetting the current domain, in  0.492 seconds
Domain Reload Profiling: 1009ms
	BeginReloadAssembly (144ms)
		ExecutionOrderSort (0ms)
		DisableScriptedObjects (4ms)
		BackupInstance (0ms)
		ReleaseScriptingObjects (0ms)
		CreateAndSetChildDomain (30ms)
	RebuildCommonClasses (25ms)
	RebuildNativeTypeToScriptingClass (9ms)
	initialDomainReloadingComplete (19ms)
	LoadAllAssembliesAndSetupDomain (320ms)
		LoadAssemblies (239ms)
		RebuildTransferFunctionScriptingTraits (0ms)
		AnalyzeDomain (141ms)
			TypeCache.Refresh (5ms)
				TypeCache.ScanAssembly (0ms)
			BuildScriptInfoCaches (125ms)
			ResolveRequiredComponents (8ms)
	FinalizeReload (492ms)
		ReleaseScriptCaches (0ms)
		RebuildScriptCaches (0ms)
		SetupLoadedEditorAssemblies (376ms)
			LogAssemblyErrors (0ms)
			InitializePlatformSupportModulesInManaged (2ms)
			SetLoadedEditorAssemblies (3ms)
			BeforeProcessingInitializeOnLoad (91ms)
			ProcessInitializeOnLoadAttributes (237ms)
			ProcessInitializeOnLoadMethodAttributes (40ms)
			AfterProcessingInitializeOnLoad (3ms)
			EditorAssembliesLoaded (0ms)
		ExecutionOrderSort2 (0ms)
		AwakeInstancesAfterBackupRestoration (12ms)
Refreshing native plugins compatible for Editor in 0.64 ms, found 3 plugins.
Preloading 0 native plugins for Editor in 0.00 ms.
Unloading 15 Unused Serialized files (Serialized files now loaded: 0)
Unloading 6610 unused Assets / (5.0 MB). Loaded Objects now: 7463.
Memory consumption went from 191.3 MB to 186.3 MB.
Total: 5.305200 ms (FindLiveObjects: 0.440600 ms CreateObjectMapping: 0.299600 ms MarkObjects: 2.990000 ms  DeleteObjects: 1.574100 ms)

Prepare: number of updated asset objects reloaded= 0
========================================================================
Received Prepare
Begin MonoManager ReloadAssembly
- Loaded All Assemblies, in  0.513 seconds
Refreshing native plugins compatible for Editor in 0.59 ms, found 3 plugins.
Native extension for WindowsStandalone target not found
Native extension for WebGL target not found
Mono: successfully reloaded assembly
- Finished resetting the current domain, in  0.517 seconds
Domain Reload Profiling: 1031ms
	BeginReloadAssembly (140ms)
		ExecutionOrderSort (0ms)
		DisableScriptedObjects (4ms)
		BackupInstance (0ms)
		ReleaseScriptingObjects (0ms)
		CreateAndSetChildDomain (29ms)
	RebuildCommonClasses (26ms)
	RebuildNativeTypeToScriptingClass (10ms)
	initialDomainReloadingComplete (19ms)
	LoadAllAssembliesAndSetupDomain (317ms)
		LoadAssemblies (232ms)
		RebuildTransferFunctionScriptingTraits (0ms)
		AnalyzeDomain (148ms)
			TypeCache.Refresh (5ms)
				TypeCache.ScanAssembly (0ms)
			BuildScriptInfoCaches (132ms)
			ResolveRequiredComponents (8ms)
	FinalizeReload (517ms)
		ReleaseScriptCaches (0ms)
		RebuildScriptCaches (0ms)
		SetupLoadedEditorAssemblies (392ms)
			LogAssemblyErrors (0ms)
			InitializePlatformSupportModulesInManaged (2ms)
			SetLoadedEditorAssemblies (3ms)
			BeforeProcessingInitializeOnLoad (95ms)
			ProcessInitializeOnLoadAttributes (246ms)
			ProcessInitializeOnLoadMethodAttributes (42ms)
			AfterProcessingInitializeOnLoad (3ms)
			EditorAssembliesLoaded (0ms)
		ExecutionOrderSort2 (0ms)
		AwakeInstancesAfterBackupRestoration (11ms)
Refreshing native plugins compatible for Editor in 0.63 ms, found 3 plugins.
Preloading 0 native plugins for Editor in 0.00 ms.
Unloading 15 Unused Serialized files (Serialized files now loaded: 0)
Unloading 6610 unused Assets / (5.0 MB). Loaded Objects now: 7465.
Memory consumption went from 193.8 MB to 188.7 MB.
Total: 5.516300 ms (FindLiveObjects: 0.480200 ms CreateObjectMapping: 0.347600 ms MarkObjects: 3.122400 ms  DeleteObjects: 1.564900 ms)

Prepare: number of updated asset objects reloaded= 0
========================================================================
Received Prepare
Refreshing native plugins compatible for Editor in 3.02 ms, found 3 plugins.
Preloading 0 native plugins for Editor in 0.00 ms.
Unloading 15 Unused Serialized files (Serialized files now loaded: 0)
Unloading 6603 unused Assets / (5.5 MB). Loaded Objects now: 7465.
Memory consumption went from 196.4 MB to 190.9 MB.
Total: 9.701700 ms (FindLiveObjects: 1.026800 ms CreateObjectMapping: 0.603300 ms MarkObjects: 5.534300 ms  DeleteObjects: 2.535800 ms)

Prepare: number of updated asset objects reloaded= 0
========================================================================
Received Prepare
Begin MonoManager ReloadAssembly
- Loaded All Assemblies, in  1.042 seconds
Refreshing native plugins compatible for Editor in 1.29 ms, found 3 plugins.
Native extension for WindowsStandalone target not found
Native extension for WebGL target not found
Mono: successfully reloaded assembly
- Finished resetting the current domain, in  0.642 seconds
Domain Reload Profiling: 1683ms
	BeginReloadAssembly (229ms)
		ExecutionOrderSort (0ms)
		DisableScriptedObjects (8ms)
		BackupInstance (0ms)
		ReleaseScriptingObjects (0ms)
		CreateAndSetChildDomain (44ms)
	RebuildCommonClasses (40ms)
	RebuildNativeTypeToScriptingClass (14ms)
	initialDomainReloadingComplete (35ms)
	LoadAllAssembliesAndSetupDomain (723ms)
		LoadAssemblies (528ms)
		RebuildTransferFunctionScriptingTraits (0ms)
		AnalyzeDomain (301ms)
			TypeCache.Refresh (12ms)
				TypeCache.ScanAssembly (0ms)
			BuildScriptInfoCaches (268ms)
			ResolveRequiredComponents (15ms)
	FinalizeReload (642ms)
		ReleaseScriptCaches (0ms)
		RebuildScriptCaches (0ms)
		SetupLoadedEditorAssemblies (486ms)
			LogAssemblyErrors (0ms)
			InitializePlatformSupportModulesInManaged (3ms)
			SetLoadedEditorAssemblies (4ms)
			BeforeProcessingInitializeOnLoad (110ms)
			ProcessInitializeOnLoadAttributes (315ms)
			ProcessInitializeOnLoadMethodAttributes (51ms)
			AfterProcessingInitializeOnLoad (3ms)
			EditorAssembliesLoaded (0ms)
		ExecutionOrderSort2 (0ms)
		AwakeInstancesAfterBackupRestoration (14ms)
Refreshing native plugins compatible for Editor in 0.83 ms, found 3 plugins.
Preloading 0 native plugins for Editor in 0.00 ms.
Unloading 15 Unused Serialized files (Serialized files now loaded: 0)
Unloading 6610 unused Assets / (4.8 MB). Loaded Objects now: 7467.
Memory consumption went from 198.7 MB to 193.9 MB.
Total: 6.134600 ms (FindLiveObjects: 0.504900 ms CreateObjectMapping: 0.305800 ms MarkObjects: 3.558500 ms  DeleteObjects: 1.764100 ms)

Prepare: number of updated asset objects reloaded= 0
========================================================================
Received Prepare
Begin MonoManager ReloadAssembly
- Loaded All Assemblies, in  0.514 seconds
Refreshing native plugins compatible for Editor in 0.68 ms, found 3 plugins.
Native extension for WindowsStandalone target not found
Native extension for WebGL target not found
Mono: successfully reloaded assembly
- Finished resetting the current domain, in  0.469 seconds
Domain Reload Profiling: 984ms
	BeginReloadAssembly (138ms)
		ExecutionOrderSort (0ms)
		DisableScriptedObjects (4ms)
		BackupInstance (0ms)
		ReleaseScriptingObjects (0ms)
		CreateAndSetChildDomain (30ms)
	RebuildCommonClasses (25ms)
	RebuildNativeTypeToScriptingClass (9ms)
	initialDomainReloadingComplete (19ms)
	LoadAllAssembliesAndSetupDomain (323ms)
		LoadAssemblies (235ms)
		RebuildTransferFunctionScriptingTraits (0ms)
		AnalyzeDomain (150ms)
			TypeCache.Refresh (5ms)
				TypeCache.ScanAssembly (0ms)
			BuildScriptInfoCaches (133ms)
			ResolveRequiredComponents (8ms)
	FinalizeReload (469ms)
		ReleaseScriptCaches (0ms)
		RebuildScriptCaches (0ms)
		SetupLoadedEditorAssemblies (361ms)
			LogAssemblyErrors (0ms)
			InitializePlatformSupportModulesInManaged (2ms)
			SetLoadedEditorAssemblies (3ms)
			BeforeProcessingInitializeOnLoad (91ms)
			ProcessInitializeOnLoadAttributes (224ms)
			ProcessInitializeOnLoadMethodAttributes (39ms)
			AfterProcessingInitializeOnLoad (2ms)
			EditorAssembliesLoaded (0ms)
		ExecutionOrderSort2 (0ms)
		AwakeInstancesAfterBackupRestoration (10ms)
Refreshing native plugins compatible for Editor in 0.58 ms, found 3 plugins.
Preloading 0 native plugins for Editor in 0.00 ms.
Unloading 15 Unused Serialized files (Serialized files now loaded: 0)
Unloading 6610 unused Assets / (5.1 MB). Loaded Objects now: 7469.
Memory consumption went from 201.2 MB to 196.1 MB.
Total: 5.849500 ms (FindLiveObjects: 0.857700 ms CreateObjectMapping: 0.503600 ms MarkObjects: 3.004900 ms  DeleteObjects: 1.482400 ms)

Prepare: number of updated asset objects reloaded= 0
========================================================================
Received Prepare
Refreshing native plugins compatible for Editor in 0.93 ms, found 3 plugins.
Preloading 0 native plugins for Editor in 0.00 ms.
Unloading 15 Unused Serialized files (Serialized files now loaded: 0)
Unloading 6603 unused Assets / (5.0 MB). Loaded Objects now: 7469.
Memory consumption went from 203.8 MB to 198.8 MB.
Total: 8.124400 ms (FindLiveObjects: 0.871000 ms CreateObjectMapping: 0.358900 ms MarkObjects: 4.738200 ms  DeleteObjects: 2.155200 ms)

Prepare: number of updated asset objects reloaded= 0
========================================================================
Received Prepare
Refreshing native plugins compatible for Editor in 5.34 ms, found 3 plugins.
Preloading 0 native plugins for Editor in 0.00 ms.
Unloading 15 Unused Serialized files (Serialized files now loaded: 0)
Unloading 6603 unused Assets / (4.2 MB). Loaded Objects now: 7469.
Memory consumption went from 206.2 MB to 202.0 MB.
Total: 34.021200 ms (FindLiveObjects: 2.835000 ms CreateObjectMapping: 5.242600 ms MarkObjects: 18.171900 ms  DeleteObjects: 7.770100 ms)

Prepare: number of updated asset objects reloaded= 0
========================================================================
Received Prepare
Begin MonoManager ReloadAssembly
- Loaded All Assemblies, in  0.542 seconds
Refreshing native plugins compatible for Editor in 0.71 ms, found 3 plugins.
Native extension for WindowsStandalone target not found
Native extension for WebGL target not found
Mono: successfully reloaded assembly
- Finished resetting the current domain, in  0.562 seconds
Domain Reload Profiling: 1105ms
	BeginReloadAssembly (156ms)
		ExecutionOrderSort (0ms)
		DisableScriptedObjects (4ms)
		BackupInstance (0ms)
		ReleaseScriptingObjects (0ms)
		CreateAndSetChildDomain (36ms)
	RebuildCommonClasses (26ms)
	RebuildNativeTypeToScriptingClass (9ms)
	initialDomainReloadingComplete (20ms)
	LoadAllAssembliesAndSetupDomain (331ms)
		LoadAssemblies (258ms)
		RebuildTransferFunctionScriptingTraits (0ms)
		AnalyzeDomain (143ms)
			TypeCache.Refresh (7ms)
				TypeCache.ScanAssembly (0ms)
			BuildScriptInfoCaches (125ms)
			ResolveRequiredComponents (8ms)
	FinalizeReload (563ms)
		ReleaseScriptCaches (0ms)
		RebuildScriptCaches (0ms)
		SetupLoadedEditorAssemblies (440ms)
			LogAssemblyErrors (0ms)
			InitializePlatformSupportModulesInManaged (2ms)
			SetLoadedEditorAssemblies (3ms)
			BeforeProcessingInitializeOnLoad (92ms)
			ProcessInitializeOnLoadAttributes (288ms)
			ProcessInitializeOnLoadMethodAttributes (51ms)
			AfterProcessingInitializeOnLoad (3ms)
			EditorAssembliesLoaded (0ms)
		ExecutionOrderSort2 (0ms)
		AwakeInstancesAfterBackupRestoration (14ms)
Refreshing native plugins compatible for Editor in 0.64 ms, found 3 plugins.
Preloading 0 native plugins for Editor in 0.00 ms.
Unloading 15 Unused Serialized files (Serialized files now loaded: 0)
Unloading 6610 unused Assets / (5.3 MB). Loaded Objects now: 7471.
Memory consumption went from 208.5 MB to 203.2 MB.
Total: 6.795800 ms (FindLiveObjects: 0.517000 ms CreateObjectMapping: 0.651900 ms MarkObjects: 3.566100 ms  DeleteObjects: 2.059600 ms)

Prepare: number of updated asset objects reloaded= 0
========================================================================
Received Prepare
Begin MonoManager ReloadAssembly
- Loaded All Assemblies, in  0.515 seconds
Refreshing native plugins compatible for Editor in 0.73 ms, found 3 plugins.
Native extension for WindowsStandalone target not found
Native extension for WebGL target not found
Mono: successfully reloaded assembly
- Finished resetting the current domain, in  0.488 seconds
Domain Reload Profiling: 1004ms
	BeginReloadAssembly (145ms)
		ExecutionOrderSort (0ms)
		DisableScriptedObjects (4ms)
		BackupInstance (0ms)
		ReleaseScriptingObjects (0ms)
		CreateAndSetChildDomain (31ms)
	RebuildCommonClasses (25ms)
	RebuildNativeTypeToScriptingClass (9ms)
	initialDomainReloadingComplete (19ms)
	LoadAllAssembliesAndSetupDomain (317ms)
		LoadAssemblies (238ms)
		RebuildTransferFunctionScriptingTraits (0ms)
		AnalyzeDomain (143ms)
			TypeCache.Refresh (5ms)
				TypeCache.ScanAssembly (0ms)
			BuildScriptInfoCaches (127ms)
			ResolveRequiredComponents (8ms)
	FinalizeReload (489ms)
		ReleaseScriptCaches (0ms)
		RebuildScriptCaches (0ms)
		SetupLoadedEditorAssemblies (373ms)
			LogAssemblyErrors (0ms)
			InitializePlatformSupportModulesInManaged (2ms)
			SetLoadedEditorAssemblies (3ms)
			BeforeProcessingInitializeOnLoad (84ms)
			ProcessInitializeOnLoadAttributes (245ms)
			ProcessInitializeOnLoadMethodAttributes (38ms)
			AfterProcessingInitializeOnLoad (3ms)
			EditorAssembliesLoaded (0ms)
		ExecutionOrderSort2 (0ms)
		AwakeInstancesAfterBackupRestoration (10ms)
Refreshing native plugins compatible for Editor in 0.59 ms, found 3 plugins.
Preloading 0 native plugins for Editor in 0.00 ms.
Unloading 15 Unused Serialized files (Serialized files now loaded: 0)
Unloading 6610 unused Assets / (5.4 MB). Loaded Objects now: 7473.
Memory consumption went from 211.0 MB to 205.6 MB.
Total: 6.000400 ms (FindLiveObjects: 0.464400 ms CreateObjectMapping: 0.314200 ms MarkObjects: 3.210700 ms  DeleteObjects: 2.010300 ms)

Prepare: number of updated asset objects reloaded= 0
========================================================================
Received Prepare
Refreshing native plugins compatible for Editor in 2.56 ms, found 3 plugins.
Preloading 0 native plugins for Editor in 0.00 ms.
Unloading 15 Unused Serialized files (Serialized files now loaded: 0)
Unloading 6603 unused Assets / (6.1 MB). Loaded Objects now: 7473.
Memory consumption went from 213.6 MB to 207.5 MB.
Total: 20.346400 ms (FindLiveObjects: 0.971200 ms CreateObjectMapping: 1.534100 ms MarkObjects: 11.916500 ms  DeleteObjects: 5.922900 ms)

Prepare: number of updated asset objects reloaded= 0
========================================================================
Received Prepare
Begin MonoManager ReloadAssembly
- Loaded All Assemblies, in  0.521 seconds
Refreshing native plugins compatible for Editor in 1.08 ms, found 3 plugins.
Native extension for WindowsStandalone target not found
Native extension for WebGL target not found
Mono: successfully reloaded assembly
- Finished resetting the current domain, in  0.620 seconds
Domain Reload Profiling: 1142ms
	BeginReloadAssembly (152ms)
		ExecutionOrderSort (0ms)
		DisableScriptedObjects (4ms)
		BackupInstance (0ms)
		ReleaseScriptingObjects (0ms)
		CreateAndSetChildDomain (29ms)
	RebuildCommonClasses (27ms)
	RebuildNativeTypeToScriptingClass (9ms)
	initialDomainReloadingComplete (23ms)
	LoadAllAssembliesAndSetupDomain (311ms)
		LoadAssemblies (246ms)
		RebuildTransferFunctionScriptingTraits (0ms)
		AnalyzeDomain (140ms)
			TypeCache.Refresh (7ms)
				TypeCache.ScanAssembly (0ms)
			BuildScriptInfoCaches (122ms)
			ResolveRequiredComponents (8ms)
	FinalizeReload (620ms)
		ReleaseScriptCaches (0ms)
		RebuildScriptCaches (0ms)
		SetupLoadedEditorAssemblies (460ms)
			LogAssemblyErrors (0ms)
			InitializePlatformSupportModulesInManaged (3ms)
			SetLoadedEditorAssemblies (4ms)
			BeforeProcessingInitializeOnLoad (114ms)
			ProcessInitializeOnLoadAttributes (287ms)
			ProcessInitializeOnLoadMethodAttributes (49ms)
			AfterProcessingInitializeOnLoad (3ms)
			EditorAssembliesLoaded (0ms)
		ExecutionOrderSort2 (0ms)
		AwakeInstancesAfterBackupRestoration (12ms)
Refreshing native plugins compatible for Editor in 0.72 ms, found 3 plugins.
Preloading 0 native plugins for Editor in 0.00 ms.
Unloading 15 Unused Serialized files (Serialized files now loaded: 0)
Unloading 6610 unused Assets / (4.9 MB). Loaded Objects now: 7475.
Memory consumption went from 215.9 MB to 211.0 MB.
Total: 6.049900 ms (FindLiveObjects: 0.573400 ms CreateObjectMapping: 0.305800 ms MarkObjects: 3.521700 ms  DeleteObjects: 1.648100 ms)

Prepare: number of updated asset objects reloaded= 0
========================================================================
Received Prepare
Begin MonoManager ReloadAssembly
- Loaded All Assemblies, in  0.512 seconds
Refreshing native plugins compatible for Editor in 0.58 ms, found 3 plugins.
Native extension for WindowsStandalone target not found
Native extension for WebGL target not found
Mono: successfully reloaded assembly
- Finished resetting the current domain, in  0.522 seconds
Domain Reload Profiling: 1035ms
	BeginReloadAssembly (151ms)
		ExecutionOrderSort (0ms)
		DisableScriptedObjects (4ms)
		BackupInstance (0ms)
		ReleaseScriptingObjects (0ms)
		CreateAndSetChildDomain (32ms)
	RebuildCommonClasses (25ms)
	RebuildNativeTypeToScriptingClass (9ms)
	initialDomainReloadingComplete (18ms)
	LoadAllAssembliesAndSetupDomain (309ms)
		LoadAssemblies (235ms)
		RebuildTransferFunctionScriptingTraits (0ms)
		AnalyzeDomain (140ms)
			TypeCache.Refresh (6ms)
				TypeCache.ScanAssembly (0ms)
			BuildScriptInfoCaches (123ms)
			ResolveRequiredComponents (8ms)
	FinalizeReload (523ms)
		ReleaseScriptCaches (0ms)
		RebuildScriptCaches (0ms)
		SetupLoadedEditorAssemblies (405ms)
			LogAssemblyErrors (0ms)
			InitializePlatformSupportModulesInManaged (3ms)
			SetLoadedEditorAssemblies (3ms)
			BeforeProcessingInitializeOnLoad (93ms)
			ProcessInitializeOnLoadAttributes (257ms)
			ProcessInitializeOnLoadMethodAttributes (47ms)
			AfterProcessingInitializeOnLoad (3ms)
			EditorAssembliesLoaded (0ms)
		ExecutionOrderSort2 (0ms)
		AwakeInstancesAfterBackupRestoration (11ms)
Refreshing native plugins compatible for Editor in 0.84 ms, found 3 plugins.
Preloading 0 native plugins for Editor in 0.00 ms.
Unloading 15 Unused Serialized files (Serialized files now loaded: 0)
Unloading 6610 unused Assets / (5.1 MB). Loaded Objects now: 7477.
Memory consumption went from 218.4 MB to 213.4 MB.
Total: 5.786700 ms (FindLiveObjects: 0.511900 ms CreateObjectMapping: 0.294600 ms MarkObjects: 3.118100 ms  DeleteObjects: 1.861400 ms)

Prepare: number of updated asset objects reloaded= 0
========================================================================
Received Prepare
Begin MonoManager ReloadAssembly
- Loaded All Assemblies, in  0.494 seconds
Refreshing native plugins compatible for Editor in 0.68 ms, found 3 plugins.
Native extension for WindowsStandalone target not found
Native extension for WebGL target not found
Mono: successfully reloaded assembly
- Finished resetting the current domain, in  0.504 seconds
Domain Reload Profiling: 998ms
	BeginReloadAssembly (141ms)
		ExecutionOrderSort (0ms)
		DisableScriptedObjects (4ms)
		BackupInstance (0ms)
		ReleaseScriptingObjects (0ms)
		CreateAndSetChildDomain (32ms)
	RebuildCommonClasses (24ms)
	RebuildNativeTypeToScriptingClass (9ms)
	initialDomainReloadingComplete (19ms)
	LoadAllAssembliesAndSetupDomain (302ms)
		LoadAssemblies (227ms)
		RebuildTransferFunctionScriptingTraits (0ms)
		AnalyzeDomain (137ms)
			TypeCache.Refresh (5ms)
				TypeCache.ScanAssembly (0ms)
			BuildScriptInfoCaches (120ms)
			ResolveRequiredComponents (8ms)
	FinalizeReload (504ms)
		ReleaseScriptCaches (0ms)
		RebuildScriptCaches (0ms)
		SetupLoadedEditorAssemblies (390ms)
			LogAssemblyErrors (0ms)
			InitializePlatformSupportModulesInManaged (2ms)
			SetLoadedEditorAssemblies (3ms)
			BeforeProcessingInitializeOnLoad (82ms)
			ProcessInitializeOnLoadAttributes (254ms)
			ProcessInitializeOnLoadMethodAttributes (45ms)
			AfterProcessingInitializeOnLoad (3ms)
			EditorAssembliesLoaded (0ms)
		ExecutionOrderSort2 (0ms)
		AwakeInstancesAfterBackupRestoration (12ms)
Refreshing native plugins compatible for Editor in 0.82 ms, found 3 plugins.
Preloading 0 native plugins for Editor in 0.00 ms.
Unloading 15 Unused Serialized files (Serialized files now loaded: 0)
Unloading 6610 unused Assets / (5.1 MB). Loaded Objects now: 7479.
Memory consumption went from 220.9 MB to 215.8 MB.
Total: 6.037500 ms (FindLiveObjects: 0.467100 ms CreateObjectMapping: 0.302700 ms MarkObjects: 3.674400 ms  DeleteObjects: 1.592500 ms)

Prepare: number of updated asset objects reloaded= 0
========================================================================
Received Prepare
Begin MonoManager ReloadAssembly
- Loaded All Assemblies, in  0.518 seconds
Refreshing native plugins compatible for Editor in 0.76 ms, found 3 plugins.
Native extension for WindowsStandalone target not found
Native extension for WebGL target not found
Mono: successfully reloaded assembly
- Finished resetting the current domain, in  0.516 seconds
Domain Reload Profiling: 1035ms
	BeginReloadAssembly (138ms)
		ExecutionOrderSort (0ms)
		DisableScriptedObjects (4ms)
		BackupInstance (0ms)
		ReleaseScriptingObjects (0ms)
		CreateAndSetChildDomain (32ms)
	RebuildCommonClasses (25ms)
	RebuildNativeTypeToScriptingClass (9ms)
	initialDomainReloadingComplete (19ms)
	LoadAllAssembliesAndSetupDomain (329ms)
		LoadAssemblies (232ms)
		RebuildTransferFunctionScriptingTraits (0ms)
		AnalyzeDomain (157ms)
			TypeCache.Refresh (5ms)
				TypeCache.ScanAssembly (0ms)
			BuildScriptInfoCaches (118ms)
			ResolveRequiredComponents (8ms)
	FinalizeReload (516ms)
		ReleaseScriptCaches (0ms)
		RebuildScriptCaches (0ms)
		SetupLoadedEditorAssemblies (387ms)
			LogAssemblyErrors (0ms)
			InitializePlatformSupportModulesInManaged (2ms)
			SetLoadedEditorAssemblies (3ms)
			BeforeProcessingInitializeOnLoad (103ms)
			ProcessInitializeOnLoadAttributes (243ms)
			ProcessInitializeOnLoadMethodAttributes (34ms)
			AfterProcessingInitializeOnLoad (2ms)
			EditorAssembliesLoaded (0ms)
		ExecutionOrderSort2 (0ms)
		AwakeInstancesAfterBackupRestoration (9ms)
Refreshing native plugins compatible for Editor in 0.63 ms, found 3 plugins.
Preloading 0 native plugins for Editor in 0.00 ms.
Unloading 15 Unused Serialized files (Serialized files now loaded: 0)
Unloading 6610 unused Assets / (5.1 MB). Loaded Objects now: 7481.
Memory consumption went from 223.4 MB to 218.2 MB.
Total: 5.490400 ms (FindLiveObjects: 0.503100 ms CreateObjectMapping: 0.317000 ms MarkObjects: 3.041600 ms  DeleteObjects: 1.627600 ms)

Prepare: number of updated asset objects reloaded= 0
========================================================================
Received Prepare
Begin MonoManager ReloadAssembly
- Loaded All Assemblies, in  0.515 seconds
Refreshing native plugins compatible for Editor in 0.68 ms, found 3 plugins.
Native extension for WindowsStandalone target not found
Native extension for WebGL target not found
Mono: successfully reloaded assembly
- Finished resetting the current domain, in  0.539 seconds
Domain Reload Profiling: 1055ms
	BeginReloadAssembly (143ms)
		ExecutionOrderSort (0ms)
		DisableScriptedObjects (4ms)
		BackupInstance (0ms)
		ReleaseScriptingObjects (0ms)
		CreateAndSetChildDomain (33ms)
	RebuildCommonClasses (23ms)
	RebuildNativeTypeToScriptingClass (9ms)
	initialDomainReloadingComplete (18ms)
	LoadAllAssembliesAndSetupDomain (323ms)
		LoadAssemblies (231ms)
		RebuildTransferFunctionScriptingTraits (0ms)
		AnalyzeDomain (156ms)
			TypeCache.Refresh (5ms)
				TypeCache.ScanAssembly (0ms)
			BuildScriptInfoCaches (117ms)
			ResolveRequiredComponents (30ms)
	FinalizeReload (539ms)
		ReleaseScriptCaches (0ms)
		RebuildScriptCaches (0ms)
		SetupLoadedEditorAssemblies (403ms)
			LogAssemblyErrors (0ms)
			InitializePlatformSupportModulesInManaged (2ms)
			SetLoadedEditorAssemblies (4ms)
			BeforeProcessingInitializeOnLoad (81ms)
			ProcessInitializeOnLoadAttributes (280ms)
			ProcessInitializeOnLoadMethodAttributes (34ms)
			AfterProcessingInitializeOnLoad (3ms)
			EditorAssembliesLoaded (0ms)
		ExecutionOrderSort2 (0ms)
		AwakeInstancesAfterBackupRestoration (9ms)
Refreshing native plugins compatible for Editor in 0.62 ms, found 3 plugins.
Preloading 0 native plugins for Editor in 0.00 ms.
Unloading 15 Unused Serialized files (Serialized files now loaded: 0)
Unloading 6610 unused Assets / (5.0 MB). Loaded Objects now: 7483.
Memory consumption went from 225.8 MB to 220.9 MB.
Total: 5.179000 ms (FindLiveObjects: 0.445600 ms CreateObjectMapping: 0.291200 ms MarkObjects: 2.980800 ms  DeleteObjects: 1.460400 ms)

Prepare: number of updated asset objects reloaded= 0
========================================================================
Received Prepare
Begin MonoManager ReloadAssembly
- Loaded All Assemblies, in  0.533 seconds
Refreshing native plugins compatible for Editor in 0.54 ms, found 3 plugins.
Native extension for WindowsStandalone target not found
Native extension for WebGL target not found
Mono: successfully reloaded assembly
- Finished resetting the current domain, in  0.519 seconds
Domain Reload Profiling: 1054ms
	BeginReloadAssembly (148ms)
		ExecutionOrderSort (0ms)
		DisableScriptedObjects (4ms)
		BackupInstance (0ms)
		ReleaseScriptingObjects (0ms)
		CreateAndSetChildDomain (31ms)
	RebuildCommonClasses (25ms)
	RebuildNativeTypeToScriptingClass (9ms)
	initialDomainReloadingComplete (22ms)
	LoadAllAssembliesAndSetupDomain (330ms)
		LoadAssemblies (251ms)
		RebuildTransferFunctionScriptingTraits (0ms)
		AnalyzeDomain (145ms)
			TypeCache.Refresh (7ms)
				TypeCache.ScanAssembly (0ms)
			BuildScriptInfoCaches (127ms)
			ResolveRequiredComponents (8ms)
	FinalizeReload (520ms)
		ReleaseScriptCaches (0ms)
		RebuildScriptCaches (0ms)
		SetupLoadedEditorAssemblies (403ms)
			LogAssemblyErrors (0ms)
			InitializePlatformSupportModulesInManaged (2ms)
			SetLoadedEditorAssemblies (3ms)
			BeforeProcessingInitializeOnLoad (85ms)
			ProcessInitializeOnLoadAttributes (265ms)
			ProcessInitializeOnLoadMethodAttributes (46ms)
			AfterProcessingInitializeOnLoad (3ms)
			EditorAssembliesLoaded (0ms)
		ExecutionOrderSort2 (0ms)
		AwakeInstancesAfterBackupRestoration (12ms)
Refreshing native plugins compatible for Editor in 1.21 ms, found 3 plugins.
Preloading 0 native plugins for Editor in 0.00 ms.
Unloading 15 Unused Serialized files (Serialized files now loaded: 0)
Unloading 6610 unused Assets / (5.0 MB). Loaded Objects now: 7485.
Memory consumption went from 228.3 MB to 223.4 MB.
Total: 6.815700 ms (FindLiveObjects: 0.573600 ms CreateObjectMapping: 0.363100 ms MarkObjects: 3.922800 ms  DeleteObjects: 1.954800 ms)

Prepare: number of updated asset objects reloaded= 0
========================================================================
Received Prepare
Begin MonoManager ReloadAssembly
- Loaded All Assemblies, in  0.498 seconds
Refreshing native plugins compatible for Editor in 1.11 ms, found 3 plugins.
Native extension for WindowsStandalone target not found
Native extension for WebGL target not found
Mono: successfully reloaded assembly
- Finished resetting the current domain, in  0.469 seconds
Domain Reload Profiling: 968ms
	BeginReloadAssembly (144ms)
		ExecutionOrderSort (0ms)
		DisableScriptedObjects (4ms)
		BackupInstance (0ms)
		ReleaseScriptingObjects (0ms)
		CreateAndSetChildDomain (31ms)
	RebuildCommonClasses (26ms)
	RebuildNativeTypeToScriptingClass (9ms)
	initialDomainReloadingComplete (18ms)
	LoadAllAssembliesAndSetupDomain (303ms)
		LoadAssemblies (234ms)
		RebuildTransferFunctionScriptingTraits (0ms)
		AnalyzeDomain (135ms)
			TypeCache.Refresh (5ms)
				TypeCache.ScanAssembly (0ms)
			BuildScriptInfoCaches (118ms)
			ResolveRequiredComponents (8ms)
	FinalizeReload (469ms)
		ReleaseScriptCaches (0ms)
		RebuildScriptCaches (0ms)
		SetupLoadedEditorAssemblies (357ms)
			LogAssemblyErrors (0ms)
			InitializePlatformSupportModulesInManaged (2ms)
			SetLoadedEditorAssemblies (3ms)
			BeforeProcessingInitializeOnLoad (82ms)
			ProcessInitializeOnLoadAttributes (229ms)
			ProcessInitializeOnLoadMethodAttributes (38ms)
			AfterProcessingInitializeOnLoad (3ms)
			EditorAssembliesLoaded (0ms)
		ExecutionOrderSort2 (0ms)
		AwakeInstancesAfterBackupRestoration (11ms)
Refreshing native plugins compatible for Editor in 0.79 ms, found 3 plugins.
Preloading 0 native plugins for Editor in 0.00 ms.
Unloading 15 Unused Serialized files (Serialized files now loaded: 0)
Unloading 6610 unused Assets / (5.1 MB). Loaded Objects now: 7487.
Memory consumption went from 230.8 MB to 225.7 MB.
Total: 5.436100 ms (FindLiveObjects: 0.479000 ms CreateObjectMapping: 0.317500 ms MarkObjects: 3.087100 ms  DeleteObjects: 1.551700 ms)

Prepare: number of updated asset objects reloaded= 0
========================================================================
Received Prepare
Begin MonoManager ReloadAssembly
- Loaded All Assemblies, in  0.500 seconds
Refreshing native plugins compatible for Editor in 0.61 ms, found 3 plugins.
Native extension for WindowsStandalone target not found
Native extension for WebGL target not found
Mono: successfully reloaded assembly
- Finished resetting the current domain, in  0.463 seconds
Domain Reload Profiling: 964ms
	BeginReloadAssembly (146ms)
		ExecutionOrderSort (0ms)
		DisableScriptedObjects (6ms)
		BackupInstance (0ms)
		ReleaseScriptingObjects (0ms)
		CreateAndSetChildDomain (34ms)
	RebuildCommonClasses (26ms)
	RebuildNativeTypeToScriptingClass (9ms)
	initialDomainReloadingComplete (20ms)
	LoadAllAssembliesAndSetupDomain (301ms)
		LoadAssemblies (227ms)
		RebuildTransferFunctionScriptingTraits (0ms)
		AnalyzeDomain (137ms)
			TypeCache.Refresh (5ms)
				TypeCache.ScanAssembly (0ms)
			BuildScriptInfoCaches (121ms)
			ResolveRequiredComponents (8ms)
	FinalizeReload (463ms)
		ReleaseScriptCaches (0ms)
		RebuildScriptCaches (0ms)
		SetupLoadedEditorAssemblies (353ms)
			LogAssemblyErrors (0ms)
			InitializePlatformSupportModulesInManaged (2ms)
			SetLoadedEditorAssemblies (3ms)
			BeforeProcessingInitializeOnLoad (79ms)
			ProcessInitializeOnLoadAttributes (231ms)
			ProcessInitializeOnLoadMethodAttributes (36ms)
			AfterProcessingInitializeOnLoad (2ms)
			EditorAssembliesLoaded (0ms)
		ExecutionOrderSort2 (0ms)
		AwakeInstancesAfterBackupRestoration (11ms)
Refreshing native plugins compatible for Editor in 0.63 ms, found 3 plugins.
Preloading 0 native plugins for Editor in 0.00 ms.
Unloading 15 Unused Serialized files (Serialized files now loaded: 0)
Unloading 6610 unused Assets / (4.7 MB). Loaded Objects now: 7489.
Memory consumption went from 233.3 MB to 228.6 MB.
Total: 5.289800 ms (FindLiveObjects: 0.510300 ms CreateObjectMapping: 0.293700 ms MarkObjects: 2.976400 ms  DeleteObjects: 1.508500 ms)

Prepare: number of updated asset objects reloaded= 0
========================================================================
Received Prepare
Begin MonoManager ReloadAssembly
- Loaded All Assemblies, in  0.520 seconds
Refreshing native plugins compatible for Editor in 0.53 ms, found 3 plugins.
Native extension for WindowsStandalone target not found
Native extension for WebGL target not found
Mono: successfully reloaded assembly
- Finished resetting the current domain, in  0.481 seconds
Domain Reload Profiling: 1001ms
	BeginReloadAssembly (144ms)
		ExecutionOrderSort (0ms)
		DisableScriptedObjects (4ms)
		BackupInstance (0ms)
		ReleaseScriptingObjects (0ms)
		CreateAndSetChildDomain (33ms)
	RebuildCommonClasses (25ms)
	RebuildNativeTypeToScriptingClass (9ms)
	initialDomainReloadingComplete (20ms)
	LoadAllAssembliesAndSetupDomain (323ms)
		LoadAssemblies (244ms)
		RebuildTransferFunctionScriptingTraits (0ms)
		AnalyzeDomain (142ms)
			TypeCache.Refresh (5ms)
				TypeCache.ScanAssembly (0ms)
			BuildScriptInfoCaches (124ms)
			ResolveRequiredComponents (9ms)
	FinalizeReload (481ms)
		ReleaseScriptCaches (0ms)
		RebuildScriptCaches (0ms)
		SetupLoadedEditorAssemblies (367ms)
			LogAssemblyErrors (0ms)
			InitializePlatformSupportModulesInManaged (2ms)
			SetLoadedEditorAssemblies (3ms)
			BeforeProcessingInitializeOnLoad (84ms)
			ProcessInitializeOnLoadAttributes (238ms)
			ProcessInitializeOnLoadMethodAttributes (36ms)
			AfterProcessingInitializeOnLoad (3ms)
			EditorAssembliesLoaded (0ms)
		ExecutionOrderSort2 (0ms)
		AwakeInstancesAfterBackupRestoration (10ms)
Refreshing native plugins compatible for Editor in 0.64 ms, found 3 plugins.
Preloading 0 native plugins for Editor in 0.00 ms.
Unloading 15 Unused Serialized files (Serialized files now loaded: 0)
Unloading 6610 unused Assets / (5.0 MB). Loaded Objects now: 7491.
Memory consumption went from 235.8 MB to 230.7 MB.
Total: 5.455500 ms (FindLiveObjects: 0.480400 ms CreateObjectMapping: 0.303100 ms MarkObjects: 3.165000 ms  DeleteObjects: 1.506200 ms)

Prepare: number of updated asset objects reloaded= 0
========================================================================
Received Prepare
Begin MonoManager ReloadAssembly
- Loaded All Assemblies, in  0.512 seconds
Refreshing native plugins compatible for Editor in 0.58 ms, found 3 plugins.
Native extension for WindowsStandalone target not found
Native extension for WebGL target not found
Mono: successfully reloaded assembly
- Finished resetting the current domain, in  0.487 seconds
Domain Reload Profiling: 1000ms
	BeginReloadAssembly (143ms)
		ExecutionOrderSort (0ms)
		DisableScriptedObjects (4ms)
		BackupInstance (0ms)
		ReleaseScriptingObjects (0ms)
		CreateAndSetChildDomain (33ms)
	RebuildCommonClasses (26ms)
	RebuildNativeTypeToScriptingClass (10ms)
	initialDomainReloadingComplete (19ms)
	LoadAllAssembliesAndSetupDomain (315ms)
		LoadAssemblies (237ms)
		RebuildTransferFunctionScriptingTraits (0ms)
		AnalyzeDomain (142ms)
			TypeCache.Refresh (5ms)
				TypeCache.ScanAssembly (0ms)
			BuildScriptInfoCaches (124ms)
			ResolveRequiredComponents (8ms)
	FinalizeReload (487ms)
		ReleaseScriptCaches (0ms)
		RebuildScriptCaches (0ms)
		SetupLoadedEditorAssemblies (370ms)
			LogAssemblyErrors (0ms)
			InitializePlatformSupportModulesInManaged (2ms)
			SetLoadedEditorAssemblies (4ms)
			BeforeProcessingInitializeOnLoad (82ms)
			ProcessInitializeOnLoadAttributes (242ms)
			ProcessInitializeOnLoadMethodAttributes (37ms)
			AfterProcessingInitializeOnLoad (3ms)
			EditorAssembliesLoaded (0ms)
		ExecutionOrderSort2 (0ms)
		AwakeInstancesAfterBackupRestoration (14ms)
Refreshing native plugins compatible for Editor in 0.58 ms, found 3 plugins.
Preloading 0 native plugins for Editor in 0.00 ms.
Unloading 15 Unused Serialized files (Serialized files now loaded: 0)
Unloading 6610 unused Assets / (4.9 MB). Loaded Objects now: 7493.
Memory consumption went from 238.2 MB to 233.3 MB.
Total: 5.264100 ms (FindLiveObjects: 0.462300 ms CreateObjectMapping: 0.323200 ms MarkObjects: 3.055500 ms  DeleteObjects: 1.422300 ms)

Prepare: number of updated asset objects reloaded= 0
========================================================================
Received Prepare
Refreshing native plugins compatible for Editor in 1.56 ms, found 3 plugins.
Preloading 0 native plugins for Editor in 0.00 ms.
Unloading 15 Unused Serialized files (Serialized files now loaded: 0)
Unloading 6603 unused Assets / (2.8 MB). Loaded Objects now: 7493.
Memory consumption went from 240.9 MB to 238.1 MB.
Total: 9.521600 ms (FindLiveObjects: 0.970900 ms CreateObjectMapping: 0.518700 ms MarkObjects: 6.091100 ms  DeleteObjects: 1.939700 ms)

Prepare: number of updated asset objects reloaded= 0
========================================================================
Received Prepare
Refreshing native plugins compatible for Editor in 0.69 ms, found 3 plugins.
Preloading 0 native plugins for Editor in 0.00 ms.
Unloading 15 Unused Serialized files (Serialized files now loaded: 0)
Unloading 6604 unused Assets / (4.8 MB). Loaded Objects now: 7494.
Memory consumption went from 243.3 MB to 238.5 MB.
Total: 5.542600 ms (FindLiveObjects: 0.526900 ms CreateObjectMapping: 0.295600 ms MarkObjects: 3.192700 ms  DeleteObjects: 1.526600 ms)

Prepare: number of updated asset objects reloaded= 0
========================================================================
Received Import Request.
  Time since last request: 10566.338927 seconds.
  path: Assets/Scripts/SpatialGrid.cs
  artifactKey: Guid(ac02094378006614c99576815ff2d41e) Importer(815301076,1909f56bfc062723c751e8b465ee728b)
Start importing Assets/Scripts/SpatialGrid.cs using Guid(ac02094378006614c99576815ff2d41e) Importer(815301076,1909f56bfc062723c751e8b465ee728b) (PreviewImporter) -> (artifact id: '9af8446e2692cad07b2bdfb41caf50c0') in 0.0033014 seconds
Number of updated asset objects reloaded before import = 0Number of asset objects unloaded after import = 0

========================================================================
Received Prepare
Begin MonoManager ReloadAssembly
- Loaded All Assemblies, in  0.676 seconds
Refreshing native plugins compatible for Editor in 0.64 ms, found 3 plugins.
Native extension for WindowsStandalone target not found
Native extension for WebGL target not found
Mono: successfully reloaded assembly
- Finished resetting the current domain, in  0.550 seconds
Domain Reload Profiling: 1228ms
	BeginReloadAssembly (271ms)
		ExecutionOrderSort (0ms)
		DisableScriptedObjects (8ms)
		BackupInstance (0ms)
		ReleaseScriptingObjects (0ms)
		CreateAndSetChildDomain (58ms)
	RebuildCommonClasses (34ms)
	RebuildNativeTypeToScriptingClass (10ms)
	initialDomainReloadingComplete (19ms)
	LoadAllAssembliesAndSetupDomain (344ms)
		LoadAssemblies (304ms)
		RebuildTransferFunctionScriptingTraits (0ms)
		AnalyzeDomain (161ms)
			TypeCache.Refresh (7ms)
				TypeCache.ScanAssembly (0ms)
			BuildScriptInfoCaches (140ms)
			ResolveRequiredComponents (10ms)
	FinalizeReload (551ms)
		ReleaseScriptCaches (0ms)
		RebuildScriptCaches (0ms)
		SetupLoadedEditorAssemblies (410ms)
			LogAssemblyErrors (0ms)
			InitializePlatformSupportModulesInManaged (2ms)
			SetLoadedEditorAssemblies (4ms)
			BeforeProcessingInitializeOnLoad (100ms)
			ProcessInitializeOnLoadAttributes (262ms)
			ProcessInitializeOnLoadMethodAttributes (39ms)
			AfterProcessingInitializeOnLoad (3ms)
			EditorAssembliesLoaded (0ms)
		ExecutionOrderSort2 (0ms)
		AwakeInstancesAfterBackupRestoration (11ms)
Refreshing native plugins compatible for Editor in 0.65 ms, found 3 plugins.
Preloading 0 native plugins for Editor in 0.00 ms.
Unloading 15 Unused Serialized files (Serialized files now loaded: 0)
Unloading 6611 unused Assets / (4.8 MB). Loaded Objects now: 7496.
Memory consumption went from 165.8 MB to 161.0 MB.
Total: 7.460200 ms (FindLiveObjects: 0.473300 ms CreateObjectMapping: 0.305800 ms MarkObjects: 4.130000 ms  DeleteObjects: 2.540400 ms)

Prepare: number of updated asset objects reloaded= 0
========================================================================
Received Prepare
Begin MonoManager ReloadAssembly
- Loaded All Assemblies, in  0.526 seconds
Refreshing native plugins compatible for Editor in 0.57 ms, found 3 plugins.
Native extension for WindowsStandalone target not found
Native extension for WebGL target not found
Mono: successfully reloaded assembly
- Finished resetting the current domain, in  0.485 seconds
Domain Reload Profiling: 1012ms
	BeginReloadAssembly (153ms)
		ExecutionOrderSort (0ms)
		DisableScriptedObjects (5ms)
		BackupInstance (0ms)
		ReleaseScriptingObjects (0ms)
		CreateAndSetChildDomain (39ms)
	RebuildCommonClasses (26ms)
	RebuildNativeTypeToScriptingClass (9ms)
	initialDomainReloadingComplete (20ms)
	LoadAllAssembliesAndSetupDomain (318ms)
		LoadAssemblies (240ms)
		RebuildTransferFunctionScriptingTraits (0ms)
		AnalyzeDomain (143ms)
			TypeCache.Refresh (6ms)
				TypeCache.ScanAssembly (0ms)
			BuildScriptInfoCaches (126ms)
			ResolveRequiredComponents (8ms)
	FinalizeReload (485ms)
		ReleaseScriptCaches (0ms)
		RebuildScriptCaches (0ms)
		SetupLoadedEditorAssemblies (369ms)
			LogAssemblyErrors (0ms)
			InitializePlatformSupportModulesInManaged (2ms)
			SetLoadedEditorAssemblies (3ms)
			BeforeProcessingInitializeOnLoad (83ms)
			ProcessInitializeOnLoadAttributes (236ms)
			ProcessInitializeOnLoadMethodAttributes (42ms)
			AfterProcessingInitializeOnLoad (3ms)
			EditorAssembliesLoaded (0ms)
		ExecutionOrderSort2 (0ms)
		AwakeInstancesAfterBackupRestoration (10ms)
Refreshing native plugins compatible for Editor in 0.70 ms, found 3 plugins.
Preloading 0 native plugins for Editor in 0.00 ms.
Unloading 15 Unused Serialized files (Serialized files now loaded: 0)
Unloading 6611 unused Assets / (5.1 MB). Loaded Objects now: 7498.
Memory consumption went from 168.2 MB to 163.1 MB.
Total: 5.538000 ms (FindLiveObjects: 0.494000 ms CreateObjectMapping: 0.307900 ms MarkObjects: 3.187500 ms  DeleteObjects: 1.547800 ms)

Prepare: number of updated asset objects reloaded= 0
========================================================================
Received Prepare
Begin MonoManager ReloadAssembly
- Loaded All Assemblies, in  0.507 seconds
Refreshing native plugins compatible for Editor in 0.67 ms, found 3 plugins.
Native extension for WindowsStandalone target not found
Native extension for WebGL target not found
Mono: successfully reloaded assembly
- Finished resetting the current domain, in  0.484 seconds
Domain Reload Profiling: 992ms
	BeginReloadAssembly (142ms)
		ExecutionOrderSort (0ms)
		DisableScriptedObjects (4ms)
		BackupInstance (0ms)
		ReleaseScriptingObjects (0ms)
		CreateAndSetChildDomain (31ms)
	RebuildCommonClasses (26ms)
	RebuildNativeTypeToScriptingClass (9ms)
	initialDomainReloadingComplete (19ms)
	LoadAllAssembliesAndSetupDomain (311ms)
		LoadAssemblies (236ms)
		RebuildTransferFunctionScriptingTraits (0ms)
		AnalyzeDomain (139ms)
			TypeCache.Refresh (5ms)
				TypeCache.ScanAssembly (0ms)
			BuildScriptInfoCaches (124ms)
			ResolveRequiredComponents (8ms)
	FinalizeReload (484ms)
		ReleaseScriptCaches (0ms)
		RebuildScriptCaches (0ms)
		SetupLoadedEditorAssemblies (367ms)
			LogAssemblyErrors (0ms)
			InitializePlatformSupportModulesInManaged (2ms)
			SetLoadedEditorAssemblies (3ms)
			BeforeProcessingInitializeOnLoad (84ms)
			ProcessInitializeOnLoadAttributes (236ms)
			ProcessInitializeOnLoadMethodAttributes (39ms)
			AfterProcessingInitializeOnLoad (3ms)
			EditorAssembliesLoaded (0ms)
		ExecutionOrderSort2 (0ms)
		AwakeInstancesAfterBackupRestoration (13ms)
Refreshing native plugins compatible for Editor in 0.68 ms, found 3 plugins.
Preloading 0 native plugins for Editor in 0.00 ms.
Unloading 15 Unused Serialized files (Serialized files now loaded: 0)
Unloading 6611 unused Assets / (5.0 MB). Loaded Objects now: 7500.
Memory consumption went from 170.7 MB to 165.7 MB.
Total: 5.432700 ms (FindLiveObjects: 0.491100 ms CreateObjectMapping: 0.303700 ms MarkObjects: 3.091500 ms  DeleteObjects: 1.545800 ms)

Prepare: number of updated asset objects reloaded= 0
========================================================================
Received Prepare
Begin MonoManager ReloadAssembly
- Loaded All Assemblies, in  0.515 seconds
Refreshing native plugins compatible for Editor in 0.58 ms, found 3 plugins.
Native extension for WindowsStandalone target not found
Native extension for WebGL target not found
Mono: successfully reloaded assembly
- Finished resetting the current domain, in  0.471 seconds
Domain Reload Profiling: 987ms
	BeginReloadAssembly (146ms)
		ExecutionOrderSort (0ms)
		DisableScriptedObjects (4ms)
		BackupInstance (0ms)
		ReleaseScriptingObjects (0ms)
		CreateAndSetChildDomain (32ms)
	RebuildCommonClasses (25ms)
	RebuildNativeTypeToScriptingClass (9ms)
	initialDomainReloadingComplete (18ms)
	LoadAllAssembliesAndSetupDomain (318ms)
		LoadAssemblies (245ms)
		RebuildTransferFunctionScriptingTraits (0ms)
		AnalyzeDomain (140ms)
			TypeCache.Refresh (6ms)
				TypeCache.ScanAssembly (0ms)
			BuildScriptInfoCaches (124ms)
			ResolveRequiredComponents (8ms)
	FinalizeReload (472ms)
		ReleaseScriptCaches (0ms)
		RebuildScriptCaches (0ms)
		SetupLoadedEditorAssemblies (354ms)
			LogAssemblyErrors (0ms)
			InitializePlatformSupportModulesInManaged (2ms)
			SetLoadedEditorAssemblies (3ms)
			BeforeProcessingInitializeOnLoad (81ms)
			ProcessInitializeOnLoadAttributes (228ms)
			ProcessInitializeOnLoadMethodAttributes (37ms)
			AfterProcessingInitializeOnLoad (3ms)
			EditorAssembliesLoaded (0ms)
		ExecutionOrderSort2 (0ms)
		AwakeInstancesAfterBackupRestoration (10ms)
Refreshing native plugins compatible for Editor in 0.55 ms, found 3 plugins.
Preloading 0 native plugins for Editor in 0.00 ms.
Unloading 15 Unused Serialized files (Serialized files now loaded: 0)
Unloading 6611 unused Assets / (5.1 MB). Loaded Objects now: 7502.
Memory consumption went from 173.1 MB to 168.1 MB.
Total: 5.368800 ms (FindLiveObjects: 0.486900 ms CreateObjectMapping: 0.335700 ms MarkObjects: 2.913600 ms  DeleteObjects: 1.631700 ms)

Prepare: number of updated asset objects reloaded= 0
========================================================================
Received Prepare
Begin MonoManager ReloadAssembly
- Loaded All Assemblies, in  0.506 seconds
Refreshing native plugins compatible for Editor in 0.62 ms, found 3 plugins.
Native extension for WindowsStandalone target not found
Native extension for WebGL target not found
Mono: successfully reloaded assembly
- Finished resetting the current domain, in  0.578 seconds
Domain Reload Profiling: 1086ms
	BeginReloadAssembly (146ms)
		ExecutionOrderSort (0ms)
		DisableScriptedObjects (4ms)
		BackupInstance (0ms)
		ReleaseScriptingObjects (0ms)
		CreateAndSetChildDomain (32ms)
	RebuildCommonClasses (24ms)
	RebuildNativeTypeToScriptingClass (9ms)
	initialDomainReloadingComplete (18ms)
	LoadAllAssembliesAndSetupDomain (309ms)
		LoadAssemblies (239ms)
		RebuildTransferFunctionScriptingTraits (0ms)
		AnalyzeDomain (137ms)
			TypeCache.Refresh (5ms)
				TypeCache.ScanAssembly (0ms)
			BuildScriptInfoCaches (121ms)
			ResolveRequiredComponents (8ms)
	FinalizeReload (579ms)
		ReleaseScriptCaches (0ms)
		RebuildScriptCaches (0ms)
		SetupLoadedEditorAssemblies (444ms)
			LogAssemblyErrors (0ms)
			InitializePlatformSupportModulesInManaged (2ms)
			SetLoadedEditorAssemblies (3ms)
			BeforeProcessingInitializeOnLoad (104ms)
			ProcessInitializeOnLoadAttributes (275ms)
			ProcessInitializeOnLoadMethodAttributes (58ms)
			AfterProcessingInitializeOnLoad (2ms)
			EditorAssembliesLoaded (0ms)
		ExecutionOrderSort2 (0ms)
		AwakeInstancesAfterBackupRestoration (9ms)
Refreshing native plugins compatible for Editor in 0.62 ms, found 3 plugins.
Preloading 0 native plugins for Editor in 0.00 ms.
Unloading 15 Unused Serialized files (Serialized files now loaded: 0)
Unloading 6611 unused Assets / (5.0 MB). Loaded Objects now: 7504.
Memory consumption went from 175.6 MB to 170.6 MB.
Total: 5.385700 ms (FindLiveObjects: 0.462700 ms CreateObjectMapping: 0.291100 ms MarkObjects: 3.109100 ms  DeleteObjects: 1.521900 ms)

Prepare: number of updated asset objects reloaded= 0
========================================================================
Received Prepare
Begin MonoManager ReloadAssembly
- Loaded All Assemblies, in  0.510 seconds
Refreshing native plugins compatible for Editor in 0.62 ms, found 3 plugins.
Native extension for WindowsStandalone target not found
Native extension for WebGL target not found
Mono: successfully reloaded assembly
- Finished resetting the current domain, in  0.565 seconds
Domain Reload Profiling: 1075ms
	BeginReloadAssembly (142ms)
		ExecutionOrderSort (0ms)
		DisableScriptedObjects (4ms)
		BackupInstance (0ms)
		ReleaseScriptingObjects (0ms)
		CreateAndSetChildDomain (32ms)
	RebuildCommonClasses (26ms)
	RebuildNativeTypeToScriptingClass (9ms)
	initialDomainReloadingComplete (19ms)
	LoadAllAssembliesAndSetupDomain (315ms)
		LoadAssemblies (238ms)
		RebuildTransferFunctionScriptingTraits (0ms)
		AnalyzeDomain (139ms)
			TypeCache.Refresh (5ms)
				TypeCache.ScanAssembly (0ms)
			BuildScriptInfoCaches (123ms)
			ResolveRequiredComponents (8ms)
	FinalizeReload (565ms)
		ReleaseScriptCaches (0ms)
		RebuildScriptCaches (0ms)
		SetupLoadedEditorAssemblies (457ms)
			LogAssemblyErrors (0ms)
			InitializePlatformSupportModulesInManaged (2ms)
			SetLoadedEditorAssemblies (3ms)
			BeforeProcessingInitializeOnLoad (104ms)
			ProcessInitializeOnLoadAttributes (310ms)
			ProcessInitializeOnLoadMethodAttributes (36ms)
			AfterProcessingInitializeOnLoad (3ms)
			EditorAssembliesLoaded (0ms)
		ExecutionOrderSort2 (0ms)
		AwakeInstancesAfterBackupRestoration (10ms)
Refreshing native plugins compatible for Editor in 0.64 ms, found 3 plugins.
Preloading 0 native plugins for Editor in 0.00 ms.
Unloading 15 Unused Serialized files (Serialized files now loaded: 0)
Unloading 6611 unused Assets / (4.8 MB). Loaded Objects now: 7506.
Memory consumption went from 178.0 MB to 173.3 MB.
Total: 5.413500 ms (FindLiveObjects: 0.454800 ms CreateObjectMapping: 0.287200 ms MarkObjects: 3.165600 ms  DeleteObjects: 1.504900 ms)

Prepare: number of updated asset objects reloaded= 0
========================================================================
Received Prepare
Begin MonoManager ReloadAssembly
- Loaded All Assemblies, in  0.926 seconds
Refreshing native plugins compatible for Editor in 1.61 ms, found 3 plugins.
Native extension for WindowsStandalone target not found
Native extension for WebGL target not found
Mono: successfully reloaded assembly
- Finished resetting the current domain, in  0.697 seconds
Domain Reload Profiling: 1622ms
	BeginReloadAssembly (311ms)
		ExecutionOrderSort (0ms)
		DisableScriptedObjects (7ms)
		BackupInstance (0ms)
		ReleaseScriptingObjects (0ms)
		CreateAndSetChildDomain (68ms)
	RebuildCommonClasses (45ms)
	RebuildNativeTypeToScriptingClass (18ms)
	initialDomainReloadingComplete (34ms)
	LoadAllAssembliesAndSetupDomain (516ms)
		LoadAssemblies (464ms)
		RebuildTransferFunctionScriptingTraits (0ms)
		AnalyzeDomain (188ms)
			TypeCache.Refresh (11ms)
				TypeCache.ScanAssembly (0ms)
			BuildScriptInfoCaches (165ms)
			ResolveRequiredComponents (9ms)
	FinalizeReload (698ms)
		ReleaseScriptCaches (0ms)
		RebuildScriptCaches (0ms)
		SetupLoadedEditorAssemblies (509ms)
			LogAssemblyErrors (0ms)
			InitializePlatformSupportModulesInManaged (2ms)
			SetLoadedEditorAssemblies (5ms)
			BeforeProcessingInitializeOnLoad (114ms)
			ProcessInitializeOnLoadAttributes (332ms)
			ProcessInitializeOnLoadMethodAttributes (52ms)
			AfterProcessingInitializeOnLoad (4ms)
			EditorAssembliesLoaded (0ms)
		ExecutionOrderSort2 (0ms)
		AwakeInstancesAfterBackupRestoration (16ms)
Refreshing native plugins compatible for Editor in 0.90 ms, found 3 plugins.
Preloading 0 native plugins for Editor in 0.00 ms.
Unloading 15 Unused Serialized files (Serialized files now loaded: 0)
Unloading 6611 unused Assets / (4.8 MB). Loaded Objects now: 7508.
Memory consumption went from 180.5 MB to 175.7 MB.
Total: 6.521300 ms (FindLiveObjects: 0.568200 ms CreateObjectMapping: 0.428400 ms MarkObjects: 3.706000 ms  DeleteObjects: 1.817600 ms)

Prepare: number of updated asset objects reloaded= 0
========================================================================
Received Prepare
Begin MonoManager ReloadAssembly
- Loaded All Assemblies, in  0.516 seconds
Refreshing native plugins compatible for Editor in 0.66 ms, found 3 plugins.
Native extension for WindowsStandalone target not found
Native extension for WebGL target not found
Mono: successfully reloaded assembly
- Finished resetting the current domain, in  0.566 seconds
Domain Reload Profiling: 1083ms
	BeginReloadAssembly (149ms)
		ExecutionOrderSort (0ms)
		DisableScriptedObjects (4ms)
		BackupInstance (0ms)
		ReleaseScriptingObjects (0ms)
		CreateAndSetChildDomain (31ms)
	RebuildCommonClasses (26ms)
	RebuildNativeTypeToScriptingClass (9ms)
	initialDomainReloadingComplete (19ms)
	LoadAllAssembliesAndSetupDomain (313ms)
		LoadAssemblies (240ms)
		RebuildTransferFunctionScriptingTraits (0ms)
		AnalyzeDomain (143ms)
			TypeCache.Refresh (5ms)
				TypeCache.ScanAssembly (0ms)
			BuildScriptInfoCaches (127ms)
			ResolveRequiredComponents (8ms)
	FinalizeReload (567ms)
		ReleaseScriptCaches (0ms)
		RebuildScriptCaches (0ms)
		SetupLoadedEditorAssemblies (428ms)
			LogAssemblyErrors (0ms)
			InitializePlatformSupportModulesInManaged (2ms)
			SetLoadedEditorAssemblies (3ms)
			BeforeProcessingInitializeOnLoad (112ms)
			ProcessInitializeOnLoadAttributes (269ms)
			ProcessInitializeOnLoadMethodAttributes (39ms)
			AfterProcessingInitializeOnLoad (3ms)
			EditorAssembliesLoaded (0ms)
		ExecutionOrderSort2 (0ms)
		AwakeInstancesAfterBackupRestoration (12ms)
Refreshing native plugins compatible for Editor in 0.78 ms, found 3 plugins.
Preloading 0 native plugins for Editor in 0.00 ms.
Unloading 15 Unused Serialized files (Serialized files now loaded: 0)
Unloading 6611 unused Assets / (5.0 MB). Loaded Objects now: 7510.
Memory consumption went from 183.0 MB to 177.9 MB.
Total: 5.096100 ms (FindLiveObjects: 0.464400 ms CreateObjectMapping: 0.333800 ms MarkObjects: 2.872100 ms  DeleteObjects: 1.425200 ms)

Prepare: number of updated asset objects reloaded= 0
========================================================================
Received Prepare
Begin MonoManager ReloadAssembly
- Loaded All Assemblies, in  4.292 seconds
Refreshing native plugins compatible for Editor in 4.29 ms, found 7 plugins.
Native extension for WindowsStandalone target not found
Native extension for WebGL target not found
Mono: successfully reloaded assembly
- Finished resetting the current domain, in  0.906 seconds
Domain Reload Profiling: 5194ms
	BeginReloadAssembly (869ms)
		ExecutionOrderSort (0ms)
		DisableScriptedObjects (13ms)
		BackupInstance (0ms)
		ReleaseScriptingObjects (0ms)
		CreateAndSetChildDomain (99ms)
	RebuildCommonClasses (336ms)
	RebuildNativeTypeToScriptingClass (42ms)
	initialDomainReloadingComplete (88ms)
	LoadAllAssembliesAndSetupDomain (2953ms)
		LoadAssemblies (3320ms)
		RebuildTransferFunctionScriptingTraits (0ms)
		AnalyzeDomain (281ms)
			TypeCache.Refresh (18ms)
				TypeCache.ScanAssembly (5ms)
			BuildScriptInfoCaches (243ms)
			ResolveRequiredComponents (14ms)
	FinalizeReload (907ms)
		ReleaseScriptCaches (0ms)
		RebuildScriptCaches (0ms)
		SetupLoadedEditorAssemblies (714ms)
			LogAssemblyErrors (0ms)
			InitializePlatformSupportModulesInManaged (3ms)
			SetLoadedEditorAssemblies (6ms)
			BeforeProcessingInitializeOnLoad (240ms)
			ProcessInitializeOnLoadAttributes (428ms)
			ProcessInitializeOnLoadMethodAttributes (35ms)
			AfterProcessingInitializeOnLoad (2ms)
			EditorAssembliesLoaded (0ms)
		ExecutionOrderSort2 (0ms)
		AwakeInstancesAfterBackupRestoration (10ms)
Refreshing native plugins compatible for Editor in 1.59 ms, found 7 plugins.
Preloading 0 native plugins for Editor in 0.00 ms.
Unloading 24 Unused Serialized files (Serialized files now loaded: 0)
Unloading 6784 unused Assets / (5.7 MB). Loaded Objects now: 7665.
Memory consumption went from 188.5 MB to 182.8 MB.
Total: 5.662000 ms (FindLiveObjects: 0.480600 ms CreateObjectMapping: 0.307900 ms MarkObjects: 3.105500 ms  DeleteObjects: 1.767100 ms)

Prepare: number of updated asset objects reloaded= 0
========================================================================
Received Prepare
Begin MonoManager ReloadAssembly
- Loaded All Assemblies, in  0.608 seconds
Refreshing native plugins compatible for Editor in 1.50 ms, found 7 plugins.
Native extension for WindowsStandalone target not found
Native extension for WebGL target not found
Mono: successfully reloaded assembly
- Finished resetting the current domain, in  0.515 seconds
Domain Reload Profiling: 1124ms
	BeginReloadAssembly (159ms)
		ExecutionOrderSort (0ms)
		DisableScriptedObjects (4ms)
		BackupInstance (0ms)
		ReleaseScriptingObjects (0ms)
		CreateAndSetChildDomain (40ms)
	RebuildCommonClasses (25ms)
	RebuildNativeTypeToScriptingClass (9ms)
	initialDomainReloadingComplete (19ms)
	LoadAllAssembliesAndSetupDomain (396ms)
		LoadAssemblies (299ms)
		RebuildTransferFunctionScriptingTraits (0ms)
		AnalyzeDomain (165ms)
			TypeCache.Refresh (6ms)
				TypeCache.ScanAssembly (0ms)
			BuildScriptInfoCaches (149ms)
			ResolveRequiredComponents (8ms)
	FinalizeReload (515ms)
		ReleaseScriptCaches (0ms)
		RebuildScriptCaches (0ms)
		SetupLoadedEditorAssemblies (384ms)
			LogAssemblyErrors (0ms)
			InitializePlatformSupportModulesInManaged (2ms)
			SetLoadedEditorAssemblies (4ms)
			BeforeProcessingInitializeOnLoad (88ms)
			ProcessInitializeOnLoadAttributes (252ms)
			ProcessInitializeOnLoadMethodAttributes (35ms)
			AfterProcessingInitializeOnLoad (3ms)
			EditorAssembliesLoaded (0ms)
		ExecutionOrderSort2 (0ms)
		AwakeInstancesAfterBackupRestoration (10ms)
Refreshing native plugins compatible for Editor in 1.61 ms, found 7 plugins.
Preloading 0 native plugins for Editor in 0.00 ms.
Unloading 24 Unused Serialized files (Serialized files now loaded: 0)
Unloading 6784 unused Assets / (5.9 MB). Loaded Objects now: 7667.
Memory consumption went from 191.0 MB to 185.2 MB.
Total: 6.077600 ms (FindLiveObjects: 0.491900 ms CreateObjectMapping: 0.312100 ms MarkObjects: 3.165300 ms  DeleteObjects: 2.107100 ms)

Prepare: number of updated asset objects reloaded= 0
========================================================================
Received Prepare
Begin MonoManager ReloadAssembly
- Loaded All Assemblies, in  0.569 seconds
Refreshing native plugins compatible for Editor in 1.60 ms, found 7 plugins.
Native extension for WindowsStandalone target not found
Native extension for WebGL target not found
Mono: successfully reloaded assembly
- Finished resetting the current domain, in  0.499 seconds
Domain Reload Profiling: 1068ms
	BeginReloadAssembly (144ms)
		ExecutionOrderSort (0ms)
		DisableScriptedObjects (4ms)
		BackupInstance (0ms)
		ReleaseScriptingObjects (0ms)
		CreateAndSetChildDomain (30ms)
	RebuildCommonClasses (25ms)
	RebuildNativeTypeToScriptingClass (9ms)
	initialDomainReloadingComplete (19ms)
	LoadAllAssembliesAndSetupDomain (372ms)
		LoadAssemblies (260ms)
		RebuildTransferFunctionScriptingTraits (0ms)
		AnalyzeDomain (178ms)
			TypeCache.Refresh (6ms)
				TypeCache.ScanAssembly (0ms)
			BuildScriptInfoCaches (155ms)
			ResolveRequiredComponents (12ms)
	FinalizeReload (499ms)
		ReleaseScriptCaches (0ms)
		RebuildScriptCaches (0ms)
		SetupLoadedEditorAssemblies (379ms)
			LogAssemblyErrors (0ms)
			InitializePlatformSupportModulesInManaged (2ms)
			SetLoadedEditorAssemblies (4ms)
			BeforeProcessingInitializeOnLoad (84ms)
			ProcessInitializeOnLoadAttributes (251ms)
			ProcessInitializeOnLoadMethodAttributes (35ms)
			AfterProcessingInitializeOnLoad (3ms)
			EditorAssembliesLoaded (0ms)
		ExecutionOrderSort2 (0ms)
		AwakeInstancesAfterBackupRestoration (12ms)
Refreshing native plugins compatible for Editor in 1.60 ms, found 7 plugins.
Preloading 0 native plugins for Editor in 0.00 ms.
Unloading 24 Unused Serialized files (Serialized files now loaded: 0)
Unloading 6784 unused Assets / (5.9 MB). Loaded Objects now: 7669.
Memory consumption went from 193.5 MB to 187.6 MB.
Total: 5.888800 ms (FindLiveObjects: 0.476200 ms CreateObjectMapping: 0.318700 ms MarkObjects: 3.243100 ms  DeleteObjects: 1.850100 ms)

Prepare: number of updated asset objects reloaded= 0
========================================================================
Received Prepare
Begin MonoManager ReloadAssembly
- Loaded All Assemblies, in  0.611 seconds
Refreshing native plugins compatible for Editor in 1.56 ms, found 7 plugins.
Native extension for WindowsStandalone target not found
Native extension for WebGL target not found
Mono: successfully reloaded assembly
- Finished resetting the current domain, in  0.513 seconds
Domain Reload Profiling: 1125ms
	BeginReloadAssembly (148ms)
		ExecutionOrderSort (0ms)
		DisableScriptedObjects (4ms)
		BackupInstance (0ms)
		ReleaseScriptingObjects (0ms)
		CreateAndSetChildDomain (35ms)
	RebuildCommonClasses (27ms)
	RebuildNativeTypeToScriptingClass (9ms)
	initialDomainReloadingComplete (22ms)
	LoadAllAssembliesAndSetupDomain (406ms)
		LoadAssemblies (281ms)
		RebuildTransferFunctionScriptingTraits (0ms)
		AnalyzeDomain (189ms)
			TypeCache.Refresh (5ms)
				TypeCache.ScanAssembly (0ms)
			BuildScriptInfoCaches (173ms)
			ResolveRequiredComponents (8ms)
	FinalizeReload (514ms)
		ReleaseScriptCaches (0ms)
		RebuildScriptCaches (0ms)
		SetupLoadedEditorAssemblies (377ms)
			LogAssemblyErrors (0ms)
			InitializePlatformSupportModulesInManaged (2ms)
			SetLoadedEditorAssemblies (4ms)
			BeforeProcessingInitializeOnLoad (93ms)
			ProcessInitializeOnLoadAttributes (237ms)
			ProcessInitializeOnLoadMethodAttributes (39ms)
			AfterProcessingInitializeOnLoad (2ms)
			EditorAssembliesLoaded (0ms)
		ExecutionOrderSort2 (0ms)
		AwakeInstancesAfterBackupRestoration (10ms)
Refreshing native plugins compatible for Editor in 1.55 ms, found 7 plugins.
Preloading 0 native plugins for Editor in 0.00 ms.
Unloading 24 Unused Serialized files (Serialized files now loaded: 0)
Unloading 6784 unused Assets / (5.9 MB). Loaded Objects now: 7671.
Memory consumption went from 196.0 MB to 190.0 MB.
Total: 5.744100 ms (FindLiveObjects: 0.470900 ms CreateObjectMapping: 0.306700 ms MarkObjects: 3.059200 ms  DeleteObjects: 1.906400 ms)

Prepare: number of updated asset objects reloaded= 0
========================================================================
Received Import Request.
  Time since last request: 6171.424196 seconds.
  path: Assets/Scripts/Voxelizer.cs
  artifactKey: Guid(585bb0c8757d6e24a84e79c668fd57ab) Importer(815301076,1909f56bfc062723c751e8b465ee728b)
Start importing Assets/Scripts/Voxelizer.cs using Guid(585bb0c8757d6e24a84e79c668fd57ab) Importer(815301076,1909f56bfc062723c751e8b465ee728b) (PreviewImporter) -> (artifact id: 'ba38bac34866f738f1cd58e6f5dd1f61') in 0.0034222 seconds
Number of updated asset objects reloaded before import = 0Number of asset objects unloaded after import = 0

========================================================================
Received Prepare
Refreshing native plugins compatible for Editor in 1.53 ms, found 7 plugins.
Preloading 0 native plugins for Editor in 0.00 ms.
Unloading 24 Unused Serialized files (Serialized files now loaded: 0)
Unloading 6765 unused Assets / (5.9 MB). Loaded Objects now: 7670.
Memory consumption went from 169.5 MB to 163.5 MB.
Total: 6.414900 ms (FindLiveObjects: 0.495900 ms CreateObjectMapping: 0.321100 ms MarkObjects: 3.667700 ms  DeleteObjects: 1.929700 ms)

Prepare: number of updated asset objects reloaded= 0
========================================================================
Received Prepare
Begin MonoManager ReloadAssembly
- Loaded All Assemblies, in  0.516 seconds
Refreshing native plugins compatible for Editor in 1.59 ms, found 7 plugins.
Native extension for WindowsStandalone target not found
Native extension for WebGL target not found
Mono: successfully reloaded assembly
- Finished resetting the current domain, in  0.531 seconds
Domain Reload Profiling: 1048ms
	BeginReloadAssembly (144ms)
		ExecutionOrderSort (0ms)
		DisableScriptedObjects (4ms)
		BackupInstance (0ms)
		ReleaseScriptingObjects (0ms)
		CreateAndSetChildDomain (32ms)
	RebuildCommonClasses (26ms)
	RebuildNativeTypeToScriptingClass (10ms)
	initialDomainReloadingComplete (19ms)
	LoadAllAssembliesAndSetupDomain (317ms)
		LoadAssemblies (238ms)
		RebuildTransferFunctionScriptingTraits (0ms)
		AnalyzeDomain (143ms)
			TypeCache.Refresh (7ms)
				TypeCache.ScanAssembly (0ms)
			BuildScriptInfoCaches (125ms)
			ResolveRequiredComponents (8ms)
	FinalizeReload (531ms)
		ReleaseScriptCaches (0ms)
		RebuildScriptCaches (0ms)
		SetupLoadedEditorAssemblies (410ms)
			LogAssemblyErrors (0ms)
			InitializePlatformSupportModulesInManaged (2ms)
			SetLoadedEditorAssemblies (4ms)
			BeforeProcessingInitializeOnLoad (92ms)
			ProcessInitializeOnLoadAttributes (270ms)
			ProcessInitializeOnLoadMethodAttributes (38ms)
			AfterProcessingInitializeOnLoad (3ms)
			EditorAssembliesLoaded (0ms)
		ExecutionOrderSort2 (0ms)
		AwakeInstancesAfterBackupRestoration (12ms)
Refreshing native plugins compatible for Editor in 1.51 ms, found 7 plugins.
Preloading 0 native plugins for Editor in 0.00 ms.
Unloading 24 Unused Serialized files (Serialized files now loaded: 0)
Unloading 6783 unused Assets / (6.1 MB). Loaded Objects now: 7672.
Memory consumption went from 171.8 MB to 165.7 MB.
Total: 6.172900 ms (FindLiveObjects: 0.578400 ms CreateObjectMapping: 0.353200 ms MarkObjects: 3.338800 ms  DeleteObjects: 1.901600 ms)

Prepare: number of updated asset objects reloaded= 0
========================================================================
Received Prepare
Refreshing native plugins compatible for Editor in 1.60 ms, found 7 plugins.
Preloading 0 native plugins for Editor in 0.00 ms.
Unloading 24 Unused Serialized files (Serialized files now loaded: 0)
Unloading 6764 unused Assets / (6.0 MB). Loaded Objects now: 7671.
Memory consumption went from 174.3 MB to 168.3 MB.
Total: 6.308700 ms (FindLiveObjects: 0.580400 ms CreateObjectMapping: 0.334400 ms MarkObjects: 3.466400 ms  DeleteObjects: 1.926500 ms)

Prepare: number of updated asset objects reloaded= 0
========================================================================
Received Prepare
Begin MonoManager ReloadAssembly
- Loaded All Assemblies, in  0.504 seconds
Refreshing native plugins compatible for Editor in 1.46 ms, found 7 plugins.
Native extension for WindowsStandalone target not found
Native extension for WebGL target not found
Mono: successfully reloaded assembly
- Finished resetting the current domain, in  0.496 seconds
Domain Reload Profiling: 1001ms
	BeginReloadAssembly (138ms)
		ExecutionOrderSort (0ms)
		DisableScriptedObjects (4ms)
		BackupInstance (0ms)
		ReleaseScriptingObjects (0ms)
		CreateAndSetChildDomain (30ms)
	RebuildCommonClasses (24ms)
	RebuildNativeTypeToScriptingClass (9ms)
	initialDomainReloadingComplete (20ms)
	LoadAllAssembliesAndSetupDomain (313ms)
		LoadAssemblies (233ms)
		RebuildTransferFunctionScriptingTraits (0ms)
		AnalyzeDomain (142ms)
			TypeCache.Refresh (7ms)
				TypeCache.ScanAssembly (0ms)
			BuildScriptInfoCaches (124ms)
			ResolveRequiredComponents (8ms)
	FinalizeReload (496ms)
		ReleaseScriptCaches (0ms)
		RebuildScriptCaches (0ms)
		SetupLoadedEditorAssemblies (384ms)
			LogAssemblyErrors (0ms)
			InitializePlatformSupportModulesInManaged (2ms)
			SetLoadedEditorAssemblies (4ms)
			BeforeProcessingInitializeOnLoad (84ms)
			ProcessInitializeOnLoadAttributes (250ms)
			ProcessInitializeOnLoadMethodAttributes (41ms)
			AfterProcessingInitializeOnLoad (2ms)
			EditorAssembliesLoaded (0ms)
		ExecutionOrderSort2 (0ms)
		AwakeInstancesAfterBackupRestoration (11ms)
Refreshing native plugins compatible for Editor in 1.77 ms, found 7 plugins.
Preloading 0 native plugins for Editor in 0.00 ms.
Unloading 24 Unused Serialized files (Serialized files now loaded: 0)
Unloading 6782 unused Assets / (5.9 MB). Loaded Objects now: 7673.
Memory consumption went from 176.7 MB to 170.7 MB.
Total: 5.691000 ms (FindLiveObjects: 0.502500 ms CreateObjectMapping: 0.337400 ms MarkObjects: 2.957500 ms  DeleteObjects: 1.892200 ms)

Prepare: number of updated asset objects reloaded= 0
========================================================================
Received Prepare
Begin MonoManager ReloadAssembly
- Loaded All Assemblies, in  3.419 seconds
Refreshing native plugins compatible for Editor in 3.75 ms, found 7 plugins.
Native extension for WindowsStandalone target not found
Native extension for WebGL target not found
Mono: successfully reloaded assembly
- Finished resetting the current domain, in  0.752 seconds
Domain Reload Profiling: 4173ms
	BeginReloadAssembly (439ms)
		ExecutionOrderSort (0ms)
		DisableScriptedObjects (6ms)
		BackupInstance (0ms)
		ReleaseScriptingObjects (0ms)
		CreateAndSetChildDomain (35ms)
	RebuildCommonClasses (179ms)
	RebuildNativeTypeToScriptingClass (9ms)
	initialDomainReloadingComplete (21ms)
	LoadAllAssembliesAndSetupDomain (2773ms)
		LoadAssemblies (2920ms)
		RebuildTransferFunctionScriptingTraits (0ms)
		AnalyzeDomain (203ms)
			TypeCache.Refresh (9ms)
				TypeCache.ScanAssembly (0ms)
			BuildScriptInfoCaches (178ms)
			ResolveRequiredComponents (12ms)
	FinalizeReload (753ms)
		ReleaseScriptCaches (0ms)
		RebuildScriptCaches (0ms)
		SetupLoadedEditorAssemblies (580ms)
			LogAssemblyErrors (0ms)
			InitializePlatformSupportModulesInManaged (3ms)
			SetLoadedEditorAssemblies (5ms)
			BeforeProcessingInitializeOnLoad (131ms)
			ProcessInitializeOnLoadAttributes (375ms)
			ProcessInitializeOnLoadMethodAttributes (62ms)
			AfterProcessingInitializeOnLoad (4ms)
			EditorAssembliesLoaded (0ms)
		ExecutionOrderSort2 (0ms)
		AwakeInstancesAfterBackupRestoration (17ms)
Refreshing native plugins compatible for Editor in 2.65 ms, found 7 plugins.
Preloading 0 native plugins for Editor in 0.00 ms.
Unloading 24 Unused Serialized files (Serialized files now loaded: 0)
Unloading 6782 unused Assets / (6.3 MB). Loaded Objects now: 7675.
Memory consumption went from 179.1 MB to 172.8 MB.
Total: 11.111700 ms (FindLiveObjects: 0.705200 ms CreateObjectMapping: 0.617700 ms MarkObjects: 6.955300 ms  DeleteObjects: 2.832000 ms)

Prepare: number of updated asset objects reloaded= 0
========================================================================
Received Prepare
Begin MonoManager ReloadAssembly
- Loaded All Assemblies, in  0.526 seconds
Refreshing native plugins compatible for Editor in 1.68 ms, found 7 plugins.
Native extension for WindowsStandalone target not found
Native extension for WebGL target not found
Mono: successfully reloaded assembly
- Finished resetting the current domain, in  0.471 seconds
Domain Reload Profiling: 998ms
	BeginReloadAssembly (149ms)
		ExecutionOrderSort (0ms)
		DisableScriptedObjects (4ms)
		BackupInstance (0ms)
		ReleaseScriptingObjects (0ms)
		CreateAndSetChildDomain (34ms)
	RebuildCommonClasses (25ms)
	RebuildNativeTypeToScriptingClass (9ms)
	initialDomainReloadingComplete (20ms)
	LoadAllAssembliesAndSetupDomain (324ms)
		LoadAssemblies (242ms)
		RebuildTransferFunctionScriptingTraits (0ms)
		AnalyzeDomain (148ms)
			TypeCache.Refresh (6ms)
				TypeCache.ScanAssembly (0ms)
			BuildScriptInfoCaches (130ms)
			ResolveRequiredComponents (9ms)
	FinalizeReload (471ms)
		ReleaseScriptCaches (0ms)
		RebuildScriptCaches (0ms)
		SetupLoadedEditorAssemblies (362ms)
			LogAssemblyErrors (0ms)
			InitializePlatformSupportModulesInManaged (2ms)
			SetLoadedEditorAssemblies (3ms)
			BeforeProcessingInitializeOnLoad (83ms)
			ProcessInitializeOnLoadAttributes (234ms)
			ProcessInitializeOnLoadMethodAttributes (37ms)
			AfterProcessingInitializeOnLoad (3ms)
			EditorAssembliesLoaded (0ms)
		ExecutionOrderSort2 (0ms)
		AwakeInstancesAfterBackupRestoration (10ms)
Refreshing native plugins compatible for Editor in 1.78 ms, found 7 plugins.
Preloading 0 native plugins for Editor in 0.00 ms.
Unloading 24 Unused Serialized files (Serialized files now loaded: 0)
Unloading 6782 unused Assets / (5.8 MB). Loaded Objects now: 7677.
Memory consumption went from 181.6 MB to 175.8 MB.
Total: 5.847200 ms (FindLiveObjects: 0.518900 ms CreateObjectMapping: 0.304300 ms MarkObjects: 3.094900 ms  DeleteObjects: 1.927500 ms)

Prepare: number of updated asset objects reloaded= 0
========================================================================
Received Prepare
Begin MonoManager ReloadAssembly
- Loaded All Assemblies, in  0.536 seconds
Refreshing native plugins compatible for Editor in 1.56 ms, found 7 plugins.
Native extension for WindowsStandalone target not found
Native extension for WebGL target not found
Mono: successfully reloaded assembly
- Finished resetting the current domain, in  0.491 seconds
Domain Reload Profiling: 1028ms
	BeginReloadAssembly (148ms)
		ExecutionOrderSort (0ms)
		DisableScriptedObjects (4ms)
		BackupInstance (0ms)
		ReleaseScriptingObjects (0ms)
		CreateAndSetChildDomain (32ms)
	RebuildCommonClasses (25ms)
	RebuildNativeTypeToScriptingClass (9ms)
	initialDomainReloadingComplete (22ms)
	LoadAllAssembliesAndSetupDomain (333ms)
		LoadAssemblies (250ms)
		RebuildTransferFunctionScriptingTraits (0ms)
		AnalyzeDomain (150ms)
			TypeCache.Refresh (7ms)
				TypeCache.ScanAssembly (0ms)
			BuildScriptInfoCaches (131ms)
			ResolveRequiredComponents (8ms)
	FinalizeReload (492ms)
		ReleaseScriptCaches (0ms)
		RebuildScriptCaches (0ms)
		SetupLoadedEditorAssemblies (379ms)
			LogAssemblyErrors (0ms)
			InitializePlatformSupportModulesInManaged (2ms)
			SetLoadedEditorAssemblies (3ms)
			BeforeProcessingInitializeOnLoad (87ms)
			ProcessInitializeOnLoadAttributes (246ms)
			ProcessInitializeOnLoadMethodAttributes (38ms)
			AfterProcessingInitializeOnLoad (2ms)
			EditorAssembliesLoaded (0ms)
		ExecutionOrderSort2 (0ms)
		AwakeInstancesAfterBackupRestoration (10ms)
Refreshing native plugins compatible for Editor in 1.65 ms, found 7 plugins.
Preloading 0 native plugins for Editor in 0.00 ms.
Unloading 24 Unused Serialized files (Serialized files now loaded: 0)
Unloading 6782 unused Assets / (6.4 MB). Loaded Objects now: 7679.
Memory consumption went from 184.0 MB to 177.6 MB.
Total: 6.905300 ms (FindLiveObjects: 0.572200 ms CreateObjectMapping: 0.404400 ms MarkObjects: 3.267400 ms  DeleteObjects: 2.659800 ms)

Prepare: number of updated asset objects reloaded= 0
========================================================================
Received Prepare
Begin MonoManager ReloadAssembly
- Loaded All Assemblies, in  0.510 seconds
Refreshing native plugins compatible for Editor in 1.75 ms, found 7 plugins.
Native extension for WindowsStandalone target not found
Native extension for WebGL target not found
Mono: successfully reloaded assembly
- Finished resetting the current domain, in  0.515 seconds
Domain Reload Profiling: 1026ms
	BeginReloadAssembly (141ms)
		ExecutionOrderSort (0ms)
		DisableScriptedObjects (4ms)
		BackupInstance (0ms)
		ReleaseScriptingObjects (0ms)
		CreateAndSetChildDomain (29ms)
	RebuildCommonClasses (26ms)
	RebuildNativeTypeToScriptingClass (9ms)
	initialDomainReloadingComplete (19ms)
	LoadAllAssembliesAndSetupDomain (316ms)
		LoadAssemblies (236ms)
		RebuildTransferFunctionScriptingTraits (0ms)
		AnalyzeDomain (145ms)
			TypeCache.Refresh (5ms)
				TypeCache.ScanAssembly (0ms)
			BuildScriptInfoCaches (126ms)
			ResolveRequiredComponents (9ms)
	FinalizeReload (515ms)
		ReleaseScriptCaches (0ms)
		RebuildScriptCaches (0ms)
		SetupLoadedEditorAssemblies (380ms)
			LogAssemblyErrors (0ms)
			InitializePlatformSupportModulesInManaged (2ms)
			SetLoadedEditorAssemblies (3ms)
			BeforeProcessingInitializeOnLoad (105ms)
			ProcessInitializeOnLoadAttributes (232ms)
			ProcessInitializeOnLoadMethodAttributes (36ms)
			AfterProcessingInitializeOnLoad (3ms)
			EditorAssembliesLoaded (0ms)
		ExecutionOrderSort2 (0ms)
		AwakeInstancesAfterBackupRestoration (11ms)
Refreshing native plugins compatible for Editor in 1.61 ms, found 7 plugins.
Preloading 0 native plugins for Editor in 0.00 ms.
Unloading 24 Unused Serialized files (Serialized files now loaded: 0)
Unloading 6782 unused Assets / (6.0 MB). Loaded Objects now: 7681.
Memory consumption went from 186.5 MB to 180.4 MB.
Total: 5.958700 ms (FindLiveObjects: 0.489700 ms CreateObjectMapping: 0.299300 ms MarkObjects: 3.105100 ms  DeleteObjects: 2.063800 ms)

Prepare: number of updated asset objects reloaded= 0
========================================================================
Received Prepare
Begin MonoManager ReloadAssembly
- Loaded All Assemblies, in  0.598 seconds
Refreshing native plugins compatible for Editor in 1.58 ms, found 7 plugins.
Native extension for WindowsStandalone target not found
Native extension for WebGL target not found
Mono: successfully reloaded assembly
- Finished resetting the current domain, in  0.485 seconds
Domain Reload Profiling: 1085ms
	BeginReloadAssembly (140ms)
		ExecutionOrderSort (0ms)
		DisableScriptedObjects (4ms)
		BackupInstance (0ms)
		ReleaseScriptingObjects (0ms)
		CreateAndSetChildDomain (30ms)
	RebuildCommonClasses (25ms)
	RebuildNativeTypeToScriptingClass (9ms)
	initialDomainReloadingComplete (19ms)
	LoadAllAssembliesAndSetupDomain (406ms)
		LoadAssemblies (258ms)
		RebuildTransferFunctionScriptingTraits (0ms)
		AnalyzeDomain (212ms)
			TypeCache.Refresh (5ms)
				TypeCache.ScanAssembly (0ms)
			BuildScriptInfoCaches (195ms)
			ResolveRequiredComponents (8ms)
	FinalizeReload (486ms)
		ReleaseScriptCaches (0ms)
		RebuildScriptCaches (0ms)
		SetupLoadedEditorAssemblies (367ms)
			LogAssemblyErrors (0ms)
			InitializePlatformSupportModulesInManaged (2ms)
			SetLoadedEditorAssemblies (3ms)
			BeforeProcessingInitializeOnLoad (88ms)
			ProcessInitializeOnLoadAttributes (233ms)
			ProcessInitializeOnLoadMethodAttributes (39ms)
			AfterProcessingInitializeOnLoad (3ms)
			EditorAssembliesLoaded (0ms)
		ExecutionOrderSort2 (0ms)
		AwakeInstancesAfterBackupRestoration (10ms)
Refreshing native plugins compatible for Editor in 1.60 ms, found 7 plugins.
Preloading 0 native plugins for Editor in 0.00 ms.
Unloading 24 Unused Serialized files (Serialized files now loaded: 0)
Unloading 6782 unused Assets / (5.9 MB). Loaded Objects now: 7683.
Memory consumption went from 188.9 MB to 183.0 MB.
Total: 5.627000 ms (FindLiveObjects: 0.477600 ms CreateObjectMapping: 0.306700 ms MarkObjects: 3.029300 ms  DeleteObjects: 1.812800 ms)

Prepare: number of updated asset objects reloaded= 0
========================================================================
Received Prepare
Begin MonoManager ReloadAssembly
- Loaded All Assemblies, in  1.157 seconds
Refreshing native plugins compatible for Editor in 1.90 ms, found 7 plugins.
Native extension for WindowsStandalone target not found
Native extension for WebGL target not found
Mono: successfully reloaded assembly
- Finished resetting the current domain, in  0.489 seconds
Domain Reload Profiling: 1646ms
	BeginReloadAssembly (257ms)
		ExecutionOrderSort (0ms)
		DisableScriptedObjects (6ms)
		BackupInstance (0ms)
		ReleaseScriptingObjects (0ms)
		CreateAndSetChildDomain (61ms)
	RebuildCommonClasses (50ms)
	RebuildNativeTypeToScriptingClass (24ms)
	initialDomainReloadingComplete (42ms)
	LoadAllAssembliesAndSetupDomain (784ms)
		LoadAssemblies (550ms)
		RebuildTransferFunctionScriptingTraits (0ms)
		AnalyzeDomain (350ms)
			TypeCache.Refresh (53ms)
				TypeCache.ScanAssembly (0ms)
			BuildScriptInfoCaches (274ms)
			ResolveRequiredComponents (17ms)
	FinalizeReload (490ms)
		ReleaseScriptCaches (0ms)
		RebuildScriptCaches (0ms)
		SetupLoadedEditorAssemblies (373ms)
			LogAssemblyErrors (0ms)
			InitializePlatformSupportModulesInManaged (2ms)
			SetLoadedEditorAssemblies (3ms)
			BeforeProcessingInitializeOnLoad (84ms)
			ProcessInitializeOnLoadAttributes (238ms)
			ProcessInitializeOnLoadMethodAttributes (43ms)
			AfterProcessingInitializeOnLoad (3ms)
			EditorAssembliesLoaded (0ms)
		ExecutionOrderSort2 (0ms)
		AwakeInstancesAfterBackupRestoration (11ms)
Refreshing native plugins compatible for Editor in 1.56 ms, found 7 plugins.
Preloading 0 native plugins for Editor in 0.00 ms.
Unloading 24 Unused Serialized files (Serialized files now loaded: 0)
Unloading 6782 unused Assets / (6.2 MB). Loaded Objects now: 7685.
Memory consumption went from 191.4 MB to 185.2 MB.
Total: 5.682500 ms (FindLiveObjects: 0.510500 ms CreateObjectMapping: 0.298200 ms MarkObjects: 2.910600 ms  DeleteObjects: 1.962300 ms)

Prepare: number of updated asset objects reloaded= 0
========================================================================
Received Prepare
Begin MonoManager ReloadAssembly
- Loaded All Assemblies, in  0.500 seconds
Refreshing native plugins compatible for Editor in 1.74 ms, found 7 plugins.
Native extension for WindowsStandalone target not found
Native extension for WebGL target not found
Mono: successfully reloaded assembly
- Finished resetting the current domain, in  0.479 seconds
Domain Reload Profiling: 980ms
	BeginReloadAssembly (139ms)
		ExecutionOrderSort (0ms)
		DisableScriptedObjects (4ms)
		BackupInstance (0ms)
		ReleaseScriptingObjects (0ms)
		CreateAndSetChildDomain (29ms)
	RebuildCommonClasses (24ms)
	RebuildNativeTypeToScriptingClass (9ms)
	initialDomainReloadingComplete (19ms)
	LoadAllAssembliesAndSetupDomain (310ms)
		LoadAssemblies (231ms)
		RebuildTransferFunctionScriptingTraits (0ms)
		AnalyzeDomain (142ms)
			TypeCache.Refresh (5ms)
				TypeCache.ScanAssembly (0ms)
			BuildScriptInfoCaches (126ms)
			ResolveRequiredComponents (8ms)
	FinalizeReload (479ms)
		ReleaseScriptCaches (0ms)
		RebuildScriptCaches (0ms)
		SetupLoadedEditorAssemblies (366ms)
			LogAssemblyErrors (0ms)
			InitializePlatformSupportModulesInManaged (2ms)
			SetLoadedEditorAssemblies (4ms)
			BeforeProcessingInitializeOnLoad (81ms)
			ProcessInitializeOnLoadAttributes (237ms)
			ProcessInitializeOnLoadMethodAttributes (39ms)
			AfterProcessingInitializeOnLoad (3ms)
			EditorAssembliesLoaded (0ms)
		ExecutionOrderSort2 (0ms)
		AwakeInstancesAfterBackupRestoration (11ms)
Refreshing native plugins compatible for Editor in 1.61 ms, found 7 plugins.
Preloading 0 native plugins for Editor in 0.00 ms.
Unloading 24 Unused Serialized files (Serialized files now loaded: 0)
Unloading 6782 unused Assets / (5.9 MB). Loaded Objects now: 7687.
Memory consumption went from 193.9 MB to 187.9 MB.
Total: 5.908000 ms (FindLiveObjects: 0.517200 ms CreateObjectMapping: 0.310900 ms MarkObjects: 3.024600 ms  DeleteObjects: 2.054300 ms)

Prepare: number of updated asset objects reloaded= 0
========================================================================
Received Prepare
Begin MonoManager ReloadAssembly
- Loaded All Assemblies, in  1.184 seconds
Refreshing native plugins compatible for Editor in 3.62 ms, found 7 plugins.
Native extension for WindowsStandalone target not found
Native extension for WebGL target not found
Mono: successfully reloaded assembly
- Finished resetting the current domain, in  0.992 seconds
Domain Reload Profiling: 2181ms
	BeginReloadAssembly (281ms)
		ExecutionOrderSort (0ms)
		DisableScriptedObjects (11ms)
		BackupInstance (0ms)
		ReleaseScriptingObjects (0ms)
		CreateAndSetChildDomain (58ms)
	RebuildCommonClasses (41ms)
	RebuildNativeTypeToScriptingClass (15ms)
	initialDomainReloadingComplete (34ms)
	LoadAllAssembliesAndSetupDomain (818ms)
		LoadAssemblies (644ms)
		RebuildTransferFunctionScriptingTraits (0ms)
		AnalyzeDomain (313ms)
			TypeCache.Refresh (12ms)
				TypeCache.ScanAssembly (0ms)
			BuildScriptInfoCaches (265ms)
			ResolveRequiredComponents (29ms)
	FinalizeReload (993ms)
		ReleaseScriptCaches (0ms)
		RebuildScriptCaches (0ms)
		SetupLoadedEditorAssemblies (763ms)
			LogAssemblyErrors (0ms)
			InitializePlatformSupportModulesInManaged (5ms)
			SetLoadedEditorAssemblies (8ms)
			BeforeProcessingInitializeOnLoad (202ms)
			ProcessInitializeOnLoadAttributes (454ms)
			ProcessInitializeOnLoadMethodAttributes (88ms)
			AfterProcessingInitializeOnLoad (5ms)
			EditorAssembliesLoaded (0ms)
		ExecutionOrderSort2 (0ms)
		AwakeInstancesAfterBackupRestoration (20ms)
Refreshing native plugins compatible for Editor in 4.36 ms, found 7 plugins.
Preloading 0 native plugins for Editor in 0.00 ms.
Unloading 24 Unused Serialized files (Serialized files now loaded: 0)
Unloading 6782 unused Assets / (5.5 MB). Loaded Objects now: 7689.
Memory consumption went from 196.3 MB to 190.8 MB.
Total: 9.638400 ms (FindLiveObjects: 0.959400 ms CreateObjectMapping: 0.540300 ms MarkObjects: 4.971300 ms  DeleteObjects: 3.166300 ms)

Prepare: number of updated asset objects reloaded= 0
========================================================================
Received Prepare
Refreshing native plugins compatible for Editor in 1.52 ms, found 7 plugins.
Preloading 0 native plugins for Editor in 0.00 ms.
Unloading 24 Unused Serialized files (Serialized files now loaded: 0)
Unloading 6765 unused Assets / (6.0 MB). Loaded Objects now: 7690.
Memory consumption went from 198.8 MB to 192.8 MB.
Total: 5.710700 ms (FindLiveObjects: 0.494000 ms CreateObjectMapping: 0.308100 ms MarkObjects: 2.967100 ms  DeleteObjects: 1.940900 ms)

Prepare: number of updated asset objects reloaded= 0
========================================================================
Received Import Request.
  Time since last request: 2117.550759 seconds.
  path: Assets/Scripts/BuildingTriangleBuffer.cs
  artifactKey: Guid(0e97bc9d8f29f9b41a5dafd36df52ef1) Importer(815301076,1909f56bfc062723c751e8b465ee728b)
Start importing Assets/Scripts/BuildingTriangleBuffer.cs using Guid(0e97bc9d8f29f9b41a5dafd36df52ef1) Importer(815301076,1909f56bfc062723c751e8b465ee728b) (PreviewImporter) -> (artifact id: '9ac2f3cf8c5636740d51c96b5c7d9dc2') in 0.0022815 seconds
Number of updated asset objects reloaded before import = 0Number of asset objects unloaded after import = 0

========================================================================
Received Prepare
Begin MonoManager ReloadAssembly
- Loaded All Assemblies, in  0.863 seconds
Refreshing native plugins compatible for Editor in 6.06 ms, found 7 plugins.
Native extension for WindowsStandalone target not found
Native extension for WebGL target not found
Mono: successfully reloaded assembly
- Finished resetting the current domain, in  1.063 seconds
Domain Reload Profiling: 1929ms
	BeginReloadAssembly (142ms)
		ExecutionOrderSort (0ms)
		DisableScriptedObjects (4ms)
		BackupInstance (0ms)
		ReleaseScriptingObjects (0ms)
		CreateAndSetChildDomain (32ms)
	RebuildCommonClasses (25ms)
	RebuildNativeTypeToScriptingClass (9ms)
	initialDomainReloadingComplete (19ms)
	LoadAllAssembliesAndSetupDomain (670ms)
		LoadAssemblies (347ms)
		RebuildTransferFunctionScriptingTraits (0ms)
		AnalyzeDomain (381ms)
			TypeCache.Refresh (28ms)
				TypeCache.ScanAssembly (0ms)
			BuildScriptInfoCaches (313ms)
			ResolveRequiredComponents (36ms)
	FinalizeReload (1064ms)
		ReleaseScriptCaches (0ms)
		RebuildScriptCaches (0ms)
		SetupLoadedEditorAssemblies (823ms)
			LogAssemblyErrors (0ms)
			InitializePlatformSupportModulesInManaged (3ms)
			SetLoadedEditorAssemblies (5ms)
			BeforeProcessingInitializeOnLoad (222ms)
			ProcessInitializeOnLoadAttributes (483ms)
			ProcessInitializeOnLoadMethodAttributes (104ms)
			AfterProcessingInitializeOnLoad (5ms)
			EditorAssembliesLoaded (0ms)
		ExecutionOrderSort2 (0ms)
		AwakeInstancesAfterBackupRestoration (20ms)
Refreshing native plugins compatible for Editor in 3.53 ms, found 7 plugins.
Preloading 0 native plugins for Editor in 0.00 ms.
Unloading 24 Unused Serialized files (Serialized files now loaded: 0)
Unloading 6783 unused Assets / (4.2 MB). Loaded Objects now: 7692.
Memory consumption went from 169.8 MB to 165.6 MB.
Total: 11.755500 ms (FindLiveObjects: 0.974100 ms CreateObjectMapping: 1.783900 ms MarkObjects: 5.655500 ms  DeleteObjects: 3.340700 ms)

Prepare: number of updated asset objects reloaded= 0
========================================================================
Received Import Request.
  Time since last request: 7.750835 seconds.
  path: Assets/Scripts/BuildingTriangleBuffer.cs
  artifactKey: Guid(0e97bc9d8f29f9b41a5dafd36df52ef1) Importer(815301076,1909f56bfc062723c751e8b465ee728b)
Start importing Assets/Scripts/BuildingTriangleBuffer.cs using Guid(0e97bc9d8f29f9b41a5dafd36df52ef1) Importer(815301076,1909f56bfc062723c751e8b465ee728b) (PreviewImporter) -> (artifact id: '00000000000000000000000000000000') in 0.002022 seconds
Import Error Code:(4)
Message: Build asset version error: assets/scripts/buildingtrianglebuffer.cs in SourceAssetDB has modification time of '2025-07-20T10:16:04.2273426Z' while content on disk has modification time of '2025-07-20T10:16:08.9692787Z'
  ERROR: Build asset version error: assets/scripts/buildingtrianglebuffer.cs in SourceAssetDB has modification time of '2025-07-20T10:16:04.2273426Z' while content on disk has modification time of '2025-07-20T10:16:08.9692787Z'
Number of updated asset objects reloaded before import = 0Number of asset objects unloaded after import = 0

========================================================================
Received Import Request.
  Time since last request: 0.000017 seconds.
  path: Assets/Scripts/BuildingTriangleBuffer.cs
  artifactKey: Guid(0e97bc9d8f29f9b41a5dafd36df52ef1) Importer(815301076,1909f56bfc062723c751e8b465ee728b)
Start importing Assets/Scripts/BuildingTriangleBuffer.cs using Guid(0e97bc9d8f29f9b41a5dafd36df52ef1) Importer(815301076,1909f56bfc062723c751e8b465ee728b) (PreviewImporter) -> (artifact id: '00000000000000000000000000000000') in 0.0006016 seconds
Import Error Code:(4)
Message: Build asset version error: assets/scripts/buildingtrianglebuffer.cs in SourceAssetDB has modification time of '2025-07-20T10:16:04.2273426Z' while content on disk has modification time of '2025-07-20T10:16:08.9692787Z'
  ERROR: Build asset version error: assets/scripts/buildingtrianglebuffer.cs in SourceAssetDB has modification time of '2025-07-20T10:16:04.2273426Z' while content on disk has modification time of '2025-07-20T10:16:08.9692787Z'
Number of updated asset objects reloaded before import = 0Number of asset objects unloaded after import = 0

========================================================================
Received Import Request.
  Time since last request: 0.000017 seconds.
  path: Assets/Scripts/BuildingTriangleBuffer.cs
  artifactKey: Guid(0e97bc9d8f29f9b41a5dafd36df52ef1) Importer(815301076,1909f56bfc062723c751e8b465ee728b)
Start importing Assets/Scripts/BuildingTriangleBuffer.cs using Guid(0e97bc9d8f29f9b41a5dafd36df52ef1) Importer(815301076,1909f56bfc062723c751e8b465ee728b) (PreviewImporter) -> (artifact id: '00000000000000000000000000000000') in 0.0005292 seconds
Import Error Code:(4)
Message: Build asset version error: assets/scripts/buildingtrianglebuffer.cs in SourceAssetDB has modification time of '2025-07-20T10:16:04.2273426Z' while content on disk has modification time of '2025-07-20T10:16:08.9692787Z'
  ERROR: Build asset version error: assets/scripts/buildingtrianglebuffer.cs in SourceAssetDB has modification time of '2025-07-20T10:16:04.2273426Z' while content on disk has modification time of '2025-07-20T10:16:08.9692787Z'
Number of updated asset objects reloaded before import = 0Number of asset objects unloaded after import = 0

========================================================================
Received Import Request.
  Time since last request: 0.000016 seconds.
  path: Assets/Scripts/BuildingTriangleBuffer.cs
  artifactKey: Guid(0e97bc9d8f29f9b41a5dafd36df52ef1) Importer(815301076,1909f56bfc062723c751e8b465ee728b)
Start importing Assets/Scripts/BuildingTriangleBuffer.cs using Guid(0e97bc9d8f29f9b41a5dafd36df52ef1) Importer(815301076,1909f56bfc062723c751e8b465ee728b) (PreviewImporter) -> (artifact id: '00000000000000000000000000000000') in 0.0005605 seconds
Import Error Code:(4)
Message: Build asset version error: assets/scripts/buildingtrianglebuffer.cs in SourceAssetDB has modification time of '2025-07-20T10:16:04.2273426Z' while content on disk has modification time of '2025-07-20T10:16:08.9692787Z'
  ERROR: Build asset version error: assets/scripts/buildingtrianglebuffer.cs in SourceAssetDB has modification time of '2025-07-20T10:16:04.2273426Z' while content on disk has modification time of '2025-07-20T10:16:08.9692787Z'
Number of updated asset objects reloaded before import = 0Number of asset objects unloaded after import = 0

========================================================================
Received Import Request.
  Time since last request: 0.000021 seconds.
  path: Assets/Scripts/BuildingTriangleBuffer.cs
  artifactKey: Guid(0e97bc9d8f29f9b41a5dafd36df52ef1) Importer(815301076,1909f56bfc062723c751e8b465ee728b)
Start importing Assets/Scripts/BuildingTriangleBuffer.cs using Guid(0e97bc9d8f29f9b41a5dafd36df52ef1) Importer(815301076,1909f56bfc062723c751e8b465ee728b) (PreviewImporter) -> (artifact id: '00000000000000000000000000000000') in 0.0005298 seconds
Import Error Code:(4)
Message: Build asset version error: assets/scripts/buildingtrianglebuffer.cs in SourceAssetDB has modification time of '2025-07-20T10:16:04.2273426Z' while content on disk has modification time of '2025-07-20T10:16:08.9692787Z'
  ERROR: Build asset version error: assets/scripts/buildingtrianglebuffer.cs in SourceAssetDB has modification time of '2025-07-20T10:16:04.2273426Z' while content on disk has modification time of '2025-07-20T10:16:08.9692787Z'
Number of updated asset objects reloaded before import = 0Number of asset objects unloaded after import = 0

========================================================================
Received Import Request.
  Time since last request: 0.000026 seconds.
  path: Assets/Scripts/BuildingTriangleBuffer.cs
  artifactKey: Guid(0e97bc9d8f29f9b41a5dafd36df52ef1) Importer(815301076,1909f56bfc062723c751e8b465ee728b)
Start importing Assets/Scripts/BuildingTriangleBuffer.cs using Guid(0e97bc9d8f29f9b41a5dafd36df52ef1) Importer(815301076,1909f56bfc062723c751e8b465ee728b) (PreviewImporter) -> (artifact id: '00000000000000000000000000000000') in 0.0009974 seconds
Import Error Code:(4)
Message: Build asset version error: assets/scripts/buildingtrianglebuffer.cs in SourceAssetDB has modification time of '2025-07-20T10:16:04.2273426Z' while content on disk has modification time of '2025-07-20T10:16:08.9692787Z'
  ERROR: Build asset version error: assets/scripts/buildingtrianglebuffer.cs in SourceAssetDB has modification time of '2025-07-20T10:16:04.2273426Z' while content on disk has modification time of '2025-07-20T10:16:08.9692787Z'
Number of updated asset objects reloaded before import = 0Number of asset objects unloaded after import = 0

========================================================================
Received Import Request.
  Time since last request: 0.000015 seconds.
  path: Assets/Scripts/BuildingTriangleBuffer.cs
  artifactKey: Guid(0e97bc9d8f29f9b41a5dafd36df52ef1) Importer(815301076,1909f56bfc062723c751e8b465ee728b)
Start importing Assets/Scripts/BuildingTriangleBuffer.cs using Guid(0e97bc9d8f29f9b41a5dafd36df52ef1) Importer(815301076,1909f56bfc062723c751e8b465ee728b) (PreviewImporter) -> (artifact id: '00000000000000000000000000000000') in 0.0008007 seconds
Import Error Code:(4)
Message: Build asset version error: assets/scripts/buildingtrianglebuffer.cs in SourceAssetDB has modification time of '2025-07-20T10:16:04.2273426Z' while content on disk has modification time of '2025-07-20T10:16:08.9692787Z'
  ERROR: Build asset version error: assets/scripts/buildingtrianglebuffer.cs in SourceAssetDB has modification time of '2025-07-20T10:16:04.2273426Z' while content on disk has modification time of '2025-07-20T10:16:08.9692787Z'
Number of updated asset objects reloaded before import = 0Number of asset objects unloaded after import = 0

========================================================================
Received Import Request.
  Time since last request: 0.000016 seconds.
  path: Assets/Scripts/BuildingTriangleBuffer.cs
  artifactKey: Guid(0e97bc9d8f29f9b41a5dafd36df52ef1) Importer(815301076,1909f56bfc062723c751e8b465ee728b)
Start importing Assets/Scripts/BuildingTriangleBuffer.cs using Guid(0e97bc9d8f29f9b41a5dafd36df52ef1) Importer(815301076,1909f56bfc062723c751e8b465ee728b) (PreviewImporter) -> (artifact id: '00000000000000000000000000000000') in 0.0005535 seconds
Import Error Code:(4)
Message: Build asset version error: assets/scripts/buildingtrianglebuffer.cs in SourceAssetDB has modification time of '2025-07-20T10:16:04.2273426Z' while content on disk has modification time of '2025-07-20T10:16:08.9692787Z'
  ERROR: Build asset version error: assets/scripts/buildingtrianglebuffer.cs in SourceAssetDB has modification time of '2025-07-20T10:16:04.2273426Z' while content on disk has modification time of '2025-07-20T10:16:08.9692787Z'
Number of updated asset objects reloaded before import = 0Number of asset objects unloaded after import = 0

========================================================================
Received Import Request.
  Time since last request: 0.000015 seconds.
  path: Assets/Scripts/BuildingTriangleBuffer.cs
  artifactKey: Guid(0e97bc9d8f29f9b41a5dafd36df52ef1) Importer(815301076,1909f56bfc062723c751e8b465ee728b)
Start importing Assets/Scripts/BuildingTriangleBuffer.cs using Guid(0e97bc9d8f29f9b41a5dafd36df52ef1) Importer(815301076,1909f56bfc062723c751e8b465ee728b) (PreviewImporter) -> (artifact id: '00000000000000000000000000000000') in 0.0005587 seconds
Import Error Code:(4)
Message: Build asset version error: assets/scripts/buildingtrianglebuffer.cs in SourceAssetDB has modification time of '2025-07-20T10:16:04.2273426Z' while content on disk has modification time of '2025-07-20T10:16:08.9692787Z'
  ERROR: Build asset version error: assets/scripts/buildingtrianglebuffer.cs in SourceAssetDB has modification time of '2025-07-20T10:16:04.2273426Z' while content on disk has modification time of '2025-07-20T10:16:08.9692787Z'
Number of updated asset objects reloaded before import = 0Number of asset objects unloaded after import = 0

========================================================================
Received Import Request.
  Time since last request: 0.000015 seconds.
  path: Assets/Scripts/BuildingTriangleBuffer.cs
  artifactKey: Guid(0e97bc9d8f29f9b41a5dafd36df52ef1) Importer(815301076,1909f56bfc062723c751e8b465ee728b)
Start importing Assets/Scripts/BuildingTriangleBuffer.cs using Guid(0e97bc9d8f29f9b41a5dafd36df52ef1) Importer(815301076,1909f56bfc062723c751e8b465ee728b) (PreviewImporter) -> (artifact id: '00000000000000000000000000000000') in 0.000922 seconds
Import Error Code:(4)
Message: Build asset version error: assets/scripts/buildingtrianglebuffer.cs in SourceAssetDB has modification time of '2025-07-20T10:16:04.2273426Z' while content on disk has modification time of '2025-07-20T10:16:08.9692787Z'
  ERROR: Build asset version error: assets/scripts/buildingtrianglebuffer.cs in SourceAssetDB has modification time of '2025-07-20T10:16:04.2273426Z' while content on disk has modification time of '2025-07-20T10:16:08.9692787Z'
Number of updated asset objects reloaded before import = 0Number of asset objects unloaded after import = 0

========================================================================
Received Import Request.
  Time since last request: 0.000019 seconds.
  path: Assets/Scripts/BuildingTriangleBuffer.cs
  artifactKey: Guid(0e97bc9d8f29f9b41a5dafd36df52ef1) Importer(815301076,1909f56bfc062723c751e8b465ee728b)
Start importing Assets/Scripts/BuildingTriangleBuffer.cs using Guid(0e97bc9d8f29f9b41a5dafd36df52ef1) Importer(815301076,1909f56bfc062723c751e8b465ee728b) (PreviewImporter) -> (artifact id: '00000000000000000000000000000000') in 0.0042173 seconds
Import Error Code:(4)
Message: Build asset version error: assets/scripts/buildingtrianglebuffer.cs in SourceAssetDB has modification time of '2025-07-20T10:16:04.2273426Z' while content on disk has modification time of '2025-07-20T10:16:08.9692787Z'
  ERROR: Build asset version error: assets/scripts/buildingtrianglebuffer.cs in SourceAssetDB has modification time of '2025-07-20T10:16:04.2273426Z' while content on disk has modification time of '2025-07-20T10:16:08.9692787Z'
Number of updated asset objects reloaded before import = 0Number of asset objects unloaded after import = 0

========================================================================
Received Import Request.
  Time since last request: 0.000026 seconds.
  path: Assets/Scripts/BuildingTriangleBuffer.cs
  artifactKey: Guid(0e97bc9d8f29f9b41a5dafd36df52ef1) Importer(815301076,1909f56bfc062723c751e8b465ee728b)
Start importing Assets/Scripts/BuildingTriangleBuffer.cs using Guid(0e97bc9d8f29f9b41a5dafd36df52ef1) Importer(815301076,1909f56bfc062723c751e8b465ee728b) (PreviewImporter) -> (artifact id: '00000000000000000000000000000000') in 0.0006073 seconds
Import Error Code:(4)
Message: Build asset version error: assets/scripts/buildingtrianglebuffer.cs in SourceAssetDB has modification time of '2025-07-20T10:16:04.2273426Z' while content on disk has modification time of '2025-07-20T10:16:08.9692787Z'
  ERROR: Build asset version error: assets/scripts/buildingtrianglebuffer.cs in SourceAssetDB has modification time of '2025-07-20T10:16:04.2273426Z' while content on disk has modification time of '2025-07-20T10:16:08.9692787Z'
Number of updated asset objects reloaded before import = 0Number of asset objects unloaded after import = 0

========================================================================
Received Import Request.
  Time since last request: 0.000017 seconds.
  path: Assets/Scripts/BuildingTriangleBuffer.cs
  artifactKey: Guid(0e97bc9d8f29f9b41a5dafd36df52ef1) Importer(815301076,1909f56bfc062723c751e8b465ee728b)
Start importing Assets/Scripts/BuildingTriangleBuffer.cs using Guid(0e97bc9d8f29f9b41a5dafd36df52ef1) Importer(815301076,1909f56bfc062723c751e8b465ee728b) (PreviewImporter) -> (artifact id: '00000000000000000000000000000000') in 0.0005676 seconds
Import Error Code:(4)
Message: Build asset version error: assets/scripts/buildingtrianglebuffer.cs in SourceAssetDB has modification time of '2025-07-20T10:16:04.2273426Z' while content on disk has modification time of '2025-07-20T10:16:08.9692787Z'
  ERROR: Build asset version error: assets/scripts/buildingtrianglebuffer.cs in SourceAssetDB has modification time of '2025-07-20T10:16:04.2273426Z' while content on disk has modification time of '2025-07-20T10:16:08.9692787Z'
Number of updated asset objects reloaded before import = 0Number of asset objects unloaded after import = 0

========================================================================
Received Import Request.
  Time since last request: 0.000023 seconds.
  path: Assets/Scripts/BuildingTriangleBuffer.cs
  artifactKey: Guid(0e97bc9d8f29f9b41a5dafd36df52ef1) Importer(815301076,1909f56bfc062723c751e8b465ee728b)
Start importing Assets/Scripts/BuildingTriangleBuffer.cs using Guid(0e97bc9d8f29f9b41a5dafd36df52ef1) Importer(815301076,1909f56bfc062723c751e8b465ee728b) (PreviewImporter) -> (artifact id: '00000000000000000000000000000000') in 0.0005603 seconds
Import Error Code:(4)
Message: Build asset version error: assets/scripts/buildingtrianglebuffer.cs in SourceAssetDB has modification time of '2025-07-20T10:16:04.2273426Z' while content on disk has modification time of '2025-07-20T10:16:08.9692787Z'
  ERROR: Build asset version error: assets/scripts/buildingtrianglebuffer.cs in SourceAssetDB has modification time of '2025-07-20T10:16:04.2273426Z' while content on disk has modification time of '2025-07-20T10:16:08.9692787Z'
Number of updated asset objects reloaded before import = 0Number of asset objects unloaded after import = 0

========================================================================
Received Import Request.
  Time since last request: 0.000016 seconds.
  path: Assets/Scripts/BuildingTriangleBuffer.cs
  artifactKey: Guid(0e97bc9d8f29f9b41a5dafd36df52ef1) Importer(815301076,1909f56bfc062723c751e8b465ee728b)
Start importing Assets/Scripts/BuildingTriangleBuffer.cs using Guid(0e97bc9d8f29f9b41a5dafd36df52ef1) Importer(815301076,1909f56bfc062723c751e8b465ee728b) (PreviewImporter) -> (artifact id: '00000000000000000000000000000000') in 0.0006025 seconds
Import Error Code:(4)
Message: Build asset version error: assets/scripts/buildingtrianglebuffer.cs in SourceAssetDB has modification time of '2025-07-20T10:16:04.2273426Z' while content on disk has modification time of '2025-07-20T10:16:08.9692787Z'
  ERROR: Build asset version error: assets/scripts/buildingtrianglebuffer.cs in SourceAssetDB has modification time of '2025-07-20T10:16:04.2273426Z' while content on disk has modification time of '2025-07-20T10:16:08.9692787Z'
Number of updated asset objects reloaded before import = 0Number of asset objects unloaded after import = 0

========================================================================
Received Import Request.
  Time since last request: 0.000018 seconds.
  path: Assets/Scripts/BuildingTriangleBuffer.cs
  artifactKey: Guid(0e97bc9d8f29f9b41a5dafd36df52ef1) Importer(815301076,1909f56bfc062723c751e8b465ee728b)
Start importing Assets/Scripts/BuildingTriangleBuffer.cs using Guid(0e97bc9d8f29f9b41a5dafd36df52ef1) Importer(815301076,1909f56bfc062723c751e8b465ee728b) (PreviewImporter) -> (artifact id: '00000000000000000000000000000000') in 0.0028535 seconds
Import Error Code:(4)
Message: Build asset version error: assets/scripts/buildingtrianglebuffer.cs in SourceAssetDB has modification time of '2025-07-20T10:16:04.2273426Z' while content on disk has modification time of '2025-07-20T10:16:08.9692787Z'
  ERROR: Build asset version error: assets/scripts/buildingtrianglebuffer.cs in SourceAssetDB has modification time of '2025-07-20T10:16:04.2273426Z' while content on disk has modification time of '2025-07-20T10:16:08.9692787Z'
Number of updated asset objects reloaded before import = 0Number of asset objects unloaded after import = 0

========================================================================
Received Import Request.
  Time since last request: 0.000024 seconds.
  path: Assets/Scripts/BuildingTriangleBuffer.cs
  artifactKey: Guid(0e97bc9d8f29f9b41a5dafd36df52ef1) Importer(815301076,1909f56bfc062723c751e8b465ee728b)
Start importing Assets/Scripts/BuildingTriangleBuffer.cs using Guid(0e97bc9d8f29f9b41a5dafd36df52ef1) Importer(815301076,1909f56bfc062723c751e8b465ee728b) (PreviewImporter) -> (artifact id: '00000000000000000000000000000000') in 0.0006216 seconds
Import Error Code:(4)
Message: Build asset version error: assets/scripts/buildingtrianglebuffer.cs in SourceAssetDB has modification time of '2025-07-20T10:16:04.2273426Z' while content on disk has modification time of '2025-07-20T10:16:08.9692787Z'
  ERROR: Build asset version error: assets/scripts/buildingtrianglebuffer.cs in SourceAssetDB has modification time of '2025-07-20T10:16:04.2273426Z' while content on disk has modification time of '2025-07-20T10:16:08.9692787Z'
Number of updated asset objects reloaded before import = 0Number of asset objects unloaded after import = 0

========================================================================
Received Import Request.
  Time since last request: 0.000016 seconds.
  path: Assets/Scripts/BuildingTriangleBuffer.cs
  artifactKey: Guid(0e97bc9d8f29f9b41a5dafd36df52ef1) Importer(815301076,1909f56bfc062723c751e8b465ee728b)
Start importing Assets/Scripts/BuildingTriangleBuffer.cs using Guid(0e97bc9d8f29f9b41a5dafd36df52ef1) Importer(815301076,1909f56bfc062723c751e8b465ee728b) (PreviewImporter) -> (artifact id: '00000000000000000000000000000000') in 0.0006392 seconds
Import Error Code:(4)
Message: Build asset version error: assets/scripts/buildingtrianglebuffer.cs in SourceAssetDB has modification time of '2025-07-20T10:16:04.2273426Z' while content on disk has modification time of '2025-07-20T10:16:08.9692787Z'
  ERROR: Build asset version error: assets/scripts/buildingtrianglebuffer.cs in SourceAssetDB has modification time of '2025-07-20T10:16:04.2273426Z' while content on disk has modification time of '2025-07-20T10:16:08.9692787Z'
Number of updated asset objects reloaded before import = 0Number of asset objects unloaded after import = 0

========================================================================
Received Import Request.
  Time since last request: 0.000015 seconds.
  path: Assets/Scripts/BuildingTriangleBuffer.cs
  artifactKey: Guid(0e97bc9d8f29f9b41a5dafd36df52ef1) Importer(815301076,1909f56bfc062723c751e8b465ee728b)
Start importing Assets/Scripts/BuildingTriangleBuffer.cs using Guid(0e97bc9d8f29f9b41a5dafd36df52ef1) Importer(815301076,1909f56bfc062723c751e8b465ee728b) (PreviewImporter) -> (artifact id: '00000000000000000000000000000000') in 0.0005298 seconds
Import Error Code:(4)
Message: Build asset version error: assets/scripts/buildingtrianglebuffer.cs in SourceAssetDB has modification time of '2025-07-20T10:16:04.2273426Z' while content on disk has modification time of '2025-07-20T10:16:08.9692787Z'
  ERROR: Build asset version error: assets/scripts/buildingtrianglebuffer.cs in SourceAssetDB has modification time of '2025-07-20T10:16:04.2273426Z' while content on disk has modification time of '2025-07-20T10:16:08.9692787Z'
Number of updated asset objects reloaded before import = 0Number of asset objects unloaded after import = 0

========================================================================
Received Import Request.
  Time since last request: 0.000016 seconds.
  path: Assets/Scripts/BuildingTriangleBuffer.cs
  artifactKey: Guid(0e97bc9d8f29f9b41a5dafd36df52ef1) Importer(815301076,1909f56bfc062723c751e8b465ee728b)
Start importing Assets/Scripts/BuildingTriangleBuffer.cs using Guid(0e97bc9d8f29f9b41a5dafd36df52ef1) Importer(815301076,1909f56bfc062723c751e8b465ee728b) (PreviewImporter) -> (artifact id: '00000000000000000000000000000000') in 0.0005289 seconds
Import Error Code:(4)
Message: Build asset version error: assets/scripts/buildingtrianglebuffer.cs in SourceAssetDB has modification time of '2025-07-20T10:16:04.2273426Z' while content on disk has modification time of '2025-07-20T10:16:08.9692787Z'
  ERROR: Build asset version error: assets/scripts/buildingtrianglebuffer.cs in SourceAssetDB has modification time of '2025-07-20T10:16:04.2273426Z' while content on disk has modification time of '2025-07-20T10:16:08.9692787Z'
Number of updated asset objects reloaded before import = 0Number of asset objects unloaded after import = 0

========================================================================
Received Import Request.
  Time since last request: 0.000017 seconds.
  path: Assets/Scripts/BuildingTriangleBuffer.cs
  artifactKey: Guid(0e97bc9d8f29f9b41a5dafd36df52ef1) Importer(815301076,1909f56bfc062723c751e8b465ee728b)
Start importing Assets/Scripts/BuildingTriangleBuffer.cs using Guid(0e97bc9d8f29f9b41a5dafd36df52ef1) Importer(815301076,1909f56bfc062723c751e8b465ee728b) (PreviewImporter) -> (artifact id: '00000000000000000000000000000000') in 0.0008386 seconds
Import Error Code:(4)
Message: Build asset version error: assets/scripts/buildingtrianglebuffer.cs in SourceAssetDB has modification time of '2025-07-20T10:16:04.2273426Z' while content on disk has modification time of '2025-07-20T10:16:08.9692787Z'
  ERROR: Build asset version error: assets/scripts/buildingtrianglebuffer.cs in SourceAssetDB has modification time of '2025-07-20T10:16:04.2273426Z' while content on disk has modification time of '2025-07-20T10:16:08.9692787Z'
Number of updated asset objects reloaded before import = 0Number of asset objects unloaded after import = 0

========================================================================
Received Import Request.
  Time since last request: 0.000034 seconds.
  path: Assets/Scripts/BuildingTriangleBuffer.cs
  artifactKey: Guid(0e97bc9d8f29f9b41a5dafd36df52ef1) Importer(815301076,1909f56bfc062723c751e8b465ee728b)
Start importing Assets/Scripts/BuildingTriangleBuffer.cs using Guid(0e97bc9d8f29f9b41a5dafd36df52ef1) Importer(815301076,1909f56bfc062723c751e8b465ee728b) (PreviewImporter) -> (artifact id: '00000000000000000000000000000000') in 0.0008418 seconds
Import Error Code:(4)
Message: Build asset version error: assets/scripts/buildingtrianglebuffer.cs in SourceAssetDB has modification time of '2025-07-20T10:16:04.2273426Z' while content on disk has modification time of '2025-07-20T10:16:08.9692787Z'
  ERROR: Build asset version error: assets/scripts/buildingtrianglebuffer.cs in SourceAssetDB has modification time of '2025-07-20T10:16:04.2273426Z' while content on disk has modification time of '2025-07-20T10:16:08.9692787Z'
Number of updated asset objects reloaded before import = 0Number of asset objects unloaded after import = 0

========================================================================
Received Import Request.
  Time since last request: 0.000021 seconds.
  path: Assets/Scripts/BuildingTriangleBuffer.cs
  artifactKey: Guid(0e97bc9d8f29f9b41a5dafd36df52ef1) Importer(815301076,1909f56bfc062723c751e8b465ee728b)
Start importing Assets/Scripts/BuildingTriangleBuffer.cs using Guid(0e97bc9d8f29f9b41a5dafd36df52ef1) Importer(815301076,1909f56bfc062723c751e8b465ee728b) (PreviewImporter) -> (artifact id: '00000000000000000000000000000000') in 0.0007025 seconds
Import Error Code:(4)
Message: Build asset version error: assets/scripts/buildingtrianglebuffer.cs in SourceAssetDB has modification time of '2025-07-20T10:16:04.2273426Z' while content on disk has modification time of '2025-07-20T10:16:08.9692787Z'
  ERROR: Build asset version error: assets/scripts/buildingtrianglebuffer.cs in SourceAssetDB has modification time of '2025-07-20T10:16:04.2273426Z' while content on disk has modification time of '2025-07-20T10:16:08.9692787Z'
Number of updated asset objects reloaded before import = 0Number of asset objects unloaded after import = 0

========================================================================
Received Import Request.
  Time since last request: 0.000019 seconds.
  path: Assets/Scripts/BuildingTriangleBuffer.cs
  artifactKey: Guid(0e97bc9d8f29f9b41a5dafd36df52ef1) Importer(815301076,1909f56bfc062723c751e8b465ee728b)
Start importing Assets/Scripts/BuildingTriangleBuffer.cs using Guid(0e97bc9d8f29f9b41a5dafd36df52ef1) Importer(815301076,1909f56bfc062723c751e8b465ee728b) (PreviewImporter) -> (artifact id: '00000000000000000000000000000000') in 0.0006789 seconds
Import Error Code:(4)
Message: Build asset version error: assets/scripts/buildingtrianglebuffer.cs in SourceAssetDB has modification time of '2025-07-20T10:16:04.2273426Z' while content on disk has modification time of '2025-07-20T10:16:08.9692787Z'
  ERROR: Build asset version error: assets/scripts/buildingtrianglebuffer.cs in SourceAssetDB has modification time of '2025-07-20T10:16:04.2273426Z' while content on disk has modification time of '2025-07-20T10:16:08.9692787Z'
Number of updated asset objects reloaded before import = 0Number of asset objects unloaded after import = 0

========================================================================
Received Import Request.
  Time since last request: 0.000023 seconds.
  path: Assets/Scripts/BuildingTriangleBuffer.cs
  artifactKey: Guid(0e97bc9d8f29f9b41a5dafd36df52ef1) Importer(815301076,1909f56bfc062723c751e8b465ee728b)
Start importing Assets/Scripts/BuildingTriangleBuffer.cs using Guid(0e97bc9d8f29f9b41a5dafd36df52ef1) Importer(815301076,1909f56bfc062723c751e8b465ee728b) (PreviewImporter) -> (artifact id: '00000000000000000000000000000000') in 0.0007992 seconds
Import Error Code:(4)
Message: Build asset version error: assets/scripts/buildingtrianglebuffer.cs in SourceAssetDB has modification time of '2025-07-20T10:16:04.2273426Z' while content on disk has modification time of '2025-07-20T10:16:08.9692787Z'
  ERROR: Build asset version error: assets/scripts/buildingtrianglebuffer.cs in SourceAssetDB has modification time of '2025-07-20T10:16:04.2273426Z' while content on disk has modification time of '2025-07-20T10:16:08.9692787Z'
Number of updated asset objects reloaded before import = 0Number of asset objects unloaded after import = 0

========================================================================
Received Import Request.
  Time since last request: 0.000019 seconds.
  path: Assets/Scripts/BuildingTriangleBuffer.cs
  artifactKey: Guid(0e97bc9d8f29f9b41a5dafd36df52ef1) Importer(815301076,1909f56bfc062723c751e8b465ee728b)
Start importing Assets/Scripts/BuildingTriangleBuffer.cs using Guid(0e97bc9d8f29f9b41a5dafd36df52ef1) Importer(815301076,1909f56bfc062723c751e8b465ee728b) (PreviewImporter) -> (artifact id: '00000000000000000000000000000000') in 0.0005555 seconds
Import Error Code:(4)
Message: Build asset version error: assets/scripts/buildingtrianglebuffer.cs in SourceAssetDB has modification time of '2025-07-20T10:16:04.2273426Z' while content on disk has modification time of '2025-07-20T10:16:08.9692787Z'
  ERROR: Build asset version error: assets/scripts/buildingtrianglebuffer.cs in SourceAssetDB has modification time of '2025-07-20T10:16:04.2273426Z' while content on disk has modification time of '2025-07-20T10:16:08.9692787Z'
Number of updated asset objects reloaded before import = 0Number of asset objects unloaded after import = 0

========================================================================
Received Import Request.
  Time since last request: 0.000074 seconds.
  path: Assets/Scripts/BuildingTriangleBuffer.cs
  artifactKey: Guid(0e97bc9d8f29f9b41a5dafd36df52ef1) Importer(815301076,1909f56bfc062723c751e8b465ee728b)
Start importing Assets/Scripts/BuildingTriangleBuffer.cs using Guid(0e97bc9d8f29f9b41a5dafd36df52ef1) Importer(815301076,1909f56bfc062723c751e8b465ee728b) (PreviewImporter) -> (artifact id: '00000000000000000000000000000000') in 0.0005505 seconds
Import Error Code:(4)
Message: Build asset version error: assets/scripts/buildingtrianglebuffer.cs in SourceAssetDB has modification time of '2025-07-20T10:16:04.2273426Z' while content on disk has modification time of '2025-07-20T10:16:08.9692787Z'
  ERROR: Build asset version error: assets/scripts/buildingtrianglebuffer.cs in SourceAssetDB has modification time of '2025-07-20T10:16:04.2273426Z' while content on disk has modification time of '2025-07-20T10:16:08.9692787Z'
Number of updated asset objects reloaded before import = 0Number of asset objects unloaded after import = 0

========================================================================
Received Import Request.
  Time since last request: 0.000016 seconds.
  path: Assets/Scripts/BuildingTriangleBuffer.cs
  artifactKey: Guid(0e97bc9d8f29f9b41a5dafd36df52ef1) Importer(815301076,1909f56bfc062723c751e8b465ee728b)
Start importing Assets/Scripts/BuildingTriangleBuffer.cs using Guid(0e97bc9d8f29f9b41a5dafd36df52ef1) Importer(815301076,1909f56bfc062723c751e8b465ee728b) (PreviewImporter) -> (artifact id: '00000000000000000000000000000000') in 0.0005238 seconds
Import Error Code:(4)
Message: Build asset version error: assets/scripts/buildingtrianglebuffer.cs in SourceAssetDB has modification time of '2025-07-20T10:16:04.2273426Z' while content on disk has modification time of '2025-07-20T10:16:08.9692787Z'
  ERROR: Build asset version error: assets/scripts/buildingtrianglebuffer.cs in SourceAssetDB has modification time of '2025-07-20T10:16:04.2273426Z' while content on disk has modification time of '2025-07-20T10:16:08.9692787Z'
Number of updated asset objects reloaded before import = 0Number of asset objects unloaded after import = 0

========================================================================
Received Import Request.
  Time since last request: 0.000017 seconds.
  path: Assets/Scripts/BuildingTriangleBuffer.cs
  artifactKey: Guid(0e97bc9d8f29f9b41a5dafd36df52ef1) Importer(815301076,1909f56bfc062723c751e8b465ee728b)
Start importing Assets/Scripts/BuildingTriangleBuffer.cs using Guid(0e97bc9d8f29f9b41a5dafd36df52ef1) Importer(815301076,1909f56bfc062723c751e8b465ee728b) (PreviewImporter) -> (artifact id: '00000000000000000000000000000000') in 0.0005002 seconds
Import Error Code:(4)
Message: Build asset version error: assets/scripts/buildingtrianglebuffer.cs in SourceAssetDB has modification time of '2025-07-20T10:16:04.2273426Z' while content on disk has modification time of '2025-07-20T10:16:08.9692787Z'
  ERROR: Build asset version error: assets/scripts/buildingtrianglebuffer.cs in SourceAssetDB has modification time of '2025-07-20T10:16:04.2273426Z' while content on disk has modification time of '2025-07-20T10:16:08.9692787Z'
Number of updated asset objects reloaded before import = 0Number of asset objects unloaded after import = 0

========================================================================
Received Import Request.
  Time since last request: 0.000015 seconds.
  path: Assets/Scripts/BuildingTriangleBuffer.cs
  artifactKey: Guid(0e97bc9d8f29f9b41a5dafd36df52ef1) Importer(815301076,1909f56bfc062723c751e8b465ee728b)
Start importing Assets/Scripts/BuildingTriangleBuffer.cs using Guid(0e97bc9d8f29f9b41a5dafd36df52ef1) Importer(815301076,1909f56bfc062723c751e8b465ee728b) (PreviewImporter) -> (artifact id: '00000000000000000000000000000000') in 0.0008599 seconds
Import Error Code:(4)
Message: Build asset version error: assets/scripts/buildingtrianglebuffer.cs in SourceAssetDB has modification time of '2025-07-20T10:16:04.2273426Z' while content on disk has modification time of '2025-07-20T10:16:08.9692787Z'
  ERROR: Build asset version error: assets/scripts/buildingtrianglebuffer.cs in SourceAssetDB has modification time of '2025-07-20T10:16:04.2273426Z' while content on disk has modification time of '2025-07-20T10:16:08.9692787Z'
Number of updated asset objects reloaded before import = 0Number of asset objects unloaded after import = 0

========================================================================
Received Import Request.
  Time since last request: 0.000038 seconds.
  path: Assets/Scripts/BuildingTriangleBuffer.cs
  artifactKey: Guid(0e97bc9d8f29f9b41a5dafd36df52ef1) Importer(815301076,1909f56bfc062723c751e8b465ee728b)
Start importing Assets/Scripts/BuildingTriangleBuffer.cs using Guid(0e97bc9d8f29f9b41a5dafd36df52ef1) Importer(815301076,1909f56bfc062723c751e8b465ee728b) (PreviewImporter) -> (artifact id: '00000000000000000000000000000000') in 0.0005797 seconds
Import Error Code:(4)
Message: Build asset version error: assets/scripts/buildingtrianglebuffer.cs in SourceAssetDB has modification time of '2025-07-20T10:16:04.2273426Z' while content on disk has modification time of '2025-07-20T10:16:08.9692787Z'
  ERROR: Build asset version error: assets/scripts/buildingtrianglebuffer.cs in SourceAssetDB has modification time of '2025-07-20T10:16:04.2273426Z' while content on disk has modification time of '2025-07-20T10:16:08.9692787Z'
Number of updated asset objects reloaded before import = 0Number of asset objects unloaded after import = 0

========================================================================
Received Import Request.
  Time since last request: 0.000025 seconds.
  path: Assets/Scripts/BuildingTriangleBuffer.cs
  artifactKey: Guid(0e97bc9d8f29f9b41a5dafd36df52ef1) Importer(815301076,1909f56bfc062723c751e8b465ee728b)
Start importing Assets/Scripts/BuildingTriangleBuffer.cs using Guid(0e97bc9d8f29f9b41a5dafd36df52ef1) Importer(815301076,1909f56bfc062723c751e8b465ee728b) (PreviewImporter) -> (artifact id: '00000000000000000000000000000000') in 0.0006282 seconds
Import Error Code:(4)
Message: Build asset version error: assets/scripts/buildingtrianglebuffer.cs in SourceAssetDB has modification time of '2025-07-20T10:16:04.2273426Z' while content on disk has modification time of '2025-07-20T10:16:08.9692787Z'
  ERROR: Build asset version error: assets/scripts/buildingtrianglebuffer.cs in SourceAssetDB has modification time of '2025-07-20T10:16:04.2273426Z' while content on disk has modification time of '2025-07-20T10:16:08.9692787Z'
Number of updated asset objects reloaded before import = 0Number of asset objects unloaded after import = 0

========================================================================
Received Import Request.
  Time since last request: 0.000027 seconds.
  path: Assets/Scripts/BuildingTriangleBuffer.cs
  artifactKey: Guid(0e97bc9d8f29f9b41a5dafd36df52ef1) Importer(815301076,1909f56bfc062723c751e8b465ee728b)
Start importing Assets/Scripts/BuildingTriangleBuffer.cs using Guid(0e97bc9d8f29f9b41a5dafd36df52ef1) Importer(815301076,1909f56bfc062723c751e8b465ee728b) (PreviewImporter) -> (artifact id: '00000000000000000000000000000000') in 0.0007443 seconds
Import Error Code:(4)
Message: Build asset version error: assets/scripts/buildingtrianglebuffer.cs in SourceAssetDB has modification time of '2025-07-20T10:16:04.2273426Z' while content on disk has modification time of '2025-07-20T10:16:08.9692787Z'
  ERROR: Build asset version error: assets/scripts/buildingtrianglebuffer.cs in SourceAssetDB has modification time of '2025-07-20T10:16:04.2273426Z' while content on disk has modification time of '2025-07-20T10:16:08.9692787Z'
Number of updated asset objects reloaded before import = 0Number of asset objects unloaded after import = 0

========================================================================
Received Import Request.
  Time since last request: 0.000017 seconds.
  path: Assets/Scripts/BuildingTriangleBuffer.cs
  artifactKey: Guid(0e97bc9d8f29f9b41a5dafd36df52ef1) Importer(815301076,1909f56bfc062723c751e8b465ee728b)
Start importing Assets/Scripts/BuildingTriangleBuffer.cs using Guid(0e97bc9d8f29f9b41a5dafd36df52ef1) Importer(815301076,1909f56bfc062723c751e8b465ee728b) (PreviewImporter) -> (artifact id: '00000000000000000000000000000000') in 0.0007648 seconds
Import Error Code:(4)
Message: Build asset version error: assets/scripts/buildingtrianglebuffer.cs in SourceAssetDB has modification time of '2025-07-20T10:16:04.2273426Z' while content on disk has modification time of '2025-07-20T10:16:08.9692787Z'
  ERROR: Build asset version error: assets/scripts/buildingtrianglebuffer.cs in SourceAssetDB has modification time of '2025-07-20T10:16:04.2273426Z' while content on disk has modification time of '2025-07-20T10:16:08.9692787Z'
Number of updated asset objects reloaded before import = 0Number of asset objects unloaded after import = 0

========================================================================
Received Import Request.
  Time since last request: 0.000015 seconds.
  path: Assets/Scripts/BuildingTriangleBuffer.cs
  artifactKey: Guid(0e97bc9d8f29f9b41a5dafd36df52ef1) Importer(815301076,1909f56bfc062723c751e8b465ee728b)
Start importing Assets/Scripts/BuildingTriangleBuffer.cs using Guid(0e97bc9d8f29f9b41a5dafd36df52ef1) Importer(815301076,1909f56bfc062723c751e8b465ee728b) (PreviewImporter) -> (artifact id: '00000000000000000000000000000000') in 0.0006695 seconds
Import Error Code:(4)
Message: Build asset version error: assets/scripts/buildingtrianglebuffer.cs in SourceAssetDB has modification time of '2025-07-20T10:16:04.2273426Z' while content on disk has modification time of '2025-07-20T10:16:08.9692787Z'
  ERROR: Build asset version error: assets/scripts/buildingtrianglebuffer.cs in SourceAssetDB has modification time of '2025-07-20T10:16:04.2273426Z' while content on disk has modification time of '2025-07-20T10:16:08.9692787Z'
Number of updated asset objects reloaded before import = 0Number of asset objects unloaded after import = 0

========================================================================
Received Import Request.
  Time since last request: 0.000017 seconds.
  path: Assets/Scripts/BuildingTriangleBuffer.cs
  artifactKey: Guid(0e97bc9d8f29f9b41a5dafd36df52ef1) Importer(815301076,1909f56bfc062723c751e8b465ee728b)
Start importing Assets/Scripts/BuildingTriangleBuffer.cs using Guid(0e97bc9d8f29f9b41a5dafd36df52ef1) Importer(815301076,1909f56bfc062723c751e8b465ee728b) (PreviewImporter) -> (artifact id: '00000000000000000000000000000000') in 0.0004931 seconds
Import Error Code:(4)
Message: Build asset version error: assets/scripts/buildingtrianglebuffer.cs in SourceAssetDB has modification time of '2025-07-20T10:16:04.2273426Z' while content on disk has modification time of '2025-07-20T10:16:08.9692787Z'
  ERROR: Build asset version error: assets/scripts/buildingtrianglebuffer.cs in SourceAssetDB has modification time of '2025-07-20T10:16:04.2273426Z' while content on disk has modification time of '2025-07-20T10:16:08.9692787Z'
Number of updated asset objects reloaded before import = 0Number of asset objects unloaded after import = 0

========================================================================
Received Import Request.
  Time since last request: 0.000026 seconds.
  path: Assets/Scripts/BuildingTriangleBuffer.cs
  artifactKey: Guid(0e97bc9d8f29f9b41a5dafd36df52ef1) Importer(815301076,1909f56bfc062723c751e8b465ee728b)
Start importing Assets/Scripts/BuildingTriangleBuffer.cs using Guid(0e97bc9d8f29f9b41a5dafd36df52ef1) Importer(815301076,1909f56bfc062723c751e8b465ee728b) (PreviewImporter) -> (artifact id: '00000000000000000000000000000000') in 0.0006149 seconds
Import Error Code:(4)
Message: Build asset version error: assets/scripts/buildingtrianglebuffer.cs in SourceAssetDB has modification time of '2025-07-20T10:16:04.2273426Z' while content on disk has modification time of '2025-07-20T10:16:08.9692787Z'
  ERROR: Build asset version error: assets/scripts/buildingtrianglebuffer.cs in SourceAssetDB has modification time of '2025-07-20T10:16:04.2273426Z' while content on disk has modification time of '2025-07-20T10:16:08.9692787Z'
Number of updated asset objects reloaded before import = 0Number of asset objects unloaded after import = 0

========================================================================
Received Import Request.
  Time since last request: 0.000017 seconds.
  path: Assets/Scripts/BuildingTriangleBuffer.cs
  artifactKey: Guid(0e97bc9d8f29f9b41a5dafd36df52ef1) Importer(815301076,1909f56bfc062723c751e8b465ee728b)
Start importing Assets/Scripts/BuildingTriangleBuffer.cs using Guid(0e97bc9d8f29f9b41a5dafd36df52ef1) Importer(815301076,1909f56bfc062723c751e8b465ee728b) (PreviewImporter) -> (artifact id: '00000000000000000000000000000000') in 0.0005141 seconds
Import Error Code:(4)
Message: Build asset version error: assets/scripts/buildingtrianglebuffer.cs in SourceAssetDB has modification time of '2025-07-20T10:16:04.2273426Z' while content on disk has modification time of '2025-07-20T10:16:08.9692787Z'
  ERROR: Build asset version error: assets/scripts/buildingtrianglebuffer.cs in SourceAssetDB has modification time of '2025-07-20T10:16:04.2273426Z' while content on disk has modification time of '2025-07-20T10:16:08.9692787Z'
Number of updated asset objects reloaded before import = 0Number of asset objects unloaded after import = 0

========================================================================
Received Import Request.
  Time since last request: 0.000028 seconds.
  path: Assets/Scripts/BuildingTriangleBuffer.cs
  artifactKey: Guid(0e97bc9d8f29f9b41a5dafd36df52ef1) Importer(815301076,1909f56bfc062723c751e8b465ee728b)
Start importing Assets/Scripts/BuildingTriangleBuffer.cs using Guid(0e97bc9d8f29f9b41a5dafd36df52ef1) Importer(815301076,1909f56bfc062723c751e8b465ee728b) (PreviewImporter) -> (artifact id: '00000000000000000000000000000000') in 0.0010154 seconds
Import Error Code:(4)
Message: Build asset version error: assets/scripts/buildingtrianglebuffer.cs in SourceAssetDB has modification time of '2025-07-20T10:16:04.2273426Z' while content on disk has modification time of '2025-07-20T10:16:08.9692787Z'
  ERROR: Build asset version error: assets/scripts/buildingtrianglebuffer.cs in SourceAssetDB has modification time of '2025-07-20T10:16:04.2273426Z' while content on disk has modification time of '2025-07-20T10:16:08.9692787Z'
Number of updated asset objects reloaded before import = 0Number of asset objects unloaded after import = 0

========================================================================
Received Import Request.
  Time since last request: 0.000031 seconds.
  path: Assets/Scripts/BuildingTriangleBuffer.cs
  artifactKey: Guid(0e97bc9d8f29f9b41a5dafd36df52ef1) Importer(815301076,1909f56bfc062723c751e8b465ee728b)
Start importing Assets/Scripts/BuildingTriangleBuffer.cs using Guid(0e97bc9d8f29f9b41a5dafd36df52ef1) Importer(815301076,1909f56bfc062723c751e8b465ee728b) (PreviewImporter) -> (artifact id: '00000000000000000000000000000000') in 0.0007214 seconds
Import Error Code:(4)
Message: Build asset version error: assets/scripts/buildingtrianglebuffer.cs in SourceAssetDB has modification time of '2025-07-20T10:16:04.2273426Z' while content on disk has modification time of '2025-07-20T10:16:08.9692787Z'
  ERROR: Build asset version error: assets/scripts/buildingtrianglebuffer.cs in SourceAssetDB has modification time of '2025-07-20T10:16:04.2273426Z' while content on disk has modification time of '2025-07-20T10:16:08.9692787Z'
Number of updated asset objects reloaded before import = 0Number of asset objects unloaded after import = 0

========================================================================
Received Import Request.
  Time since last request: 0.000024 seconds.
  path: Assets/Scripts/BuildingTriangleBuffer.cs
  artifactKey: Guid(0e97bc9d8f29f9b41a5dafd36df52ef1) Importer(815301076,1909f56bfc062723c751e8b465ee728b)
Start importing Assets/Scripts/BuildingTriangleBuffer.cs using Guid(0e97bc9d8f29f9b41a5dafd36df52ef1) Importer(815301076,1909f56bfc062723c751e8b465ee728b) (PreviewImporter) -> (artifact id: '00000000000000000000000000000000') in 0.0006401 seconds
Import Error Code:(4)
Message: Build asset version error: assets/scripts/buildingtrianglebuffer.cs in SourceAssetDB has modification time of '2025-07-20T10:16:04.2273426Z' while content on disk has modification time of '2025-07-20T10:16:08.9692787Z'
  ERROR: Build asset version error: assets/scripts/buildingtrianglebuffer.cs in SourceAssetDB has modification time of '2025-07-20T10:16:04.2273426Z' while content on disk has modification time of '2025-07-20T10:16:08.9692787Z'
Number of updated asset objects reloaded before import = 0Number of asset objects unloaded after import = 0

========================================================================
Received Import Request.
  Time since last request: 0.000025 seconds.
  path: Assets/Scripts/BuildingTriangleBuffer.cs
  artifactKey: Guid(0e97bc9d8f29f9b41a5dafd36df52ef1) Importer(815301076,1909f56bfc062723c751e8b465ee728b)
Start importing Assets/Scripts/BuildingTriangleBuffer.cs using Guid(0e97bc9d8f29f9b41a5dafd36df52ef1) Importer(815301076,1909f56bfc062723c751e8b465ee728b) (PreviewImporter) -> (artifact id: '00000000000000000000000000000000') in 0.001217 seconds
Import Error Code:(4)
Message: Build asset version error: assets/scripts/buildingtrianglebuffer.cs in SourceAssetDB has modification time of '2025-07-20T10:16:04.2273426Z' while content on disk has modification time of '2025-07-20T10:16:08.9692787Z'
  ERROR: Build asset version error: assets/scripts/buildingtrianglebuffer.cs in SourceAssetDB has modification time of '2025-07-20T10:16:04.2273426Z' while content on disk has modification time of '2025-07-20T10:16:08.9692787Z'
Number of updated asset objects reloaded before import = 0Number of asset objects unloaded after import = 0

========================================================================
Received Import Request.
  Time since last request: 0.000015 seconds.
  path: Assets/Scripts/BuildingTriangleBuffer.cs
  artifactKey: Guid(0e97bc9d8f29f9b41a5dafd36df52ef1) Importer(815301076,1909f56bfc062723c751e8b465ee728b)
Start importing Assets/Scripts/BuildingTriangleBuffer.cs using Guid(0e97bc9d8f29f9b41a5dafd36df52ef1) Importer(815301076,1909f56bfc062723c751e8b465ee728b) (PreviewImporter) -> (artifact id: '00000000000000000000000000000000') in 0.001092 seconds
Import Error Code:(4)
Message: Build asset version error: assets/scripts/buildingtrianglebuffer.cs in SourceAssetDB has modification time of '2025-07-20T10:16:04.2273426Z' while content on disk has modification time of '2025-07-20T10:16:08.9692787Z'
  ERROR: Build asset version error: assets/scripts/buildingtrianglebuffer.cs in SourceAssetDB has modification time of '2025-07-20T10:16:04.2273426Z' while content on disk has modification time of '2025-07-20T10:16:08.9692787Z'
Number of updated asset objects reloaded before import = 0Number of asset objects unloaded after import = 0

========================================================================
Received Import Request.
  Time since last request: 0.000026 seconds.
  path: Assets/Scripts/BuildingTriangleBuffer.cs
  artifactKey: Guid(0e97bc9d8f29f9b41a5dafd36df52ef1) Importer(815301076,1909f56bfc062723c751e8b465ee728b)
Start importing Assets/Scripts/BuildingTriangleBuffer.cs using Guid(0e97bc9d8f29f9b41a5dafd36df52ef1) Importer(815301076,1909f56bfc062723c751e8b465ee728b) (PreviewImporter) -> (artifact id: '00000000000000000000000000000000') in 0.0006237 seconds
Import Error Code:(4)
Message: Build asset version error: assets/scripts/buildingtrianglebuffer.cs in SourceAssetDB has modification time of '2025-07-20T10:16:04.2273426Z' while content on disk has modification time of '2025-07-20T10:16:08.9692787Z'
  ERROR: Build asset version error: assets/scripts/buildingtrianglebuffer.cs in SourceAssetDB has modification time of '2025-07-20T10:16:04.2273426Z' while content on disk has modification time of '2025-07-20T10:16:08.9692787Z'
Number of updated asset objects reloaded before import = 0Number of asset objects unloaded after import = 0

========================================================================
Received Import Request.
  Time since last request: 0.000062 seconds.
  path: Assets/Scripts/BuildingTriangleBuffer.cs
  artifactKey: Guid(0e97bc9d8f29f9b41a5dafd36df52ef1) Importer(815301076,1909f56bfc062723c751e8b465ee728b)
Start importing Assets/Scripts/BuildingTriangleBuffer.cs using Guid(0e97bc9d8f29f9b41a5dafd36df52ef1) Importer(815301076,1909f56bfc062723c751e8b465ee728b) (PreviewImporter) -> (artifact id: '00000000000000000000000000000000') in 0.0013561 seconds
Import Error Code:(4)
Message: Build asset version error: assets/scripts/buildingtrianglebuffer.cs in SourceAssetDB has modification time of '2025-07-20T10:16:04.2273426Z' while content on disk has modification time of '2025-07-20T10:16:08.9692787Z'
  ERROR: Build asset version error: assets/scripts/buildingtrianglebuffer.cs in SourceAssetDB has modification time of '2025-07-20T10:16:04.2273426Z' while content on disk has modification time of '2025-07-20T10:16:08.9692787Z'
Number of updated asset objects reloaded before import = 0Number of asset objects unloaded after import = 0

========================================================================
Received Import Request.
  Time since last request: 0.000032 seconds.
  path: Assets/Scripts/BuildingTriangleBuffer.cs
  artifactKey: Guid(0e97bc9d8f29f9b41a5dafd36df52ef1) Importer(815301076,1909f56bfc062723c751e8b465ee728b)
Start importing Assets/Scripts/BuildingTriangleBuffer.cs using Guid(0e97bc9d8f29f9b41a5dafd36df52ef1) Importer(815301076,1909f56bfc062723c751e8b465ee728b) (PreviewImporter) -> (artifact id: '00000000000000000000000000000000') in 0.0008733 seconds
Import Error Code:(4)
Message: Build asset version error: assets/scripts/buildingtrianglebuffer.cs in SourceAssetDB has modification time of '2025-07-20T10:16:04.2273426Z' while content on disk has modification time of '2025-07-20T10:16:08.9692787Z'
  ERROR: Build asset version error: assets/scripts/buildingtrianglebuffer.cs in SourceAssetDB has modification time of '2025-07-20T10:16:04.2273426Z' while content on disk has modification time of '2025-07-20T10:16:08.9692787Z'
Number of updated asset objects reloaded before import = 0Number of asset objects unloaded after import = 0

========================================================================
Received Import Request.
  Time since last request: 0.000017 seconds.
  path: Assets/Scripts/BuildingTriangleBuffer.cs
  artifactKey: Guid(0e97bc9d8f29f9b41a5dafd36df52ef1) Importer(815301076,1909f56bfc062723c751e8b465ee728b)
Start importing Assets/Scripts/BuildingTriangleBuffer.cs using Guid(0e97bc9d8f29f9b41a5dafd36df52ef1) Importer(815301076,1909f56bfc062723c751e8b465ee728b) (PreviewImporter) -> (artifact id: '00000000000000000000000000000000') in 0.0005913 seconds
Import Error Code:(4)
Message: Build asset version error: assets/scripts/buildingtrianglebuffer.cs in SourceAssetDB has modification time of '2025-07-20T10:16:04.2273426Z' while content on disk has modification time of '2025-07-20T10:16:08.9692787Z'
  ERROR: Build asset version error: assets/scripts/buildingtrianglebuffer.cs in SourceAssetDB has modification time of '2025-07-20T10:16:04.2273426Z' while content on disk has modification time of '2025-07-20T10:16:08.9692787Z'
Number of updated asset objects reloaded before import = 0Number of asset objects unloaded after import = 0

========================================================================
Received Import Request.
  Time since last request: 0.000015 seconds.
  path: Assets/Scripts/BuildingTriangleBuffer.cs
  artifactKey: Guid(0e97bc9d8f29f9b41a5dafd36df52ef1) Importer(815301076,1909f56bfc062723c751e8b465ee728b)
Start importing Assets/Scripts/BuildingTriangleBuffer.cs using Guid(0e97bc9d8f29f9b41a5dafd36df52ef1) Importer(815301076,1909f56bfc062723c751e8b465ee728b) (PreviewImporter) -> (artifact id: '00000000000000000000000000000000') in 0.0005267 seconds
Import Error Code:(4)
Message: Build asset version error: assets/scripts/buildingtrianglebuffer.cs in SourceAssetDB has modification time of '2025-07-20T10:16:04.2273426Z' while content on disk has modification time of '2025-07-20T10:16:08.9692787Z'
  ERROR: Build asset version error: assets/scripts/buildingtrianglebuffer.cs in SourceAssetDB has modification time of '2025-07-20T10:16:04.2273426Z' while content on disk has modification time of '2025-07-20T10:16:08.9692787Z'
Number of updated asset objects reloaded before import = 0Number of asset objects unloaded after import = 0

========================================================================
Received Import Request.
  Time since last request: 0.000016 seconds.
  path: Assets/Scripts/BuildingTriangleBuffer.cs
  artifactKey: Guid(0e97bc9d8f29f9b41a5dafd36df52ef1) Importer(815301076,1909f56bfc062723c751e8b465ee728b)
Start importing Assets/Scripts/BuildingTriangleBuffer.cs using Guid(0e97bc9d8f29f9b41a5dafd36df52ef1) Importer(815301076,1909f56bfc062723c751e8b465ee728b) (PreviewImporter) -> (artifact id: '00000000000000000000000000000000') in 0.0026914 seconds
Import Error Code:(4)
Message: Build asset version error: assets/scripts/buildingtrianglebuffer.cs in SourceAssetDB has modification time of '2025-07-20T10:16:04.2273426Z' while content on disk has modification time of '2025-07-20T10:16:08.9692787Z'
  ERROR: Build asset version error: assets/scripts/buildingtrianglebuffer.cs in SourceAssetDB has modification time of '2025-07-20T10:16:04.2273426Z' while content on disk has modification time of '2025-07-20T10:16:08.9692787Z'
Number of updated asset objects reloaded before import = 0Number of asset objects unloaded after import = 0

========================================================================
Received Import Request.
  Time since last request: 0.000019 seconds.
  path: Assets/Scripts/BuildingTriangleBuffer.cs
  artifactKey: Guid(0e97bc9d8f29f9b41a5dafd36df52ef1) Importer(815301076,1909f56bfc062723c751e8b465ee728b)
Start importing Assets/Scripts/BuildingTriangleBuffer.cs using Guid(0e97bc9d8f29f9b41a5dafd36df52ef1) Importer(815301076,1909f56bfc062723c751e8b465ee728b) (PreviewImporter) -> (artifact id: '00000000000000000000000000000000') in 0.0005946 seconds
Import Error Code:(4)
Message: Build asset version error: assets/scripts/buildingtrianglebuffer.cs in SourceAssetDB has modification time of '2025-07-20T10:16:04.2273426Z' while content on disk has modification time of '2025-07-20T10:16:08.9692787Z'
  ERROR: Build asset version error: assets/scripts/buildingtrianglebuffer.cs in SourceAssetDB has modification time of '2025-07-20T10:16:04.2273426Z' while content on disk has modification time of '2025-07-20T10:16:08.9692787Z'
Number of updated asset objects reloaded before import = 0Number of asset objects unloaded after import = 0

========================================================================
Received Import Request.
  Time since last request: 0.000024 seconds.
  path: Assets/Scripts/BuildingTriangleBuffer.cs
  artifactKey: Guid(0e97bc9d8f29f9b41a5dafd36df52ef1) Importer(815301076,1909f56bfc062723c751e8b465ee728b)
Start importing Assets/Scripts/BuildingTriangleBuffer.cs using Guid(0e97bc9d8f29f9b41a5dafd36df52ef1) Importer(815301076,1909f56bfc062723c751e8b465ee728b) (PreviewImporter) -> (artifact id: '00000000000000000000000000000000') in 0.0005027 seconds
Import Error Code:(4)
Message: Build asset version error: assets/scripts/buildingtrianglebuffer.cs in SourceAssetDB has modification time of '2025-07-20T10:16:04.2273426Z' while content on disk has modification time of '2025-07-20T10:16:08.9692787Z'
  ERROR: Build asset version error: assets/scripts/buildingtrianglebuffer.cs in SourceAssetDB has modification time of '2025-07-20T10:16:04.2273426Z' while content on disk has modification time of '2025-07-20T10:16:08.9692787Z'
Number of updated asset objects reloaded before import = 0Number of asset objects unloaded after import = 0

========================================================================
Received Import Request.
  Time since last request: 0.000014 seconds.
  path: Assets/Scripts/BuildingTriangleBuffer.cs
  artifactKey: Guid(0e97bc9d8f29f9b41a5dafd36df52ef1) Importer(815301076,1909f56bfc062723c751e8b465ee728b)
Start importing Assets/Scripts/BuildingTriangleBuffer.cs using Guid(0e97bc9d8f29f9b41a5dafd36df52ef1) Importer(815301076,1909f56bfc062723c751e8b465ee728b) (PreviewImporter) -> (artifact id: '00000000000000000000000000000000') in 0.0005293 seconds
Import Error Code:(4)
Message: Build asset version error: assets/scripts/buildingtrianglebuffer.cs in SourceAssetDB has modification time of '2025-07-20T10:16:04.2273426Z' while content on disk has modification time of '2025-07-20T10:16:08.9692787Z'
  ERROR: Build asset version error: assets/scripts/buildingtrianglebuffer.cs in SourceAssetDB has modification time of '2025-07-20T10:16:04.2273426Z' while content on disk has modification time of '2025-07-20T10:16:08.9692787Z'
Number of updated asset objects reloaded before import = 0Number of asset objects unloaded after import = 0

========================================================================
Received Import Request.
  Time since last request: 0.000014 seconds.
  path: Assets/Scripts/BuildingTriangleBuffer.cs
  artifactKey: Guid(0e97bc9d8f29f9b41a5dafd36df52ef1) Importer(815301076,1909f56bfc062723c751e8b465ee728b)
Start importing Assets/Scripts/BuildingTriangleBuffer.cs using Guid(0e97bc9d8f29f9b41a5dafd36df52ef1) Importer(815301076,1909f56bfc062723c751e8b465ee728b) (PreviewImporter) -> (artifact id: '00000000000000000000000000000000') in 0.0012641 seconds
Import Error Code:(4)
Message: Build asset version error: assets/scripts/buildingtrianglebuffer.cs in SourceAssetDB has modification time of '2025-07-20T10:16:04.2273426Z' while content on disk has modification time of '2025-07-20T10:16:08.9692787Z'
  ERROR: Build asset version error: assets/scripts/buildingtrianglebuffer.cs in SourceAssetDB has modification time of '2025-07-20T10:16:04.2273426Z' while content on disk has modification time of '2025-07-20T10:16:08.9692787Z'
Number of updated asset objects reloaded before import = 0Number of asset objects unloaded after import = 0

========================================================================
Received Import Request.
  Time since last request: 0.000015 seconds.
  path: Assets/Scripts/BuildingTriangleBuffer.cs
  artifactKey: Guid(0e97bc9d8f29f9b41a5dafd36df52ef1) Importer(815301076,1909f56bfc062723c751e8b465ee728b)
Start importing Assets/Scripts/BuildingTriangleBuffer.cs using Guid(0e97bc9d8f29f9b41a5dafd36df52ef1) Importer(815301076,1909f56bfc062723c751e8b465ee728b) (PreviewImporter) -> (artifact id: '00000000000000000000000000000000') in 0.0006231 seconds
Import Error Code:(4)
Message: Build asset version error: assets/scripts/buildingtrianglebuffer.cs in SourceAssetDB has modification time of '2025-07-20T10:16:04.2273426Z' while content on disk has modification time of '2025-07-20T10:16:08.9692787Z'
  ERROR: Build asset version error: assets/scripts/buildingtrianglebuffer.cs in SourceAssetDB has modification time of '2025-07-20T10:16:04.2273426Z' while content on disk has modification time of '2025-07-20T10:16:08.9692787Z'
Number of updated asset objects reloaded before import = 0Number of asset objects unloaded after import = 0

========================================================================
Received Import Request.
  Time since last request: 0.000017 seconds.
  path: Assets/Scripts/BuildingTriangleBuffer.cs
  artifactKey: Guid(0e97bc9d8f29f9b41a5dafd36df52ef1) Importer(815301076,1909f56bfc062723c751e8b465ee728b)
Start importing Assets/Scripts/BuildingTriangleBuffer.cs using Guid(0e97bc9d8f29f9b41a5dafd36df52ef1) Importer(815301076,1909f56bfc062723c751e8b465ee728b) (PreviewImporter) -> (artifact id: '00000000000000000000000000000000') in 0.0006628 seconds
Import Error Code:(4)
Message: Build asset version error: assets/scripts/buildingtrianglebuffer.cs in SourceAssetDB has modification time of '2025-07-20T10:16:04.2273426Z' while content on disk has modification time of '2025-07-20T10:16:08.9692787Z'
  ERROR: Build asset version error: assets/scripts/buildingtrianglebuffer.cs in SourceAssetDB has modification time of '2025-07-20T10:16:04.2273426Z' while content on disk has modification time of '2025-07-20T10:16:08.9692787Z'
Number of updated asset objects reloaded before import = 0Number of asset objects unloaded after import = 0

========================================================================
Received Import Request.
  Time since last request: 0.000023 seconds.
  path: Assets/Scripts/BuildingTriangleBuffer.cs
  artifactKey: Guid(0e97bc9d8f29f9b41a5dafd36df52ef1) Importer(815301076,1909f56bfc062723c751e8b465ee728b)
Start importing Assets/Scripts/BuildingTriangleBuffer.cs using Guid(0e97bc9d8f29f9b41a5dafd36df52ef1) Importer(815301076,1909f56bfc062723c751e8b465ee728b) (PreviewImporter) -> (artifact id: '00000000000000000000000000000000') in 0.0005086 seconds
Import Error Code:(4)
Message: Build asset version error: assets/scripts/buildingtrianglebuffer.cs in SourceAssetDB has modification time of '2025-07-20T10:16:04.2273426Z' while content on disk has modification time of '2025-07-20T10:16:08.9692787Z'
  ERROR: Build asset version error: assets/scripts/buildingtrianglebuffer.cs in SourceAssetDB has modification time of '2025-07-20T10:16:04.2273426Z' while content on disk has modification time of '2025-07-20T10:16:08.9692787Z'
Number of updated asset objects reloaded before import = 0Number of asset objects unloaded after import = 0

========================================================================
Received Import Request.
  Time since last request: 0.000031 seconds.
  path: Assets/Scripts/BuildingTriangleBuffer.cs
  artifactKey: Guid(0e97bc9d8f29f9b41a5dafd36df52ef1) Importer(815301076,1909f56bfc062723c751e8b465ee728b)
Start importing Assets/Scripts/BuildingTriangleBuffer.cs using Guid(0e97bc9d8f29f9b41a5dafd36df52ef1) Importer(815301076,1909f56bfc062723c751e8b465ee728b) (PreviewImporter) -> (artifact id: '00000000000000000000000000000000') in 0.0006771 seconds
Import Error Code:(4)
Message: Build asset version error: assets/scripts/buildingtrianglebuffer.cs in SourceAssetDB has modification time of '2025-07-20T10:16:04.2273426Z' while content on disk has modification time of '2025-07-20T10:16:08.9692787Z'
  ERROR: Build asset version error: assets/scripts/buildingtrianglebuffer.cs in SourceAssetDB has modification time of '2025-07-20T10:16:04.2273426Z' while content on disk has modification time of '2025-07-20T10:16:08.9692787Z'
Number of updated asset objects reloaded before import = 0Number of asset objects unloaded after import = 0

========================================================================
Received Import Request.
  Time since last request: 0.000015 seconds.
  path: Assets/Scripts/BuildingTriangleBuffer.cs
  artifactKey: Guid(0e97bc9d8f29f9b41a5dafd36df52ef1) Importer(815301076,1909f56bfc062723c751e8b465ee728b)
Start importing Assets/Scripts/BuildingTriangleBuffer.cs using Guid(0e97bc9d8f29f9b41a5dafd36df52ef1) Importer(815301076,1909f56bfc062723c751e8b465ee728b) (PreviewImporter) -> (artifact id: '00000000000000000000000000000000') in 0.0005994 seconds
Import Error Code:(4)
Message: Build asset version error: assets/scripts/buildingtrianglebuffer.cs in SourceAssetDB has modification time of '2025-07-20T10:16:04.2273426Z' while content on disk has modification time of '2025-07-20T10:16:08.9692787Z'
  ERROR: Build asset version error: assets/scripts/buildingtrianglebuffer.cs in SourceAssetDB has modification time of '2025-07-20T10:16:04.2273426Z' while content on disk has modification time of '2025-07-20T10:16:08.9692787Z'
Number of updated asset objects reloaded before import = 0Number of asset objects unloaded after import = 0

========================================================================
Received Import Request.
  Time since last request: 0.000012 seconds.
  path: Assets/Scripts/BuildingTriangleBuffer.cs
  artifactKey: Guid(0e97bc9d8f29f9b41a5dafd36df52ef1) Importer(815301076,1909f56bfc062723c751e8b465ee728b)
Start importing Assets/Scripts/BuildingTriangleBuffer.cs using Guid(0e97bc9d8f29f9b41a5dafd36df52ef1) Importer(815301076,1909f56bfc062723c751e8b465ee728b) (PreviewImporter) -> (artifact id: '00000000000000000000000000000000') in 0.0006065 seconds
Import Error Code:(4)
Message: Build asset version error: assets/scripts/buildingtrianglebuffer.cs in SourceAssetDB has modification time of '2025-07-20T10:16:04.2273426Z' while content on disk has modification time of '2025-07-20T10:16:08.9692787Z'
  ERROR: Build asset version error: assets/scripts/buildingtrianglebuffer.cs in SourceAssetDB has modification time of '2025-07-20T10:16:04.2273426Z' while content on disk has modification time of '2025-07-20T10:16:08.9692787Z'
Number of updated asset objects reloaded before import = 0Number of asset objects unloaded after import = 0

========================================================================
Received Import Request.
  Time since last request: 0.000015 seconds.
  path: Assets/Scripts/BuildingTriangleBuffer.cs
  artifactKey: Guid(0e97bc9d8f29f9b41a5dafd36df52ef1) Importer(815301076,1909f56bfc062723c751e8b465ee728b)
Start importing Assets/Scripts/BuildingTriangleBuffer.cs using Guid(0e97bc9d8f29f9b41a5dafd36df52ef1) Importer(815301076,1909f56bfc062723c751e8b465ee728b) (PreviewImporter) -> (artifact id: '00000000000000000000000000000000') in 0.0011831 seconds
Import Error Code:(4)
Message: Build asset version error: assets/scripts/buildingtrianglebuffer.cs in SourceAssetDB has modification time of '2025-07-20T10:16:04.2273426Z' while content on disk has modification time of '2025-07-20T10:16:08.9692787Z'
  ERROR: Build asset version error: assets/scripts/buildingtrianglebuffer.cs in SourceAssetDB has modification time of '2025-07-20T10:16:04.2273426Z' while content on disk has modification time of '2025-07-20T10:16:08.9692787Z'
Number of updated asset objects reloaded before import = 0Number of asset objects unloaded after import = 0

========================================================================
Received Import Request.
  Time since last request: 0.000019 seconds.
  path: Assets/Scripts/BuildingTriangleBuffer.cs
  artifactKey: Guid(0e97bc9d8f29f9b41a5dafd36df52ef1) Importer(815301076,1909f56bfc062723c751e8b465ee728b)
Start importing Assets/Scripts/BuildingTriangleBuffer.cs using Guid(0e97bc9d8f29f9b41a5dafd36df52ef1) Importer(815301076,1909f56bfc062723c751e8b465ee728b) (PreviewImporter) -> (artifact id: '00000000000000000000000000000000') in 0.0005117 seconds
Import Error Code:(4)
Message: Build asset version error: assets/scripts/buildingtrianglebuffer.cs in SourceAssetDB has modification time of '2025-07-20T10:16:04.2273426Z' while content on disk has modification time of '2025-07-20T10:16:08.9692787Z'
  ERROR: Build asset version error: assets/scripts/buildingtrianglebuffer.cs in SourceAssetDB has modification time of '2025-07-20T10:16:04.2273426Z' while content on disk has modification time of '2025-07-20T10:16:08.9692787Z'
Number of updated asset objects reloaded before import = 0Number of asset objects unloaded after import = 0

========================================================================
Received Import Request.
  Time since last request: 0.000028 seconds.
  path: Assets/Scripts/BuildingTriangleBuffer.cs
  artifactKey: Guid(0e97bc9d8f29f9b41a5dafd36df52ef1) Importer(815301076,1909f56bfc062723c751e8b465ee728b)
Start importing Assets/Scripts/BuildingTriangleBuffer.cs using Guid(0e97bc9d8f29f9b41a5dafd36df52ef1) Importer(815301076,1909f56bfc062723c751e8b465ee728b) (PreviewImporter) -> (artifact id: '00000000000000000000000000000000') in 0.0005118 seconds
Import Error Code:(4)
Message: Build asset version error: assets/scripts/buildingtrianglebuffer.cs in SourceAssetDB has modification time of '2025-07-20T10:16:04.2273426Z' while content on disk has modification time of '2025-07-20T10:16:08.9692787Z'
  ERROR: Build asset version error: assets/scripts/buildingtrianglebuffer.cs in SourceAssetDB has modification time of '2025-07-20T10:16:04.2273426Z' while content on disk has modification time of '2025-07-20T10:16:08.9692787Z'
Number of updated asset objects reloaded before import = 0Number of asset objects unloaded after import = 0

========================================================================
Received Import Request.
  Time since last request: 0.000021 seconds.
  path: Assets/Scripts/BuildingTriangleBuffer.cs
  artifactKey: Guid(0e97bc9d8f29f9b41a5dafd36df52ef1) Importer(815301076,1909f56bfc062723c751e8b465ee728b)
Start importing Assets/Scripts/BuildingTriangleBuffer.cs using Guid(0e97bc9d8f29f9b41a5dafd36df52ef1) Importer(815301076,1909f56bfc062723c751e8b465ee728b) (PreviewImporter) -> (artifact id: '00000000000000000000000000000000') in 0.0005906 seconds
Import Error Code:(4)
Message: Build asset version error: assets/scripts/buildingtrianglebuffer.cs in SourceAssetDB has modification time of '2025-07-20T10:16:04.2273426Z' while content on disk has modification time of '2025-07-20T10:16:08.9692787Z'
  ERROR: Build asset version error: assets/scripts/buildingtrianglebuffer.cs in SourceAssetDB has modification time of '2025-07-20T10:16:04.2273426Z' while content on disk has modification time of '2025-07-20T10:16:08.9692787Z'
Number of updated asset objects reloaded before import = 0Number of asset objects unloaded after import = 0

========================================================================
Received Import Request.
  Time since last request: 0.000016 seconds.
  path: Assets/Scripts/BuildingTriangleBuffer.cs
  artifactKey: Guid(0e97bc9d8f29f9b41a5dafd36df52ef1) Importer(815301076,1909f56bfc062723c751e8b465ee728b)
Start importing Assets/Scripts/BuildingTriangleBuffer.cs using Guid(0e97bc9d8f29f9b41a5dafd36df52ef1) Importer(815301076,1909f56bfc062723c751e8b465ee728b) (PreviewImporter) -> (artifact id: '00000000000000000000000000000000') in 0.000907 seconds
Import Error Code:(4)
Message: Build asset version error: assets/scripts/buildingtrianglebuffer.cs in SourceAssetDB has modification time of '2025-07-20T10:16:04.2273426Z' while content on disk has modification time of '2025-07-20T10:16:08.9692787Z'
  ERROR: Build asset version error: assets/scripts/buildingtrianglebuffer.cs in SourceAssetDB has modification time of '2025-07-20T10:16:04.2273426Z' while content on disk has modification time of '2025-07-20T10:16:08.9692787Z'
Number of updated asset objects reloaded before import = 0Number of asset objects unloaded after import = 0

========================================================================
Received Import Request.
  Time since last request: 0.000026 seconds.
  path: Assets/Scripts/BuildingTriangleBuffer.cs
  artifactKey: Guid(0e97bc9d8f29f9b41a5dafd36df52ef1) Importer(815301076,1909f56bfc062723c751e8b465ee728b)
Start importing Assets/Scripts/BuildingTriangleBuffer.cs using Guid(0e97bc9d8f29f9b41a5dafd36df52ef1) Importer(815301076,1909f56bfc062723c751e8b465ee728b) (PreviewImporter) -> (artifact id: '00000000000000000000000000000000') in 0.0004151 seconds
Import Error Code:(4)
Message: Build asset version error: assets/scripts/buildingtrianglebuffer.cs in SourceAssetDB has modification time of '2025-07-20T10:16:04.2273426Z' while content on disk has modification time of '2025-07-20T10:16:08.9692787Z'
  ERROR: Build asset version error: assets/scripts/buildingtrianglebuffer.cs in SourceAssetDB has modification time of '2025-07-20T10:16:04.2273426Z' while content on disk has modification time of '2025-07-20T10:16:08.9692787Z'
Number of updated asset objects reloaded before import = 0Number of asset objects unloaded after import = 0

========================================================================
Received Import Request.
  Time since last request: 0.000017 seconds.
  path: Assets/Scripts/BuildingTriangleBuffer.cs
  artifactKey: Guid(0e97bc9d8f29f9b41a5dafd36df52ef1) Importer(815301076,1909f56bfc062723c751e8b465ee728b)
Start importing Assets/Scripts/BuildingTriangleBuffer.cs using Guid(0e97bc9d8f29f9b41a5dafd36df52ef1) Importer(815301076,1909f56bfc062723c751e8b465ee728b) (PreviewImporter) -> (artifact id: '00000000000000000000000000000000') in 0.00066 seconds
Import Error Code:(4)
Message: Build asset version error: assets/scripts/buildingtrianglebuffer.cs in SourceAssetDB has modification time of '2025-07-20T10:16:04.2273426Z' while content on disk has modification time of '2025-07-20T10:16:08.9692787Z'
  ERROR: Build asset version error: assets/scripts/buildingtrianglebuffer.cs in SourceAssetDB has modification time of '2025-07-20T10:16:04.2273426Z' while content on disk has modification time of '2025-07-20T10:16:08.9692787Z'
Number of updated asset objects reloaded before import = 0Number of asset objects unloaded after import = 0

========================================================================
Received Import Request.
  Time since last request: 0.000025 seconds.
  path: Assets/Scripts/BuildingTriangleBuffer.cs
  artifactKey: Guid(0e97bc9d8f29f9b41a5dafd36df52ef1) Importer(815301076,1909f56bfc062723c751e8b465ee728b)
Start importing Assets/Scripts/BuildingTriangleBuffer.cs using Guid(0e97bc9d8f29f9b41a5dafd36df52ef1) Importer(815301076,1909f56bfc062723c751e8b465ee728b) (PreviewImporter) -> (artifact id: '00000000000000000000000000000000') in 0.0007092 seconds
Import Error Code:(4)
Message: Build asset version error: assets/scripts/buildingtrianglebuffer.cs in SourceAssetDB has modification time of '2025-07-20T10:16:04.2273426Z' while content on disk has modification time of '2025-07-20T10:16:08.9692787Z'
  ERROR: Build asset version error: assets/scripts/buildingtrianglebuffer.cs in SourceAssetDB has modification time of '2025-07-20T10:16:04.2273426Z' while content on disk has modification time of '2025-07-20T10:16:08.9692787Z'
Number of updated asset objects reloaded before import = 0Number of asset objects unloaded after import = 0

========================================================================
Received Import Request.
  Time since last request: 0.000015 seconds.
  path: Assets/Scripts/BuildingTriangleBuffer.cs
  artifactKey: Guid(0e97bc9d8f29f9b41a5dafd36df52ef1) Importer(815301076,1909f56bfc062723c751e8b465ee728b)
Start importing Assets/Scripts/BuildingTriangleBuffer.cs using Guid(0e97bc9d8f29f9b41a5dafd36df52ef1) Importer(815301076,1909f56bfc062723c751e8b465ee728b) (PreviewImporter) -> (artifact id: '00000000000000000000000000000000') in 0.0005054 seconds
Import Error Code:(4)
Message: Build asset version error: assets/scripts/buildingtrianglebuffer.cs in SourceAssetDB has modification time of '2025-07-20T10:16:04.2273426Z' while content on disk has modification time of '2025-07-20T10:16:08.9692787Z'
  ERROR: Build asset version error: assets/scripts/buildingtrianglebuffer.cs in SourceAssetDB has modification time of '2025-07-20T10:16:04.2273426Z' while content on disk has modification time of '2025-07-20T10:16:08.9692787Z'
Number of updated asset objects reloaded before import = 0Number of asset objects unloaded after import = 0

========================================================================
Received Import Request.
  Time since last request: 0.000015 seconds.
  path: Assets/Scripts/BuildingTriangleBuffer.cs
  artifactKey: Guid(0e97bc9d8f29f9b41a5dafd36df52ef1) Importer(815301076,1909f56bfc062723c751e8b465ee728b)
Start importing Assets/Scripts/BuildingTriangleBuffer.cs using Guid(0e97bc9d8f29f9b41a5dafd36df52ef1) Importer(815301076,1909f56bfc062723c751e8b465ee728b) (PreviewImporter) -> (artifact id: '00000000000000000000000000000000') in 0.0006105 seconds
Import Error Code:(4)
Message: Build asset version error: assets/scripts/buildingtrianglebuffer.cs in SourceAssetDB has modification time of '2025-07-20T10:16:04.2273426Z' while content on disk has modification time of '2025-07-20T10:16:08.9692787Z'
  ERROR: Build asset version error: assets/scripts/buildingtrianglebuffer.cs in SourceAssetDB has modification time of '2025-07-20T10:16:04.2273426Z' while content on disk has modification time of '2025-07-20T10:16:08.9692787Z'
Number of updated asset objects reloaded before import = 0Number of asset objects unloaded after import = 0

========================================================================
Received Import Request.
  Time since last request: 0.000026 seconds.
  path: Assets/Scripts/BuildingTriangleBuffer.cs
  artifactKey: Guid(0e97bc9d8f29f9b41a5dafd36df52ef1) Importer(815301076,1909f56bfc062723c751e8b465ee728b)
Start importing Assets/Scripts/BuildingTriangleBuffer.cs using Guid(0e97bc9d8f29f9b41a5dafd36df52ef1) Importer(815301076,1909f56bfc062723c751e8b465ee728b) (PreviewImporter) -> (artifact id: '00000000000000000000000000000000') in 0.0006207 seconds
Import Error Code:(4)
Message: Build asset version error: assets/scripts/buildingtrianglebuffer.cs in SourceAssetDB has modification time of '2025-07-20T10:16:04.2273426Z' while content on disk has modification time of '2025-07-20T10:16:08.9692787Z'
  ERROR: Build asset version error: assets/scripts/buildingtrianglebuffer.cs in SourceAssetDB has modification time of '2025-07-20T10:16:04.2273426Z' while content on disk has modification time of '2025-07-20T10:16:08.9692787Z'
Number of updated asset objects reloaded before import = 0Number of asset objects unloaded after import = 0

========================================================================
Received Import Request.
  Time since last request: 0.000022 seconds.
  path: Assets/Scripts/BuildingTriangleBuffer.cs
  artifactKey: Guid(0e97bc9d8f29f9b41a5dafd36df52ef1) Importer(815301076,1909f56bfc062723c751e8b465ee728b)
Start importing Assets/Scripts/BuildingTriangleBuffer.cs using Guid(0e97bc9d8f29f9b41a5dafd36df52ef1) Importer(815301076,1909f56bfc062723c751e8b465ee728b) (PreviewImporter) -> (artifact id: '00000000000000000000000000000000') in 0.000541 seconds
Import Error Code:(4)
Message: Build asset version error: assets/scripts/buildingtrianglebuffer.cs in SourceAssetDB has modification time of '2025-07-20T10:16:04.2273426Z' while content on disk has modification time of '2025-07-20T10:16:08.9692787Z'
  ERROR: Build asset version error: assets/scripts/buildingtrianglebuffer.cs in SourceAssetDB has modification time of '2025-07-20T10:16:04.2273426Z' while content on disk has modification time of '2025-07-20T10:16:08.9692787Z'
Number of updated asset objects reloaded before import = 0Number of asset objects unloaded after import = 0

========================================================================
Received Import Request.
  Time since last request: 0.000029 seconds.
  path: Assets/Scripts/BuildingTriangleBuffer.cs
  artifactKey: Guid(0e97bc9d8f29f9b41a5dafd36df52ef1) Importer(815301076,1909f56bfc062723c751e8b465ee728b)
Start importing Assets/Scripts/BuildingTriangleBuffer.cs using Guid(0e97bc9d8f29f9b41a5dafd36df52ef1) Importer(815301076,1909f56bfc062723c751e8b465ee728b) (PreviewImporter) -> (artifact id: '00000000000000000000000000000000') in 0.000848 seconds
Import Error Code:(4)
Message: Build asset version error: assets/scripts/buildingtrianglebuffer.cs in SourceAssetDB has modification time of '2025-07-20T10:16:04.2273426Z' while content on disk has modification time of '2025-07-20T10:16:08.9692787Z'
  ERROR: Build asset version error: assets/scripts/buildingtrianglebuffer.cs in SourceAssetDB has modification time of '2025-07-20T10:16:04.2273426Z' while content on disk has modification time of '2025-07-20T10:16:08.9692787Z'
Number of updated asset objects reloaded before import = 0Number of asset objects unloaded after import = 0

========================================================================
Received Import Request.
  Time since last request: 0.000025 seconds.
  path: Assets/Scripts/BuildingTriangleBuffer.cs
  artifactKey: Guid(0e97bc9d8f29f9b41a5dafd36df52ef1) Importer(815301076,1909f56bfc062723c751e8b465ee728b)
Start importing Assets/Scripts/BuildingTriangleBuffer.cs using Guid(0e97bc9d8f29f9b41a5dafd36df52ef1) Importer(815301076,1909f56bfc062723c751e8b465ee728b) (PreviewImporter) -> (artifact id: '00000000000000000000000000000000') in 0.0004434 seconds
Import Error Code:(4)
Message: Build asset version error: assets/scripts/buildingtrianglebuffer.cs in SourceAssetDB has modification time of '2025-07-20T10:16:04.2273426Z' while content on disk has modification time of '2025-07-20T10:16:08.9692787Z'
  ERROR: Build asset version error: assets/scripts/buildingtrianglebuffer.cs in SourceAssetDB has modification time of '2025-07-20T10:16:04.2273426Z' while content on disk has modification time of '2025-07-20T10:16:08.9692787Z'
Number of updated asset objects reloaded before import = 0Number of asset objects unloaded after import = 0

========================================================================
Received Import Request.
  Time since last request: 0.000020 seconds.
  path: Assets/Scripts/BuildingTriangleBuffer.cs
  artifactKey: Guid(0e97bc9d8f29f9b41a5dafd36df52ef1) Importer(815301076,1909f56bfc062723c751e8b465ee728b)
Start importing Assets/Scripts/BuildingTriangleBuffer.cs using Guid(0e97bc9d8f29f9b41a5dafd36df52ef1) Importer(815301076,1909f56bfc062723c751e8b465ee728b) (PreviewImporter) -> (artifact id: '00000000000000000000000000000000') in 0.0005528 seconds
Import Error Code:(4)
Message: Build asset version error: assets/scripts/buildingtrianglebuffer.cs in SourceAssetDB has modification time of '2025-07-20T10:16:04.2273426Z' while content on disk has modification time of '2025-07-20T10:16:08.9692787Z'
  ERROR: Build asset version error: assets/scripts/buildingtrianglebuffer.cs in SourceAssetDB has modification time of '2025-07-20T10:16:04.2273426Z' while content on disk has modification time of '2025-07-20T10:16:08.9692787Z'
Number of updated asset objects reloaded before import = 0Number of asset objects unloaded after import = 0

========================================================================
Received Import Request.
  Time since last request: 0.000025 seconds.
  path: Assets/Scripts/BuildingTriangleBuffer.cs
  artifactKey: Guid(0e97bc9d8f29f9b41a5dafd36df52ef1) Importer(815301076,1909f56bfc062723c751e8b465ee728b)
Start importing Assets/Scripts/BuildingTriangleBuffer.cs using Guid(0e97bc9d8f29f9b41a5dafd36df52ef1) Importer(815301076,1909f56bfc062723c751e8b465ee728b) (PreviewImporter) -> (artifact id: '00000000000000000000000000000000') in 0.0005077 seconds
Import Error Code:(4)
Message: Build asset version error: assets/scripts/buildingtrianglebuffer.cs in SourceAssetDB has modification time of '2025-07-20T10:16:04.2273426Z' while content on disk has modification time of '2025-07-20T10:16:08.9692787Z'
  ERROR: Build asset version error: assets/scripts/buildingtrianglebuffer.cs in SourceAssetDB has modification time of '2025-07-20T10:16:04.2273426Z' while content on disk has modification time of '2025-07-20T10:16:08.9692787Z'
Number of updated asset objects reloaded before import = 0Number of asset objects unloaded after import = 0

========================================================================
Received Import Request.
  Time since last request: 0.000017 seconds.
  path: Assets/Scripts/BuildingTriangleBuffer.cs
  artifactKey: Guid(0e97bc9d8f29f9b41a5dafd36df52ef1) Importer(815301076,1909f56bfc062723c751e8b465ee728b)
Start importing Assets/Scripts/BuildingTriangleBuffer.cs using Guid(0e97bc9d8f29f9b41a5dafd36df52ef1) Importer(815301076,1909f56bfc062723c751e8b465ee728b) (PreviewImporter) -> (artifact id: '00000000000000000000000000000000') in 0.0007173 seconds
Import Error Code:(4)
Message: Build asset version error: assets/scripts/buildingtrianglebuffer.cs in SourceAssetDB has modification time of '2025-07-20T10:16:04.2273426Z' while content on disk has modification time of '2025-07-20T10:16:08.9692787Z'
  ERROR: Build asset version error: assets/scripts/buildingtrianglebuffer.cs in SourceAssetDB has modification time of '2025-07-20T10:16:04.2273426Z' while content on disk has modification time of '2025-07-20T10:16:08.9692787Z'
Number of updated asset objects reloaded before import = 0Number of asset objects unloaded after import = 0

========================================================================
Received Import Request.
  Time since last request: 0.000038 seconds.
  path: Assets/Scripts/BuildingTriangleBuffer.cs
  artifactKey: Guid(0e97bc9d8f29f9b41a5dafd36df52ef1) Importer(815301076,1909f56bfc062723c751e8b465ee728b)
Start importing Assets/Scripts/BuildingTriangleBuffer.cs using Guid(0e97bc9d8f29f9b41a5dafd36df52ef1) Importer(815301076,1909f56bfc062723c751e8b465ee728b) (PreviewImporter) -> (artifact id: '00000000000000000000000000000000') in 0.0006759 seconds
Import Error Code:(4)
Message: Build asset version error: assets/scripts/buildingtrianglebuffer.cs in SourceAssetDB has modification time of '2025-07-20T10:16:04.2273426Z' while content on disk has modification time of '2025-07-20T10:16:08.9692787Z'
  ERROR: Build asset version error: assets/scripts/buildingtrianglebuffer.cs in SourceAssetDB has modification time of '2025-07-20T10:16:04.2273426Z' while content on disk has modification time of '2025-07-20T10:16:08.9692787Z'
Number of updated asset objects reloaded before import = 0Number of asset objects unloaded after import = 0

========================================================================
Received Import Request.
  Time since last request: 0.000016 seconds.
  path: Assets/Scripts/BuildingTriangleBuffer.cs
  artifactKey: Guid(0e97bc9d8f29f9b41a5dafd36df52ef1) Importer(815301076,1909f56bfc062723c751e8b465ee728b)
Start importing Assets/Scripts/BuildingTriangleBuffer.cs using Guid(0e97bc9d8f29f9b41a5dafd36df52ef1) Importer(815301076,1909f56bfc062723c751e8b465ee728b) (PreviewImporter) -> (artifact id: '00000000000000000000000000000000') in 0.0006478 seconds
Import Error Code:(4)
Message: Build asset version error: assets/scripts/buildingtrianglebuffer.cs in SourceAssetDB has modification time of '2025-07-20T10:16:04.2273426Z' while content on disk has modification time of '2025-07-20T10:16:08.9692787Z'
  ERROR: Build asset version error: assets/scripts/buildingtrianglebuffer.cs in SourceAssetDB has modification time of '2025-07-20T10:16:04.2273426Z' while content on disk has modification time of '2025-07-20T10:16:08.9692787Z'
Number of updated asset objects reloaded before import = 0Number of asset objects unloaded after import = 0

========================================================================
Received Import Request.
  Time since last request: 0.000017 seconds.
  path: Assets/Scripts/BuildingTriangleBuffer.cs
  artifactKey: Guid(0e97bc9d8f29f9b41a5dafd36df52ef1) Importer(815301076,1909f56bfc062723c751e8b465ee728b)
Start importing Assets/Scripts/BuildingTriangleBuffer.cs using Guid(0e97bc9d8f29f9b41a5dafd36df52ef1) Importer(815301076,1909f56bfc062723c751e8b465ee728b) (PreviewImporter) -> (artifact id: '00000000000000000000000000000000') in 0.0007115 seconds
Import Error Code:(4)
Message: Build asset version error: assets/scripts/buildingtrianglebuffer.cs in SourceAssetDB has modification time of '2025-07-20T10:16:04.2273426Z' while content on disk has modification time of '2025-07-20T10:16:08.9692787Z'
  ERROR: Build asset version error: assets/scripts/buildingtrianglebuffer.cs in SourceAssetDB has modification time of '2025-07-20T10:16:04.2273426Z' while content on disk has modification time of '2025-07-20T10:16:08.9692787Z'
Number of updated asset objects reloaded before import = 0Number of asset objects unloaded after import = 0

========================================================================
Received Import Request.
  Time since last request: 0.000023 seconds.
  path: Assets/Scripts/BuildingTriangleBuffer.cs
  artifactKey: Guid(0e97bc9d8f29f9b41a5dafd36df52ef1) Importer(815301076,1909f56bfc062723c751e8b465ee728b)
Start importing Assets/Scripts/BuildingTriangleBuffer.cs using Guid(0e97bc9d8f29f9b41a5dafd36df52ef1) Importer(815301076,1909f56bfc062723c751e8b465ee728b) (PreviewImporter) -> (artifact id: '00000000000000000000000000000000') in 0.0005127 seconds
Import Error Code:(4)
Message: Build asset version error: assets/scripts/buildingtrianglebuffer.cs in SourceAssetDB has modification time of '2025-07-20T10:16:04.2273426Z' while content on disk has modification time of '2025-07-20T10:16:08.9692787Z'
  ERROR: Build asset version error: assets/scripts/buildingtrianglebuffer.cs in SourceAssetDB has modification time of '2025-07-20T10:16:04.2273426Z' while content on disk has modification time of '2025-07-20T10:16:08.9692787Z'
Number of updated asset objects reloaded before import = 0Number of asset objects unloaded after import = 0

========================================================================
Received Import Request.
  Time since last request: 0.000018 seconds.
  path: Assets/Scripts/BuildingTriangleBuffer.cs
  artifactKey: Guid(0e97bc9d8f29f9b41a5dafd36df52ef1) Importer(815301076,1909f56bfc062723c751e8b465ee728b)
Start importing Assets/Scripts/BuildingTriangleBuffer.cs using Guid(0e97bc9d8f29f9b41a5dafd36df52ef1) Importer(815301076,1909f56bfc062723c751e8b465ee728b) (PreviewImporter) -> (artifact id: '00000000000000000000000000000000') in 0.0012469 seconds
Import Error Code:(4)
Message: Build asset version error: assets/scripts/buildingtrianglebuffer.cs in SourceAssetDB has modification time of '2025-07-20T10:16:04.2273426Z' while content on disk has modification time of '2025-07-20T10:16:08.9692787Z'
  ERROR: Build asset version error: assets/scripts/buildingtrianglebuffer.cs in SourceAssetDB has modification time of '2025-07-20T10:16:04.2273426Z' while content on disk has modification time of '2025-07-20T10:16:08.9692787Z'
Number of updated asset objects reloaded before import = 0Number of asset objects unloaded after import = 0

========================================================================
Received Import Request.
  Time since last request: 0.000025 seconds.
  path: Assets/Scripts/BuildingTriangleBuffer.cs
  artifactKey: Guid(0e97bc9d8f29f9b41a5dafd36df52ef1) Importer(815301076,1909f56bfc062723c751e8b465ee728b)
Start importing Assets/Scripts/BuildingTriangleBuffer.cs using Guid(0e97bc9d8f29f9b41a5dafd36df52ef1) Importer(815301076,1909f56bfc062723c751e8b465ee728b) (PreviewImporter) -> (artifact id: '00000000000000000000000000000000') in 0.0006752 seconds
Import Error Code:(4)
Message: Build asset version error: assets/scripts/buildingtrianglebuffer.cs in SourceAssetDB has modification time of '2025-07-20T10:16:04.2273426Z' while content on disk has modification time of '2025-07-20T10:16:08.9692787Z'
  ERROR: Build asset version error: assets/scripts/buildingtrianglebuffer.cs in SourceAssetDB has modification time of '2025-07-20T10:16:04.2273426Z' while content on disk has modification time of '2025-07-20T10:16:08.9692787Z'
Number of updated asset objects reloaded before import = 0Number of asset objects unloaded after import = 0

========================================================================
Received Import Request.
  Time since last request: 0.000019 seconds.
  path: Assets/Scripts/BuildingTriangleBuffer.cs
  artifactKey: Guid(0e97bc9d8f29f9b41a5dafd36df52ef1) Importer(815301076,1909f56bfc062723c751e8b465ee728b)
Start importing Assets/Scripts/BuildingTriangleBuffer.cs using Guid(0e97bc9d8f29f9b41a5dafd36df52ef1) Importer(815301076,1909f56bfc062723c751e8b465ee728b) (PreviewImporter) -> (artifact id: '00000000000000000000000000000000') in 0.0010888 seconds
Import Error Code:(4)
Message: Build asset version error: assets/scripts/buildingtrianglebuffer.cs in SourceAssetDB has modification time of '2025-07-20T10:16:04.2273426Z' while content on disk has modification time of '2025-07-20T10:16:08.9692787Z'
  ERROR: Build asset version error: assets/scripts/buildingtrianglebuffer.cs in SourceAssetDB has modification time of '2025-07-20T10:16:04.2273426Z' while content on disk has modification time of '2025-07-20T10:16:08.9692787Z'
Number of updated asset objects reloaded before import = 0Number of asset objects unloaded after import = 0

========================================================================
Received Import Request.
  Time since last request: 0.000016 seconds.
  path: Assets/Scripts/BuildingTriangleBuffer.cs
  artifactKey: Guid(0e97bc9d8f29f9b41a5dafd36df52ef1) Importer(815301076,1909f56bfc062723c751e8b465ee728b)
Start importing Assets/Scripts/BuildingTriangleBuffer.cs using Guid(0e97bc9d8f29f9b41a5dafd36df52ef1) Importer(815301076,1909f56bfc062723c751e8b465ee728b) (PreviewImporter) -> (artifact id: '00000000000000000000000000000000') in 0.001396 seconds
Import Error Code:(4)
Message: Build asset version error: assets/scripts/buildingtrianglebuffer.cs in SourceAssetDB has modification time of '2025-07-20T10:16:04.2273426Z' while content on disk has modification time of '2025-07-20T10:16:08.9692787Z'
  ERROR: Build asset version error: assets/scripts/buildingtrianglebuffer.cs in SourceAssetDB has modification time of '2025-07-20T10:16:04.2273426Z' while content on disk has modification time of '2025-07-20T10:16:08.9692787Z'
Number of updated asset objects reloaded before import = 0Number of asset objects unloaded after import = 0

========================================================================
Received Import Request.
  Time since last request: 0.000015 seconds.
  path: Assets/Scripts/BuildingTriangleBuffer.cs
  artifactKey: Guid(0e97bc9d8f29f9b41a5dafd36df52ef1) Importer(815301076,1909f56bfc062723c751e8b465ee728b)
Start importing Assets/Scripts/BuildingTriangleBuffer.cs using Guid(0e97bc9d8f29f9b41a5dafd36df52ef1) Importer(815301076,1909f56bfc062723c751e8b465ee728b) (PreviewImporter) -> (artifact id: '00000000000000000000000000000000') in 0.0007762 seconds
Import Error Code:(4)
Message: Build asset version error: assets/scripts/buildingtrianglebuffer.cs in SourceAssetDB has modification time of '2025-07-20T10:16:04.2273426Z' while content on disk has modification time of '2025-07-20T10:16:08.9692787Z'
  ERROR: Build asset version error: assets/scripts/buildingtrianglebuffer.cs in SourceAssetDB has modification time of '2025-07-20T10:16:04.2273426Z' while content on disk has modification time of '2025-07-20T10:16:08.9692787Z'
Number of updated asset objects reloaded before import = 0Number of asset objects unloaded after import = 0

========================================================================
Received Import Request.
  Time since last request: 0.000021 seconds.
  path: Assets/Scripts/BuildingTriangleBuffer.cs
  artifactKey: Guid(0e97bc9d8f29f9b41a5dafd36df52ef1) Importer(815301076,1909f56bfc062723c751e8b465ee728b)
Start importing Assets/Scripts/BuildingTriangleBuffer.cs using Guid(0e97bc9d8f29f9b41a5dafd36df52ef1) Importer(815301076,1909f56bfc062723c751e8b465ee728b) (PreviewImporter) -> (artifact id: '00000000000000000000000000000000') in 0.0005858 seconds
Import Error Code:(4)
Message: Build asset version error: assets/scripts/buildingtrianglebuffer.cs in SourceAssetDB has modification time of '2025-07-20T10:16:04.2273426Z' while content on disk has modification time of '2025-07-20T10:16:08.9692787Z'
  ERROR: Build asset version error: assets/scripts/buildingtrianglebuffer.cs in SourceAssetDB has modification time of '2025-07-20T10:16:04.2273426Z' while content on disk has modification time of '2025-07-20T10:16:08.9692787Z'
Number of updated asset objects reloaded before import = 0Number of asset objects unloaded after import = 0

========================================================================
Received Import Request.
  Time since last request: 0.000024 seconds.
  path: Assets/Scripts/BuildingTriangleBuffer.cs
  artifactKey: Guid(0e97bc9d8f29f9b41a5dafd36df52ef1) Importer(815301076,1909f56bfc062723c751e8b465ee728b)
Start importing Assets/Scripts/BuildingTriangleBuffer.cs using Guid(0e97bc9d8f29f9b41a5dafd36df52ef1) Importer(815301076,1909f56bfc062723c751e8b465ee728b) (PreviewImporter) -> (artifact id: '00000000000000000000000000000000') in 0.0006502 seconds
Import Error Code:(4)
Message: Build asset version error: assets/scripts/buildingtrianglebuffer.cs in SourceAssetDB has modification time of '2025-07-20T10:16:04.2273426Z' while content on disk has modification time of '2025-07-20T10:16:08.9692787Z'
  ERROR: Build asset version error: assets/scripts/buildingtrianglebuffer.cs in SourceAssetDB has modification time of '2025-07-20T10:16:04.2273426Z' while content on disk has modification time of '2025-07-20T10:16:08.9692787Z'
Number of updated asset objects reloaded before import = 0Number of asset objects unloaded after import = 0

========================================================================
Received Import Request.
  Time since last request: 0.000015 seconds.
  path: Assets/Scripts/BuildingTriangleBuffer.cs
  artifactKey: Guid(0e97bc9d8f29f9b41a5dafd36df52ef1) Importer(815301076,1909f56bfc062723c751e8b465ee728b)
Start importing Assets/Scripts/BuildingTriangleBuffer.cs using Guid(0e97bc9d8f29f9b41a5dafd36df52ef1) Importer(815301076,1909f56bfc062723c751e8b465ee728b) (PreviewImporter) -> (artifact id: '00000000000000000000000000000000') in 0.0011279 seconds
Import Error Code:(4)
Message: Build asset version error: assets/scripts/buildingtrianglebuffer.cs in SourceAssetDB has modification time of '2025-07-20T10:16:04.2273426Z' while content on disk has modification time of '2025-07-20T10:16:08.9692787Z'
  ERROR: Build asset version error: assets/scripts/buildingtrianglebuffer.cs in SourceAssetDB has modification time of '2025-07-20T10:16:04.2273426Z' while content on disk has modification time of '2025-07-20T10:16:08.9692787Z'
Number of updated asset objects reloaded before import = 0Number of asset objects unloaded after import = 0

========================================================================
Received Import Request.
  Time since last request: 0.000062 seconds.
  path: Assets/Scripts/BuildingTriangleBuffer.cs
  artifactKey: Guid(0e97bc9d8f29f9b41a5dafd36df52ef1) Importer(815301076,1909f56bfc062723c751e8b465ee728b)
Start importing Assets/Scripts/BuildingTriangleBuffer.cs using Guid(0e97bc9d8f29f9b41a5dafd36df52ef1) Importer(815301076,1909f56bfc062723c751e8b465ee728b) (PreviewImporter) -> (artifact id: '00000000000000000000000000000000') in 0.0008659 seconds
Import Error Code:(4)
Message: Build asset version error: assets/scripts/buildingtrianglebuffer.cs in SourceAssetDB has modification time of '2025-07-20T10:16:04.2273426Z' while content on disk has modification time of '2025-07-20T10:16:08.9692787Z'
  ERROR: Build asset version error: assets/scripts/buildingtrianglebuffer.cs in SourceAssetDB has modification time of '2025-07-20T10:16:04.2273426Z' while content on disk has modification time of '2025-07-20T10:16:08.9692787Z'
Number of updated asset objects reloaded before import = 0Number of asset objects unloaded after import = 0

========================================================================
Received Import Request.
  Time since last request: 0.000029 seconds.
  path: Assets/Scripts/BuildingTriangleBuffer.cs
  artifactKey: Guid(0e97bc9d8f29f9b41a5dafd36df52ef1) Importer(815301076,1909f56bfc062723c751e8b465ee728b)
Start importing Assets/Scripts/BuildingTriangleBuffer.cs using Guid(0e97bc9d8f29f9b41a5dafd36df52ef1) Importer(815301076,1909f56bfc062723c751e8b465ee728b) (PreviewImporter) -> (artifact id: '00000000000000000000000000000000') in 0.0009259 seconds
Import Error Code:(4)
Message: Build asset version error: assets/scripts/buildingtrianglebuffer.cs in SourceAssetDB has modification time of '2025-07-20T10:16:04.2273426Z' while content on disk has modification time of '2025-07-20T10:16:08.9692787Z'
  ERROR: Build asset version error: assets/scripts/buildingtrianglebuffer.cs in SourceAssetDB has modification time of '2025-07-20T10:16:04.2273426Z' while content on disk has modification time of '2025-07-20T10:16:08.9692787Z'
Number of updated asset objects reloaded before import = 0Number of asset objects unloaded after import = 0

========================================================================
Received Import Request.
  Time since last request: 0.000018 seconds.
  path: Assets/Scripts/BuildingTriangleBuffer.cs
  artifactKey: Guid(0e97bc9d8f29f9b41a5dafd36df52ef1) Importer(815301076,1909f56bfc062723c751e8b465ee728b)
Start importing Assets/Scripts/BuildingTriangleBuffer.cs using Guid(0e97bc9d8f29f9b41a5dafd36df52ef1) Importer(815301076,1909f56bfc062723c751e8b465ee728b) (PreviewImporter) -> (artifact id: '00000000000000000000000000000000') in 0.0005603 seconds
Import Error Code:(4)
Message: Build asset version error: assets/scripts/buildingtrianglebuffer.cs in SourceAssetDB has modification time of '2025-07-20T10:16:04.2273426Z' while content on disk has modification time of '2025-07-20T10:16:08.9692787Z'
  ERROR: Build asset version error: assets/scripts/buildingtrianglebuffer.cs in SourceAssetDB has modification time of '2025-07-20T10:16:04.2273426Z' while content on disk has modification time of '2025-07-20T10:16:08.9692787Z'
Number of updated asset objects reloaded before import = 0Number of asset objects unloaded after import = 0

========================================================================
Received Import Request.
  Time since last request: 0.000050 seconds.
  path: Assets/Scripts/BuildingTriangleBuffer.cs
  artifactKey: Guid(0e97bc9d8f29f9b41a5dafd36df52ef1) Importer(815301076,1909f56bfc062723c751e8b465ee728b)
Start importing Assets/Scripts/BuildingTriangleBuffer.cs using Guid(0e97bc9d8f29f9b41a5dafd36df52ef1) Importer(815301076,1909f56bfc062723c751e8b465ee728b) (PreviewImporter) -> (artifact id: '00000000000000000000000000000000') in 0.0005164 seconds
Import Error Code:(4)
Message: Build asset version error: assets/scripts/buildingtrianglebuffer.cs in SourceAssetDB has modification time of '2025-07-20T10:16:04.2273426Z' while content on disk has modification time of '2025-07-20T10:16:08.9692787Z'
  ERROR: Build asset version error: assets/scripts/buildingtrianglebuffer.cs in SourceAssetDB has modification time of '2025-07-20T10:16:04.2273426Z' while content on disk has modification time of '2025-07-20T10:16:08.9692787Z'
Number of updated asset objects reloaded before import = 0Number of asset objects unloaded after import = 0

========================================================================
Received Import Request.
  Time since last request: 0.000014 seconds.
  path: Assets/Scripts/BuildingTriangleBuffer.cs
  artifactKey: Guid(0e97bc9d8f29f9b41a5dafd36df52ef1) Importer(815301076,1909f56bfc062723c751e8b465ee728b)
Start importing Assets/Scripts/BuildingTriangleBuffer.cs using Guid(0e97bc9d8f29f9b41a5dafd36df52ef1) Importer(815301076,1909f56bfc062723c751e8b465ee728b) (PreviewImporter) -> (artifact id: '00000000000000000000000000000000') in 0.0005134 seconds
Import Error Code:(4)
Message: Build asset version error: assets/scripts/buildingtrianglebuffer.cs in SourceAssetDB has modification time of '2025-07-20T10:16:04.2273426Z' while content on disk has modification time of '2025-07-20T10:16:08.9692787Z'
  ERROR: Build asset version error: assets/scripts/buildingtrianglebuffer.cs in SourceAssetDB has modification time of '2025-07-20T10:16:04.2273426Z' while content on disk has modification time of '2025-07-20T10:16:08.9692787Z'
Number of updated asset objects reloaded before import = 0Number of asset objects unloaded after import = 0

========================================================================
Received Import Request.
  Time since last request: 0.000018 seconds.
  path: Assets/Scripts/BuildingTriangleBuffer.cs
  artifactKey: Guid(0e97bc9d8f29f9b41a5dafd36df52ef1) Importer(815301076,1909f56bfc062723c751e8b465ee728b)
Start importing Assets/Scripts/BuildingTriangleBuffer.cs using Guid(0e97bc9d8f29f9b41a5dafd36df52ef1) Importer(815301076,1909f56bfc062723c751e8b465ee728b) (PreviewImporter) -> (artifact id: '00000000000000000000000000000000') in 0.0007132 seconds
Import Error Code:(4)
Message: Build asset version error: assets/scripts/buildingtrianglebuffer.cs in SourceAssetDB has modification time of '2025-07-20T10:16:04.2273426Z' while content on disk has modification time of '2025-07-20T10:16:08.9692787Z'
  ERROR: Build asset version error: assets/scripts/buildingtrianglebuffer.cs in SourceAssetDB has modification time of '2025-07-20T10:16:04.2273426Z' while content on disk has modification time of '2025-07-20T10:16:08.9692787Z'
Number of updated asset objects reloaded before import = 0Number of asset objects unloaded after import = 0

========================================================================
Received Import Request.
  Time since last request: 0.000016 seconds.
  path: Assets/Scripts/BuildingTriangleBuffer.cs
  artifactKey: Guid(0e97bc9d8f29f9b41a5dafd36df52ef1) Importer(815301076,1909f56bfc062723c751e8b465ee728b)
Start importing Assets/Scripts/BuildingTriangleBuffer.cs using Guid(0e97bc9d8f29f9b41a5dafd36df52ef1) Importer(815301076,1909f56bfc062723c751e8b465ee728b) (PreviewImporter) -> (artifact id: '00000000000000000000000000000000') in 0.0011265 seconds
Import Error Code:(4)
Message: Build asset version error: assets/scripts/buildingtrianglebuffer.cs in SourceAssetDB has modification time of '2025-07-20T10:16:04.2273426Z' while content on disk has modification time of '2025-07-20T10:16:08.9692787Z'
  ERROR: Build asset version error: assets/scripts/buildingtrianglebuffer.cs in SourceAssetDB has modification time of '2025-07-20T10:16:04.2273426Z' while content on disk has modification time of '2025-07-20T10:16:08.9692787Z'
Number of updated asset objects reloaded before import = 0Number of asset objects unloaded after import = 0

========================================================================
Received Import Request.
  Time since last request: 0.000018 seconds.
  path: Assets/Scripts/BuildingTriangleBuffer.cs
  artifactKey: Guid(0e97bc9d8f29f9b41a5dafd36df52ef1) Importer(815301076,1909f56bfc062723c751e8b465ee728b)
Start importing Assets/Scripts/BuildingTriangleBuffer.cs using Guid(0e97bc9d8f29f9b41a5dafd36df52ef1) Importer(815301076,1909f56bfc062723c751e8b465ee728b) (PreviewImporter) -> (artifact id: '00000000000000000000000000000000') in 0.0005402 seconds
Import Error Code:(4)
Message: Build asset version error: assets/scripts/buildingtrianglebuffer.cs in SourceAssetDB has modification time of '2025-07-20T10:16:04.2273426Z' while content on disk has modification time of '2025-07-20T10:16:08.9692787Z'
  ERROR: Build asset version error: assets/scripts/buildingtrianglebuffer.cs in SourceAssetDB has modification time of '2025-07-20T10:16:04.2273426Z' while content on disk has modification time of '2025-07-20T10:16:08.9692787Z'
Number of updated asset objects reloaded before import = 0Number of asset objects unloaded after import = 0

========================================================================
Received Import Request.
  Time since last request: 0.000037 seconds.
  path: Assets/Scripts/BuildingTriangleBuffer.cs
  artifactKey: Guid(0e97bc9d8f29f9b41a5dafd36df52ef1) Importer(815301076,1909f56bfc062723c751e8b465ee728b)
Start importing Assets/Scripts/BuildingTriangleBuffer.cs using Guid(0e97bc9d8f29f9b41a5dafd36df52ef1) Importer(815301076,1909f56bfc062723c751e8b465ee728b) (PreviewImporter) -> (artifact id: '00000000000000000000000000000000') in 0.0004211 seconds
Import Error Code:(4)
Message: Build asset version error: assets/scripts/buildingtrianglebuffer.cs in SourceAssetDB has modification time of '2025-07-20T10:16:04.2273426Z' while content on disk has modification time of '2025-07-20T10:16:08.9692787Z'
  ERROR: Build asset version error: assets/scripts/buildingtrianglebuffer.cs in SourceAssetDB has modification time of '2025-07-20T10:16:04.2273426Z' while content on disk has modification time of '2025-07-20T10:16:08.9692787Z'
Number of updated asset objects reloaded before import = 0Number of asset objects unloaded after import = 0

========================================================================
Received Import Request.
  Time since last request: 0.000015 seconds.
  path: Assets/Scripts/BuildingTriangleBuffer.cs
  artifactKey: Guid(0e97bc9d8f29f9b41a5dafd36df52ef1) Importer(815301076,1909f56bfc062723c751e8b465ee728b)
Start importing Assets/Scripts/BuildingTriangleBuffer.cs using Guid(0e97bc9d8f29f9b41a5dafd36df52ef1) Importer(815301076,1909f56bfc062723c751e8b465ee728b) (PreviewImporter) -> (artifact id: '00000000000000000000000000000000') in 0.000518 seconds
Import Error Code:(4)
Message: Build asset version error: assets/scripts/buildingtrianglebuffer.cs in SourceAssetDB has modification time of '2025-07-20T10:16:04.2273426Z' while content on disk has modification time of '2025-07-20T10:16:08.9692787Z'
  ERROR: Build asset version error: assets/scripts/buildingtrianglebuffer.cs in SourceAssetDB has modification time of '2025-07-20T10:16:04.2273426Z' while content on disk has modification time of '2025-07-20T10:16:08.9692787Z'
Number of updated asset objects reloaded before import = 0Number of asset objects unloaded after import = 0

========================================================================
Received Import Request.
  Time since last request: 0.000023 seconds.
  path: Assets/Scripts/BuildingTriangleBuffer.cs
  artifactKey: Guid(0e97bc9d8f29f9b41a5dafd36df52ef1) Importer(815301076,1909f56bfc062723c751e8b465ee728b)
Start importing Assets/Scripts/BuildingTriangleBuffer.cs using Guid(0e97bc9d8f29f9b41a5dafd36df52ef1) Importer(815301076,1909f56bfc062723c751e8b465ee728b) (PreviewImporter) -> (artifact id: '00000000000000000000000000000000') in 0.0005228 seconds
Import Error Code:(4)
Message: Build asset version error: assets/scripts/buildingtrianglebuffer.cs in SourceAssetDB has modification time of '2025-07-20T10:16:04.2273426Z' while content on disk has modification time of '2025-07-20T10:16:08.9692787Z'
  ERROR: Build asset version error: assets/scripts/buildingtrianglebuffer.cs in SourceAssetDB has modification time of '2025-07-20T10:16:04.2273426Z' while content on disk has modification time of '2025-07-20T10:16:08.9692787Z'
Number of updated asset objects reloaded before import = 0Number of asset objects unloaded after import = 0

========================================================================
Received Import Request.
  Time since last request: 0.000015 seconds.
  path: Assets/Scripts/BuildingTriangleBuffer.cs
  artifactKey: Guid(0e97bc9d8f29f9b41a5dafd36df52ef1) Importer(815301076,1909f56bfc062723c751e8b465ee728b)
Start importing Assets/Scripts/BuildingTriangleBuffer.cs using Guid(0e97bc9d8f29f9b41a5dafd36df52ef1) Importer(815301076,1909f56bfc062723c751e8b465ee728b) (PreviewImporter) -> (artifact id: '00000000000000000000000000000000') in 0.0004998 seconds
Import Error Code:(4)
Message: Build asset version error: assets/scripts/buildingtrianglebuffer.cs in SourceAssetDB has modification time of '2025-07-20T10:16:04.2273426Z' while content on disk has modification time of '2025-07-20T10:16:08.9692787Z'
  ERROR: Build asset version error: assets/scripts/buildingtrianglebuffer.cs in SourceAssetDB has modification time of '2025-07-20T10:16:04.2273426Z' while content on disk has modification time of '2025-07-20T10:16:08.9692787Z'
Number of updated asset objects reloaded before import = 0Number of asset objects unloaded after import = 0

========================================================================
Received Import Request.
  Time since last request: 0.000018 seconds.
  path: Assets/Scripts/BuildingTriangleBuffer.cs
  artifactKey: Guid(0e97bc9d8f29f9b41a5dafd36df52ef1) Importer(815301076,1909f56bfc062723c751e8b465ee728b)
Start importing Assets/Scripts/BuildingTriangleBuffer.cs using Guid(0e97bc9d8f29f9b41a5dafd36df52ef1) Importer(815301076,1909f56bfc062723c751e8b465ee728b) (PreviewImporter) -> (artifact id: '00000000000000000000000000000000') in 0.0024886 seconds
Import Error Code:(4)
Message: Build asset version error: assets/scripts/buildingtrianglebuffer.cs in SourceAssetDB has modification time of '2025-07-20T10:16:04.2273426Z' while content on disk has modification time of '2025-07-20T10:16:08.9692787Z'
  ERROR: Build asset version error: assets/scripts/buildingtrianglebuffer.cs in SourceAssetDB has modification time of '2025-07-20T10:16:04.2273426Z' while content on disk has modification time of '2025-07-20T10:16:08.9692787Z'
Number of updated asset objects reloaded before import = 0Number of asset objects unloaded after import = 0

========================================================================
Received Import Request.
  Time since last request: 0.000044 seconds.
  path: Assets/Scripts/BuildingTriangleBuffer.cs
  artifactKey: Guid(0e97bc9d8f29f9b41a5dafd36df52ef1) Importer(815301076,1909f56bfc062723c751e8b465ee728b)
Start importing Assets/Scripts/BuildingTriangleBuffer.cs using Guid(0e97bc9d8f29f9b41a5dafd36df52ef1) Importer(815301076,1909f56bfc062723c751e8b465ee728b) (PreviewImporter) -> (artifact id: '00000000000000000000000000000000') in 0.0008388 seconds
Import Error Code:(4)
Message: Build asset version error: assets/scripts/buildingtrianglebuffer.cs in SourceAssetDB has modification time of '2025-07-20T10:16:04.2273426Z' while content on disk has modification time of '2025-07-20T10:16:08.9692787Z'
  ERROR: Build asset version error: assets/scripts/buildingtrianglebuffer.cs in SourceAssetDB has modification time of '2025-07-20T10:16:04.2273426Z' while content on disk has modification time of '2025-07-20T10:16:08.9692787Z'
Number of updated asset objects reloaded before import = 0Number of asset objects unloaded after import = 0

========================================================================
Received Import Request.
  Time since last request: 0.000031 seconds.
  path: Assets/Scripts/BuildingTriangleBuffer.cs
  artifactKey: Guid(0e97bc9d8f29f9b41a5dafd36df52ef1) Importer(815301076,1909f56bfc062723c751e8b465ee728b)
Start importing Assets/Scripts/BuildingTriangleBuffer.cs using Guid(0e97bc9d8f29f9b41a5dafd36df52ef1) Importer(815301076,1909f56bfc062723c751e8b465ee728b) (PreviewImporter) -> (artifact id: '00000000000000000000000000000000') in 0.000652 seconds
Import Error Code:(4)
Message: Build asset version error: assets/scripts/buildingtrianglebuffer.cs in SourceAssetDB has modification time of '2025-07-20T10:16:04.2273426Z' while content on disk has modification time of '2025-07-20T10:16:08.9692787Z'
  ERROR: Build asset version error: assets/scripts/buildingtrianglebuffer.cs in SourceAssetDB has modification time of '2025-07-20T10:16:04.2273426Z' while content on disk has modification time of '2025-07-20T10:16:08.9692787Z'
Number of updated asset objects reloaded before import = 0Number of asset objects unloaded after import = 0

========================================================================
Received Import Request.
  Time since last request: 0.000014 seconds.
  path: Assets/Scripts/BuildingTriangleBuffer.cs
  artifactKey: Guid(0e97bc9d8f29f9b41a5dafd36df52ef1) Importer(815301076,1909f56bfc062723c751e8b465ee728b)
Start importing Assets/Scripts/BuildingTriangleBuffer.cs using Guid(0e97bc9d8f29f9b41a5dafd36df52ef1) Importer(815301076,1909f56bfc062723c751e8b465ee728b) (PreviewImporter) -> (artifact id: '00000000000000000000000000000000') in 0.0007469 seconds
Import Error Code:(4)
Message: Build asset version error: assets/scripts/buildingtrianglebuffer.cs in SourceAssetDB has modification time of '2025-07-20T10:16:04.2273426Z' while content on disk has modification time of '2025-07-20T10:16:08.9692787Z'
  ERROR: Build asset version error: assets/scripts/buildingtrianglebuffer.cs in SourceAssetDB has modification time of '2025-07-20T10:16:04.2273426Z' while content on disk has modification time of '2025-07-20T10:16:08.9692787Z'
Number of updated asset objects reloaded before import = 0Number of asset objects unloaded after import = 0

========================================================================
Received Import Request.
  Time since last request: 0.000028 seconds.
  path: Assets/Scripts/BuildingTriangleBuffer.cs
  artifactKey: Guid(0e97bc9d8f29f9b41a5dafd36df52ef1) Importer(815301076,1909f56bfc062723c751e8b465ee728b)
Start importing Assets/Scripts/BuildingTriangleBuffer.cs using Guid(0e97bc9d8f29f9b41a5dafd36df52ef1) Importer(815301076,1909f56bfc062723c751e8b465ee728b) (PreviewImporter) -> (artifact id: '00000000000000000000000000000000') in 0.0004999 seconds
Import Error Code:(4)
Message: Build asset version error: assets/scripts/buildingtrianglebuffer.cs in SourceAssetDB has modification time of '2025-07-20T10:16:04.2273426Z' while content on disk has modification time of '2025-07-20T10:16:08.9692787Z'
  ERROR: Build asset version error: assets/scripts/buildingtrianglebuffer.cs in SourceAssetDB has modification time of '2025-07-20T10:16:04.2273426Z' while content on disk has modification time of '2025-07-20T10:16:08.9692787Z'
Number of updated asset objects reloaded before import = 0Number of asset objects unloaded after import = 0

========================================================================
Received Import Request.
  Time since last request: 0.000018 seconds.
  path: Assets/Scripts/BuildingTriangleBuffer.cs
  artifactKey: Guid(0e97bc9d8f29f9b41a5dafd36df52ef1) Importer(815301076,1909f56bfc062723c751e8b465ee728b)
Start importing Assets/Scripts/BuildingTriangleBuffer.cs using Guid(0e97bc9d8f29f9b41a5dafd36df52ef1) Importer(815301076,1909f56bfc062723c751e8b465ee728b) (PreviewImporter) -> (artifact id: '00000000000000000000000000000000') in 0.0004817 seconds
Import Error Code:(4)
Message: Build asset version error: assets/scripts/buildingtrianglebuffer.cs in SourceAssetDB has modification time of '2025-07-20T10:16:04.2273426Z' while content on disk has modification time of '2025-07-20T10:16:08.9692787Z'
  ERROR: Build asset version error: assets/scripts/buildingtrianglebuffer.cs in SourceAssetDB has modification time of '2025-07-20T10:16:04.2273426Z' while content on disk has modification time of '2025-07-20T10:16:08.9692787Z'
Number of updated asset objects reloaded before import = 0Number of asset objects unloaded after import = 0

========================================================================
Received Import Request.
  Time since last request: 0.000029 seconds.
  path: Assets/Scripts/BuildingTriangleBuffer.cs
  artifactKey: Guid(0e97bc9d8f29f9b41a5dafd36df52ef1) Importer(815301076,1909f56bfc062723c751e8b465ee728b)
Start importing Assets/Scripts/BuildingTriangleBuffer.cs using Guid(0e97bc9d8f29f9b41a5dafd36df52ef1) Importer(815301076,1909f56bfc062723c751e8b465ee728b) (PreviewImporter) -> (artifact id: '00000000000000000000000000000000') in 0.0006304 seconds
Import Error Code:(4)
Message: Build asset version error: assets/scripts/buildingtrianglebuffer.cs in SourceAssetDB has modification time of '2025-07-20T10:16:04.2273426Z' while content on disk has modification time of '2025-07-20T10:16:08.9692787Z'
  ERROR: Build asset version error: assets/scripts/buildingtrianglebuffer.cs in SourceAssetDB has modification time of '2025-07-20T10:16:04.2273426Z' while content on disk has modification time of '2025-07-20T10:16:08.9692787Z'
Number of updated asset objects reloaded before import = 0Number of asset objects unloaded after import = 0

========================================================================
Received Import Request.
  Time since last request: 0.000028 seconds.
  path: Assets/Scripts/BuildingTriangleBuffer.cs
  artifactKey: Guid(0e97bc9d8f29f9b41a5dafd36df52ef1) Importer(815301076,1909f56bfc062723c751e8b465ee728b)
Start importing Assets/Scripts/BuildingTriangleBuffer.cs using Guid(0e97bc9d8f29f9b41a5dafd36df52ef1) Importer(815301076,1909f56bfc062723c751e8b465ee728b) (PreviewImporter) -> (artifact id: '00000000000000000000000000000000') in 0.0006947 seconds
Import Error Code:(4)
Message: Build asset version error: assets/scripts/buildingtrianglebuffer.cs in SourceAssetDB has modification time of '2025-07-20T10:16:04.2273426Z' while content on disk has modification time of '2025-07-20T10:16:08.9692787Z'
  ERROR: Build asset version error: assets/scripts/buildingtrianglebuffer.cs in SourceAssetDB has modification time of '2025-07-20T10:16:04.2273426Z' while content on disk has modification time of '2025-07-20T10:16:08.9692787Z'
Number of updated asset objects reloaded before import = 0Number of asset objects unloaded after import = 0

========================================================================
Received Import Request.
  Time since last request: 0.000019 seconds.
  path: Assets/Scripts/BuildingTriangleBuffer.cs
  artifactKey: Guid(0e97bc9d8f29f9b41a5dafd36df52ef1) Importer(815301076,1909f56bfc062723c751e8b465ee728b)
Start importing Assets/Scripts/BuildingTriangleBuffer.cs using Guid(0e97bc9d8f29f9b41a5dafd36df52ef1) Importer(815301076,1909f56bfc062723c751e8b465ee728b) (PreviewImporter) -> (artifact id: '00000000000000000000000000000000') in 0.0005137 seconds
Import Error Code:(4)
Message: Build asset version error: assets/scripts/buildingtrianglebuffer.cs in SourceAssetDB has modification time of '2025-07-20T10:16:04.2273426Z' while content on disk has modification time of '2025-07-20T10:16:08.9692787Z'
  ERROR: Build asset version error: assets/scripts/buildingtrianglebuffer.cs in SourceAssetDB has modification time of '2025-07-20T10:16:04.2273426Z' while content on disk has modification time of '2025-07-20T10:16:08.9692787Z'
Number of updated asset objects reloaded before import = 0Number of asset objects unloaded after import = 0

========================================================================
Received Import Request.
  Time since last request: 0.000028 seconds.
  path: Assets/Scripts/BuildingTriangleBuffer.cs
  artifactKey: Guid(0e97bc9d8f29f9b41a5dafd36df52ef1) Importer(815301076,1909f56bfc062723c751e8b465ee728b)
Start importing Assets/Scripts/BuildingTriangleBuffer.cs using Guid(0e97bc9d8f29f9b41a5dafd36df52ef1) Importer(815301076,1909f56bfc062723c751e8b465ee728b) (PreviewImporter) -> (artifact id: '00000000000000000000000000000000') in 0.0005424 seconds
Import Error Code:(4)
Message: Build asset version error: assets/scripts/buildingtrianglebuffer.cs in SourceAssetDB has modification time of '2025-07-20T10:16:04.2273426Z' while content on disk has modification time of '2025-07-20T10:16:08.9692787Z'
  ERROR: Build asset version error: assets/scripts/buildingtrianglebuffer.cs in SourceAssetDB has modification time of '2025-07-20T10:16:04.2273426Z' while content on disk has modification time of '2025-07-20T10:16:08.9692787Z'
Number of updated asset objects reloaded before import = 0Number of asset objects unloaded after import = 0

========================================================================
Received Import Request.
  Time since last request: 0.000042 seconds.
  path: Assets/Scripts/BuildingTriangleBuffer.cs
  artifactKey: Guid(0e97bc9d8f29f9b41a5dafd36df52ef1) Importer(815301076,1909f56bfc062723c751e8b465ee728b)
Start importing Assets/Scripts/BuildingTriangleBuffer.cs using Guid(0e97bc9d8f29f9b41a5dafd36df52ef1) Importer(815301076,1909f56bfc062723c751e8b465ee728b) (PreviewImporter) -> (artifact id: '00000000000000000000000000000000') in 0.0009108 seconds
Import Error Code:(4)
Message: Build asset version error: assets/scripts/buildingtrianglebuffer.cs in SourceAssetDB has modification time of '2025-07-20T10:16:04.2273426Z' while content on disk has modification time of '2025-07-20T10:16:08.9692787Z'
  ERROR: Build asset version error: assets/scripts/buildingtrianglebuffer.cs in SourceAssetDB has modification time of '2025-07-20T10:16:04.2273426Z' while content on disk has modification time of '2025-07-20T10:16:08.9692787Z'
Number of updated asset objects reloaded before import = 0Number of asset objects unloaded after import = 0

========================================================================
Received Import Request.
  Time since last request: 0.000027 seconds.
  path: Assets/Scripts/BuildingTriangleBuffer.cs
  artifactKey: Guid(0e97bc9d8f29f9b41a5dafd36df52ef1) Importer(815301076,1909f56bfc062723c751e8b465ee728b)
Start importing Assets/Scripts/BuildingTriangleBuffer.cs using Guid(0e97bc9d8f29f9b41a5dafd36df52ef1) Importer(815301076,1909f56bfc062723c751e8b465ee728b) (PreviewImporter) -> (artifact id: '00000000000000000000000000000000') in 0.0005871 seconds
Import Error Code:(4)
Message: Build asset version error: assets/scripts/buildingtrianglebuffer.cs in SourceAssetDB has modification time of '2025-07-20T10:16:04.2273426Z' while content on disk has modification time of '2025-07-20T10:16:08.9692787Z'
  ERROR: Build asset version error: assets/scripts/buildingtrianglebuffer.cs in SourceAssetDB has modification time of '2025-07-20T10:16:04.2273426Z' while content on disk has modification time of '2025-07-20T10:16:08.9692787Z'
Number of updated asset objects reloaded before import = 0Number of asset objects unloaded after import = 0

========================================================================
Received Import Request.
  Time since last request: 0.000015 seconds.
  path: Assets/Scripts/BuildingTriangleBuffer.cs
  artifactKey: Guid(0e97bc9d8f29f9b41a5dafd36df52ef1) Importer(815301076,1909f56bfc062723c751e8b465ee728b)
Start importing Assets/Scripts/BuildingTriangleBuffer.cs using Guid(0e97bc9d8f29f9b41a5dafd36df52ef1) Importer(815301076,1909f56bfc062723c751e8b465ee728b) (PreviewImporter) -> (artifact id: '00000000000000000000000000000000') in 0.0010088 seconds
Import Error Code:(4)
Message: Build asset version error: assets/scripts/buildingtrianglebuffer.cs in SourceAssetDB has modification time of '2025-07-20T10:16:04.2273426Z' while content on disk has modification time of '2025-07-20T10:16:08.9692787Z'
  ERROR: Build asset version error: assets/scripts/buildingtrianglebuffer.cs in SourceAssetDB has modification time of '2025-07-20T10:16:04.2273426Z' while content on disk has modification time of '2025-07-20T10:16:08.9692787Z'
Number of updated asset objects reloaded before import = 0Number of asset objects unloaded after import = 0

========================================================================
Received Import Request.
  Time since last request: 0.000018 seconds.
  path: Assets/Scripts/BuildingTriangleBuffer.cs
  artifactKey: Guid(0e97bc9d8f29f9b41a5dafd36df52ef1) Importer(815301076,1909f56bfc062723c751e8b465ee728b)
Start importing Assets/Scripts/BuildingTriangleBuffer.cs using Guid(0e97bc9d8f29f9b41a5dafd36df52ef1) Importer(815301076,1909f56bfc062723c751e8b465ee728b) (PreviewImporter) -> (artifact id: '00000000000000000000000000000000') in 0.0008812 seconds
Import Error Code:(4)
Message: Build asset version error: assets/scripts/buildingtrianglebuffer.cs in SourceAssetDB has modification time of '2025-07-20T10:16:04.2273426Z' while content on disk has modification time of '2025-07-20T10:16:08.9692787Z'
  ERROR: Build asset version error: assets/scripts/buildingtrianglebuffer.cs in SourceAssetDB has modification time of '2025-07-20T10:16:04.2273426Z' while content on disk has modification time of '2025-07-20T10:16:08.9692787Z'
Number of updated asset objects reloaded before import = 0Number of asset objects unloaded after import = 0

========================================================================
Received Import Request.
  Time since last request: 0.000015 seconds.
  path: Assets/Scripts/BuildingTriangleBuffer.cs
  artifactKey: Guid(0e97bc9d8f29f9b41a5dafd36df52ef1) Importer(815301076,1909f56bfc062723c751e8b465ee728b)
Start importing Assets/Scripts/BuildingTriangleBuffer.cs using Guid(0e97bc9d8f29f9b41a5dafd36df52ef1) Importer(815301076,1909f56bfc062723c751e8b465ee728b) (PreviewImporter) -> (artifact id: '00000000000000000000000000000000') in 0.0005328 seconds
Import Error Code:(4)
Message: Build asset version error: assets/scripts/buildingtrianglebuffer.cs in SourceAssetDB has modification time of '2025-07-20T10:16:04.2273426Z' while content on disk has modification time of '2025-07-20T10:16:08.9692787Z'
  ERROR: Build asset version error: assets/scripts/buildingtrianglebuffer.cs in SourceAssetDB has modification time of '2025-07-20T10:16:04.2273426Z' while content on disk has modification time of '2025-07-20T10:16:08.9692787Z'
Number of updated asset objects reloaded before import = 0Number of asset objects unloaded after import = 0

========================================================================
Received Import Request.
  Time since last request: 0.000018 seconds.
  path: Assets/Scripts/BuildingTriangleBuffer.cs
  artifactKey: Guid(0e97bc9d8f29f9b41a5dafd36df52ef1) Importer(815301076,1909f56bfc062723c751e8b465ee728b)
Start importing Assets/Scripts/BuildingTriangleBuffer.cs using Guid(0e97bc9d8f29f9b41a5dafd36df52ef1) Importer(815301076,1909f56bfc062723c751e8b465ee728b) (PreviewImporter) -> (artifact id: '00000000000000000000000000000000') in 0.0005619 seconds
Import Error Code:(4)
Message: Build asset version error: assets/scripts/buildingtrianglebuffer.cs in SourceAssetDB has modification time of '2025-07-20T10:16:04.2273426Z' while content on disk has modification time of '2025-07-20T10:16:08.9692787Z'
  ERROR: Build asset version error: assets/scripts/buildingtrianglebuffer.cs in SourceAssetDB has modification time of '2025-07-20T10:16:04.2273426Z' while content on disk has modification time of '2025-07-20T10:16:08.9692787Z'
Number of updated asset objects reloaded before import = 0Number of asset objects unloaded after import = 0

========================================================================
Received Import Request.
  Time since last request: 0.000026 seconds.
  path: Assets/Scripts/BuildingTriangleBuffer.cs
  artifactKey: Guid(0e97bc9d8f29f9b41a5dafd36df52ef1) Importer(815301076,1909f56bfc062723c751e8b465ee728b)
Start importing Assets/Scripts/BuildingTriangleBuffer.cs using Guid(0e97bc9d8f29f9b41a5dafd36df52ef1) Importer(815301076,1909f56bfc062723c751e8b465ee728b) (PreviewImporter) -> (artifact id: '00000000000000000000000000000000') in 0.0005107 seconds
Import Error Code:(4)
Message: Build asset version error: assets/scripts/buildingtrianglebuffer.cs in SourceAssetDB has modification time of '2025-07-20T10:16:04.2273426Z' while content on disk has modification time of '2025-07-20T10:16:08.9692787Z'
  ERROR: Build asset version error: assets/scripts/buildingtrianglebuffer.cs in SourceAssetDB has modification time of '2025-07-20T10:16:04.2273426Z' while content on disk has modification time of '2025-07-20T10:16:08.9692787Z'
Number of updated asset objects reloaded before import = 0Number of asset objects unloaded after import = 0

========================================================================
Received Import Request.
  Time since last request: 0.000012 seconds.
  path: Assets/Scripts/BuildingTriangleBuffer.cs
  artifactKey: Guid(0e97bc9d8f29f9b41a5dafd36df52ef1) Importer(815301076,1909f56bfc062723c751e8b465ee728b)
Start importing Assets/Scripts/BuildingTriangleBuffer.cs using Guid(0e97bc9d8f29f9b41a5dafd36df52ef1) Importer(815301076,1909f56bfc062723c751e8b465ee728b) (PreviewImporter) -> (artifact id: '00000000000000000000000000000000') in 0.0005286 seconds
Import Error Code:(4)
Message: Build asset version error: assets/scripts/buildingtrianglebuffer.cs in SourceAssetDB has modification time of '2025-07-20T10:16:04.2273426Z' while content on disk has modification time of '2025-07-20T10:16:08.9692787Z'
  ERROR: Build asset version error: assets/scripts/buildingtrianglebuffer.cs in SourceAssetDB has modification time of '2025-07-20T10:16:04.2273426Z' while content on disk has modification time of '2025-07-20T10:16:08.9692787Z'
Number of updated asset objects reloaded before import = 0Number of asset objects unloaded after import = 0

========================================================================
Received Import Request.
  Time since last request: 0.000023 seconds.
  path: Assets/Scripts/BuildingTriangleBuffer.cs
  artifactKey: Guid(0e97bc9d8f29f9b41a5dafd36df52ef1) Importer(815301076,1909f56bfc062723c751e8b465ee728b)
Start importing Assets/Scripts/BuildingTriangleBuffer.cs using Guid(0e97bc9d8f29f9b41a5dafd36df52ef1) Importer(815301076,1909f56bfc062723c751e8b465ee728b) (PreviewImporter) -> (artifact id: '00000000000000000000000000000000') in 0.0006496 seconds
Import Error Code:(4)
Message: Build asset version error: assets/scripts/buildingtrianglebuffer.cs in SourceAssetDB has modification time of '2025-07-20T10:16:04.2273426Z' while content on disk has modification time of '2025-07-20T10:16:08.9692787Z'
  ERROR: Build asset version error: assets/scripts/buildingtrianglebuffer.cs in SourceAssetDB has modification time of '2025-07-20T10:16:04.2273426Z' while content on disk has modification time of '2025-07-20T10:16:08.9692787Z'
Number of updated asset objects reloaded before import = 0Number of asset objects unloaded after import = 0

========================================================================
Received Import Request.
  Time since last request: 0.000015 seconds.
  path: Assets/Scripts/BuildingTriangleBuffer.cs
  artifactKey: Guid(0e97bc9d8f29f9b41a5dafd36df52ef1) Importer(815301076,1909f56bfc062723c751e8b465ee728b)
Start importing Assets/Scripts/BuildingTriangleBuffer.cs using Guid(0e97bc9d8f29f9b41a5dafd36df52ef1) Importer(815301076,1909f56bfc062723c751e8b465ee728b) (PreviewImporter) -> (artifact id: '00000000000000000000000000000000') in 0.0005027 seconds
Import Error Code:(4)
Message: Build asset version error: assets/scripts/buildingtrianglebuffer.cs in SourceAssetDB has modification time of '2025-07-20T10:16:04.2273426Z' while content on disk has modification time of '2025-07-20T10:16:08.9692787Z'
  ERROR: Build asset version error: assets/scripts/buildingtrianglebuffer.cs in SourceAssetDB has modification time of '2025-07-20T10:16:04.2273426Z' while content on disk has modification time of '2025-07-20T10:16:08.9692787Z'
Number of updated asset objects reloaded before import = 0Number of asset objects unloaded after import = 0

========================================================================
Received Import Request.
  Time since last request: 0.000016 seconds.
  path: Assets/Scripts/BuildingTriangleBuffer.cs
  artifactKey: Guid(0e97bc9d8f29f9b41a5dafd36df52ef1) Importer(815301076,1909f56bfc062723c751e8b465ee728b)
Start importing Assets/Scripts/BuildingTriangleBuffer.cs using Guid(0e97bc9d8f29f9b41a5dafd36df52ef1) Importer(815301076,1909f56bfc062723c751e8b465ee728b) (PreviewImporter) -> (artifact id: '00000000000000000000000000000000') in 0.0007981 seconds
Import Error Code:(4)
Message: Build asset version error: assets/scripts/buildingtrianglebuffer.cs in SourceAssetDB has modification time of '2025-07-20T10:16:04.2273426Z' while content on disk has modification time of '2025-07-20T10:16:08.9692787Z'
  ERROR: Build asset version error: assets/scripts/buildingtrianglebuffer.cs in SourceAssetDB has modification time of '2025-07-20T10:16:04.2273426Z' while content on disk has modification time of '2025-07-20T10:16:08.9692787Z'
Number of updated asset objects reloaded before import = 0Number of asset objects unloaded after import = 0

========================================================================
Received Import Request.
  Time since last request: 0.000028 seconds.
  path: Assets/Scripts/BuildingTriangleBuffer.cs
  artifactKey: Guid(0e97bc9d8f29f9b41a5dafd36df52ef1) Importer(815301076,1909f56bfc062723c751e8b465ee728b)
Start importing Assets/Scripts/BuildingTriangleBuffer.cs using Guid(0e97bc9d8f29f9b41a5dafd36df52ef1) Importer(815301076,1909f56bfc062723c751e8b465ee728b) (PreviewImporter) -> (artifact id: '00000000000000000000000000000000') in 0.000557 seconds
Import Error Code:(4)
Message: Build asset version error: assets/scripts/buildingtrianglebuffer.cs in SourceAssetDB has modification time of '2025-07-20T10:16:04.2273426Z' while content on disk has modification time of '2025-07-20T10:16:08.9692787Z'
  ERROR: Build asset version error: assets/scripts/buildingtrianglebuffer.cs in SourceAssetDB has modification time of '2025-07-20T10:16:04.2273426Z' while content on disk has modification time of '2025-07-20T10:16:08.9692787Z'
Number of updated asset objects reloaded before import = 0Number of asset objects unloaded after import = 0

========================================================================
Received Import Request.
  Time since last request: 0.000025 seconds.
  path: Assets/Scripts/BuildingTriangleBuffer.cs
  artifactKey: Guid(0e97bc9d8f29f9b41a5dafd36df52ef1) Importer(815301076,1909f56bfc062723c751e8b465ee728b)
Start importing Assets/Scripts/BuildingTriangleBuffer.cs using Guid(0e97bc9d8f29f9b41a5dafd36df52ef1) Importer(815301076,1909f56bfc062723c751e8b465ee728b) (PreviewImporter) -> (artifact id: '00000000000000000000000000000000') in 0.0010854 seconds
Import Error Code:(4)
Message: Build asset version error: assets/scripts/buildingtrianglebuffer.cs in SourceAssetDB has modification time of '2025-07-20T10:16:04.2273426Z' while content on disk has modification time of '2025-07-20T10:16:08.9692787Z'
  ERROR: Build asset version error: assets/scripts/buildingtrianglebuffer.cs in SourceAssetDB has modification time of '2025-07-20T10:16:04.2273426Z' while content on disk has modification time of '2025-07-20T10:16:08.9692787Z'
Number of updated asset objects reloaded before import = 0Number of asset objects unloaded after import = 0

========================================================================
Received Import Request.
  Time since last request: 0.000019 seconds.
  path: Assets/Scripts/BuildingTriangleBuffer.cs
  artifactKey: Guid(0e97bc9d8f29f9b41a5dafd36df52ef1) Importer(815301076,1909f56bfc062723c751e8b465ee728b)
Start importing Assets/Scripts/BuildingTriangleBuffer.cs using Guid(0e97bc9d8f29f9b41a5dafd36df52ef1) Importer(815301076,1909f56bfc062723c751e8b465ee728b) (PreviewImporter) -> (artifact id: '00000000000000000000000000000000') in 0.0004959 seconds
Import Error Code:(4)
Message: Build asset version error: assets/scripts/buildingtrianglebuffer.cs in SourceAssetDB has modification time of '2025-07-20T10:16:04.2273426Z' while content on disk has modification time of '2025-07-20T10:16:08.9692787Z'
  ERROR: Build asset version error: assets/scripts/buildingtrianglebuffer.cs in SourceAssetDB has modification time of '2025-07-20T10:16:04.2273426Z' while content on disk has modification time of '2025-07-20T10:16:08.9692787Z'
Number of updated asset objects reloaded before import = 0Number of asset objects unloaded after import = 0

========================================================================
Received Import Request.
  Time since last request: 0.000018 seconds.
  path: Assets/Scripts/BuildingTriangleBuffer.cs
  artifactKey: Guid(0e97bc9d8f29f9b41a5dafd36df52ef1) Importer(815301076,1909f56bfc062723c751e8b465ee728b)
Start importing Assets/Scripts/BuildingTriangleBuffer.cs using Guid(0e97bc9d8f29f9b41a5dafd36df52ef1) Importer(815301076,1909f56bfc062723c751e8b465ee728b) (PreviewImporter) -> (artifact id: '00000000000000000000000000000000') in 0.0005196 seconds
Import Error Code:(4)
Message: Build asset version error: assets/scripts/buildingtrianglebuffer.cs in SourceAssetDB has modification time of '2025-07-20T10:16:04.2273426Z' while content on disk has modification time of '2025-07-20T10:16:08.9692787Z'
  ERROR: Build asset version error: assets/scripts/buildingtrianglebuffer.cs in SourceAssetDB has modification time of '2025-07-20T10:16:04.2273426Z' while content on disk has modification time of '2025-07-20T10:16:08.9692787Z'
Number of updated asset objects reloaded before import = 0Number of asset objects unloaded after import = 0

========================================================================
Received Import Request.
  Time since last request: 0.000019 seconds.
  path: Assets/Scripts/BuildingTriangleBuffer.cs
  artifactKey: Guid(0e97bc9d8f29f9b41a5dafd36df52ef1) Importer(815301076,1909f56bfc062723c751e8b465ee728b)
Start importing Assets/Scripts/BuildingTriangleBuffer.cs using Guid(0e97bc9d8f29f9b41a5dafd36df52ef1) Importer(815301076,1909f56bfc062723c751e8b465ee728b) (PreviewImporter) -> (artifact id: '00000000000000000000000000000000') in 0.0021493 seconds
Import Error Code:(4)
Message: Build asset version error: assets/scripts/buildingtrianglebuffer.cs in SourceAssetDB has modification time of '2025-07-20T10:16:04.2273426Z' while content on disk has modification time of '2025-07-20T10:16:08.9692787Z'
  ERROR: Build asset version error: assets/scripts/buildingtrianglebuffer.cs in SourceAssetDB has modification time of '2025-07-20T10:16:04.2273426Z' while content on disk has modification time of '2025-07-20T10:16:08.9692787Z'
Number of updated asset objects reloaded before import = 0Number of asset objects unloaded after import = 0

========================================================================
Received Import Request.
  Time since last request: 0.000016 seconds.
  path: Assets/Scripts/BuildingTriangleBuffer.cs
  artifactKey: Guid(0e97bc9d8f29f9b41a5dafd36df52ef1) Importer(815301076,1909f56bfc062723c751e8b465ee728b)
Start importing Assets/Scripts/BuildingTriangleBuffer.cs using Guid(0e97bc9d8f29f9b41a5dafd36df52ef1) Importer(815301076,1909f56bfc062723c751e8b465ee728b) (PreviewImporter) -> (artifact id: '00000000000000000000000000000000') in 0.0008863 seconds
Import Error Code:(4)
Message: Build asset version error: assets/scripts/buildingtrianglebuffer.cs in SourceAssetDB has modification time of '2025-07-20T10:16:04.2273426Z' while content on disk has modification time of '2025-07-20T10:16:08.9692787Z'
  ERROR: Build asset version error: assets/scripts/buildingtrianglebuffer.cs in SourceAssetDB has modification time of '2025-07-20T10:16:04.2273426Z' while content on disk has modification time of '2025-07-20T10:16:08.9692787Z'
Number of updated asset objects reloaded before import = 0Number of asset objects unloaded after import = 0

========================================================================
Received Import Request.
  Time since last request: 0.000027 seconds.
  path: Assets/Scripts/BuildingTriangleBuffer.cs
  artifactKey: Guid(0e97bc9d8f29f9b41a5dafd36df52ef1) Importer(815301076,1909f56bfc062723c751e8b465ee728b)
Start importing Assets/Scripts/BuildingTriangleBuffer.cs using Guid(0e97bc9d8f29f9b41a5dafd36df52ef1) Importer(815301076,1909f56bfc062723c751e8b465ee728b) (PreviewImporter) -> (artifact id: '00000000000000000000000000000000') in 0.0005729 seconds
Import Error Code:(4)
Message: Build asset version error: assets/scripts/buildingtrianglebuffer.cs in SourceAssetDB has modification time of '2025-07-20T10:16:04.2273426Z' while content on disk has modification time of '2025-07-20T10:16:08.9692787Z'
  ERROR: Build asset version error: assets/scripts/buildingtrianglebuffer.cs in SourceAssetDB has modification time of '2025-07-20T10:16:04.2273426Z' while content on disk has modification time of '2025-07-20T10:16:08.9692787Z'
Number of updated asset objects reloaded before import = 0Number of asset objects unloaded after import = 0

========================================================================
Received Import Request.
  Time since last request: 0.000015 seconds.
  path: Assets/Scripts/BuildingTriangleBuffer.cs
  artifactKey: Guid(0e97bc9d8f29f9b41a5dafd36df52ef1) Importer(815301076,1909f56bfc062723c751e8b465ee728b)
Start importing Assets/Scripts/BuildingTriangleBuffer.cs using Guid(0e97bc9d8f29f9b41a5dafd36df52ef1) Importer(815301076,1909f56bfc062723c751e8b465ee728b) (PreviewImporter) -> (artifact id: '00000000000000000000000000000000') in 0.0008789 seconds
Import Error Code:(4)
Message: Build asset version error: assets/scripts/buildingtrianglebuffer.cs in SourceAssetDB has modification time of '2025-07-20T10:16:04.2273426Z' while content on disk has modification time of '2025-07-20T10:16:08.9692787Z'
  ERROR: Build asset version error: assets/scripts/buildingtrianglebuffer.cs in SourceAssetDB has modification time of '2025-07-20T10:16:04.2273426Z' while content on disk has modification time of '2025-07-20T10:16:08.9692787Z'
Number of updated asset objects reloaded before import = 0Number of asset objects unloaded after import = 0

========================================================================
Received Import Request.
  Time since last request: 0.000015 seconds.
  path: Assets/Scripts/BuildingTriangleBuffer.cs
  artifactKey: Guid(0e97bc9d8f29f9b41a5dafd36df52ef1) Importer(815301076,1909f56bfc062723c751e8b465ee728b)
Start importing Assets/Scripts/BuildingTriangleBuffer.cs using Guid(0e97bc9d8f29f9b41a5dafd36df52ef1) Importer(815301076,1909f56bfc062723c751e8b465ee728b) (PreviewImporter) -> (artifact id: '00000000000000000000000000000000') in 0.0008192 seconds
Import Error Code:(4)
Message: Build asset version error: assets/scripts/buildingtrianglebuffer.cs in SourceAssetDB has modification time of '2025-07-20T10:16:04.2273426Z' while content on disk has modification time of '2025-07-20T10:16:08.9692787Z'
  ERROR: Build asset version error: assets/scripts/buildingtrianglebuffer.cs in SourceAssetDB has modification time of '2025-07-20T10:16:04.2273426Z' while content on disk has modification time of '2025-07-20T10:16:08.9692787Z'
Number of updated asset objects reloaded before import = 0Number of asset objects unloaded after import = 0

========================================================================
Received Import Request.
  Time since last request: 0.000014 seconds.
  path: Assets/Scripts/BuildingTriangleBuffer.cs
  artifactKey: Guid(0e97bc9d8f29f9b41a5dafd36df52ef1) Importer(815301076,1909f56bfc062723c751e8b465ee728b)
Start importing Assets/Scripts/BuildingTriangleBuffer.cs using Guid(0e97bc9d8f29f9b41a5dafd36df52ef1) Importer(815301076,1909f56bfc062723c751e8b465ee728b) (PreviewImporter) -> (artifact id: '00000000000000000000000000000000') in 0.0004466 seconds
Import Error Code:(4)
Message: Build asset version error: assets/scripts/buildingtrianglebuffer.cs in SourceAssetDB has modification time of '2025-07-20T10:16:04.2273426Z' while content on disk has modification time of '2025-07-20T10:16:08.9692787Z'
  ERROR: Build asset version error: assets/scripts/buildingtrianglebuffer.cs in SourceAssetDB has modification time of '2025-07-20T10:16:04.2273426Z' while content on disk has modification time of '2025-07-20T10:16:08.9692787Z'
Number of updated asset objects reloaded before import = 0Number of asset objects unloaded after import = 0

========================================================================
Received Import Request.
  Time since last request: 0.000016 seconds.
  path: Assets/Scripts/BuildingTriangleBuffer.cs
  artifactKey: Guid(0e97bc9d8f29f9b41a5dafd36df52ef1) Importer(815301076,1909f56bfc062723c751e8b465ee728b)
Start importing Assets/Scripts/BuildingTriangleBuffer.cs using Guid(0e97bc9d8f29f9b41a5dafd36df52ef1) Importer(815301076,1909f56bfc062723c751e8b465ee728b) (PreviewImporter) -> (artifact id: '00000000000000000000000000000000') in 0.0007335 seconds
Import Error Code:(4)
Message: Build asset version error: assets/scripts/buildingtrianglebuffer.cs in SourceAssetDB has modification time of '2025-07-20T10:16:04.2273426Z' while content on disk has modification time of '2025-07-20T10:16:08.9692787Z'
  ERROR: Build asset version error: assets/scripts/buildingtrianglebuffer.cs in SourceAssetDB has modification time of '2025-07-20T10:16:04.2273426Z' while content on disk has modification time of '2025-07-20T10:16:08.9692787Z'
Number of updated asset objects reloaded before import = 0Number of asset objects unloaded after import = 0

========================================================================
Received Import Request.
  Time since last request: 0.000025 seconds.
  path: Assets/Scripts/BuildingTriangleBuffer.cs
  artifactKey: Guid(0e97bc9d8f29f9b41a5dafd36df52ef1) Importer(815301076,1909f56bfc062723c751e8b465ee728b)
Start importing Assets/Scripts/BuildingTriangleBuffer.cs using Guid(0e97bc9d8f29f9b41a5dafd36df52ef1) Importer(815301076,1909f56bfc062723c751e8b465ee728b) (PreviewImporter) -> (artifact id: '00000000000000000000000000000000') in 0.0008333 seconds
Import Error Code:(4)
Message: Build asset version error: assets/scripts/buildingtrianglebuffer.cs in SourceAssetDB has modification time of '2025-07-20T10:16:04.2273426Z' while content on disk has modification time of '2025-07-20T10:16:08.9692787Z'
  ERROR: Build asset version error: assets/scripts/buildingtrianglebuffer.cs in SourceAssetDB has modification time of '2025-07-20T10:16:04.2273426Z' while content on disk has modification time of '2025-07-20T10:16:08.9692787Z'
Number of updated asset objects reloaded before import = 0Number of asset objects unloaded after import = 0

========================================================================
Received Import Request.
  Time since last request: 0.000016 seconds.
  path: Assets/Scripts/BuildingTriangleBuffer.cs
  artifactKey: Guid(0e97bc9d8f29f9b41a5dafd36df52ef1) Importer(815301076,1909f56bfc062723c751e8b465ee728b)
Start importing Assets/Scripts/BuildingTriangleBuffer.cs using Guid(0e97bc9d8f29f9b41a5dafd36df52ef1) Importer(815301076,1909f56bfc062723c751e8b465ee728b) (PreviewImporter) -> (artifact id: '00000000000000000000000000000000') in 0.0007092 seconds
Import Error Code:(4)
Message: Build asset version error: assets/scripts/buildingtrianglebuffer.cs in SourceAssetDB has modification time of '2025-07-20T10:16:04.2273426Z' while content on disk has modification time of '2025-07-20T10:16:08.9692787Z'
  ERROR: Build asset version error: assets/scripts/buildingtrianglebuffer.cs in SourceAssetDB has modification time of '2025-07-20T10:16:04.2273426Z' while content on disk has modification time of '2025-07-20T10:16:08.9692787Z'
Number of updated asset objects reloaded before import = 0Number of asset objects unloaded after import = 0

========================================================================
Received Import Request.
  Time since last request: 0.000029 seconds.
  path: Assets/Scripts/BuildingTriangleBuffer.cs
  artifactKey: Guid(0e97bc9d8f29f9b41a5dafd36df52ef1) Importer(815301076,1909f56bfc062723c751e8b465ee728b)
Start importing Assets/Scripts/BuildingTriangleBuffer.cs using Guid(0e97bc9d8f29f9b41a5dafd36df52ef1) Importer(815301076,1909f56bfc062723c751e8b465ee728b) (PreviewImporter) -> (artifact id: '00000000000000000000000000000000') in 0.0009532 seconds
Import Error Code:(4)
Message: Build asset version error: assets/scripts/buildingtrianglebuffer.cs in SourceAssetDB has modification time of '2025-07-20T10:16:04.2273426Z' while content on disk has modification time of '2025-07-20T10:16:08.9692787Z'
  ERROR: Build asset version error: assets/scripts/buildingtrianglebuffer.cs in SourceAssetDB has modification time of '2025-07-20T10:16:04.2273426Z' while content on disk has modification time of '2025-07-20T10:16:08.9692787Z'
Number of updated asset objects reloaded before import = 0Number of asset objects unloaded after import = 0

========================================================================
Received Import Request.
  Time since last request: 0.000015 seconds.
  path: Assets/Scripts/BuildingTriangleBuffer.cs
  artifactKey: Guid(0e97bc9d8f29f9b41a5dafd36df52ef1) Importer(815301076,1909f56bfc062723c751e8b465ee728b)
Start importing Assets/Scripts/BuildingTriangleBuffer.cs using Guid(0e97bc9d8f29f9b41a5dafd36df52ef1) Importer(815301076,1909f56bfc062723c751e8b465ee728b) (PreviewImporter) -> (artifact id: '00000000000000000000000000000000') in 0.0010864 seconds
Import Error Code:(4)
Message: Build asset version error: assets/scripts/buildingtrianglebuffer.cs in SourceAssetDB has modification time of '2025-07-20T10:16:04.2273426Z' while content on disk has modification time of '2025-07-20T10:16:08.9692787Z'
  ERROR: Build asset version error: assets/scripts/buildingtrianglebuffer.cs in SourceAssetDB has modification time of '2025-07-20T10:16:04.2273426Z' while content on disk has modification time of '2025-07-20T10:16:08.9692787Z'
Number of updated asset objects reloaded before import = 0Number of asset objects unloaded after import = 0

========================================================================
Received Import Request.
  Time since last request: 0.000019 seconds.
  path: Assets/Scripts/BuildingTriangleBuffer.cs
  artifactKey: Guid(0e97bc9d8f29f9b41a5dafd36df52ef1) Importer(815301076,1909f56bfc062723c751e8b465ee728b)
Start importing Assets/Scripts/BuildingTriangleBuffer.cs using Guid(0e97bc9d8f29f9b41a5dafd36df52ef1) Importer(815301076,1909f56bfc062723c751e8b465ee728b) (PreviewImporter) -> (artifact id: '00000000000000000000000000000000') in 0.0023893 seconds
Import Error Code:(4)
Message: Build asset version error: assets/scripts/buildingtrianglebuffer.cs in SourceAssetDB has modification time of '2025-07-20T10:16:04.2273426Z' while content on disk has modification time of '2025-07-20T10:16:08.9692787Z'
  ERROR: Build asset version error: assets/scripts/buildingtrianglebuffer.cs in SourceAssetDB has modification time of '2025-07-20T10:16:04.2273426Z' while content on disk has modification time of '2025-07-20T10:16:08.9692787Z'
Number of updated asset objects reloaded before import = 0Number of asset objects unloaded after import = 0

========================================================================
Received Import Request.
  Time since last request: 0.000034 seconds.
  path: Assets/Scripts/BuildingTriangleBuffer.cs
  artifactKey: Guid(0e97bc9d8f29f9b41a5dafd36df52ef1) Importer(815301076,1909f56bfc062723c751e8b465ee728b)
Start importing Assets/Scripts/BuildingTriangleBuffer.cs using Guid(0e97bc9d8f29f9b41a5dafd36df52ef1) Importer(815301076,1909f56bfc062723c751e8b465ee728b) (PreviewImporter) -> (artifact id: '00000000000000000000000000000000') in 0.0005188 seconds
Import Error Code:(4)
Message: Build asset version error: assets/scripts/buildingtrianglebuffer.cs in SourceAssetDB has modification time of '2025-07-20T10:16:04.2273426Z' while content on disk has modification time of '2025-07-20T10:16:08.9692787Z'
  ERROR: Build asset version error: assets/scripts/buildingtrianglebuffer.cs in SourceAssetDB has modification time of '2025-07-20T10:16:04.2273426Z' while content on disk has modification time of '2025-07-20T10:16:08.9692787Z'
Number of updated asset objects reloaded before import = 0Number of asset objects unloaded after import = 0

========================================================================
Received Import Request.
  Time since last request: 0.000028 seconds.
  path: Assets/Scripts/BuildingTriangleBuffer.cs
  artifactKey: Guid(0e97bc9d8f29f9b41a5dafd36df52ef1) Importer(815301076,1909f56bfc062723c751e8b465ee728b)
Start importing Assets/Scripts/BuildingTriangleBuffer.cs using Guid(0e97bc9d8f29f9b41a5dafd36df52ef1) Importer(815301076,1909f56bfc062723c751e8b465ee728b) (PreviewImporter) -> (artifact id: '00000000000000000000000000000000') in 0.0006963 seconds
Import Error Code:(4)
Message: Build asset version error: assets/scripts/buildingtrianglebuffer.cs in SourceAssetDB has modification time of '2025-07-20T10:16:04.2273426Z' while content on disk has modification time of '2025-07-20T10:16:08.9692787Z'
  ERROR: Build asset version error: assets/scripts/buildingtrianglebuffer.cs in SourceAssetDB has modification time of '2025-07-20T10:16:04.2273426Z' while content on disk has modification time of '2025-07-20T10:16:08.9692787Z'
Number of updated asset objects reloaded before import = 0Number of asset objects unloaded after import = 0

========================================================================
Received Import Request.
  Time since last request: 0.000015 seconds.
  path: Assets/Scripts/BuildingTriangleBuffer.cs
  artifactKey: Guid(0e97bc9d8f29f9b41a5dafd36df52ef1) Importer(815301076,1909f56bfc062723c751e8b465ee728b)
Start importing Assets/Scripts/BuildingTriangleBuffer.cs using Guid(0e97bc9d8f29f9b41a5dafd36df52ef1) Importer(815301076,1909f56bfc062723c751e8b465ee728b) (PreviewImporter) -> (artifact id: '00000000000000000000000000000000') in 0.0005359 seconds
Import Error Code:(4)
Message: Build asset version error: assets/scripts/buildingtrianglebuffer.cs in SourceAssetDB has modification time of '2025-07-20T10:16:04.2273426Z' while content on disk has modification time of '2025-07-20T10:16:08.9692787Z'
  ERROR: Build asset version error: assets/scripts/buildingtrianglebuffer.cs in SourceAssetDB has modification time of '2025-07-20T10:16:04.2273426Z' while content on disk has modification time of '2025-07-20T10:16:08.9692787Z'
Number of updated asset objects reloaded before import = 0Number of asset objects unloaded after import = 0

========================================================================
Received Import Request.
  Time since last request: 0.000012 seconds.
  path: Assets/Scripts/BuildingTriangleBuffer.cs
  artifactKey: Guid(0e97bc9d8f29f9b41a5dafd36df52ef1) Importer(815301076,1909f56bfc062723c751e8b465ee728b)
Start importing Assets/Scripts/BuildingTriangleBuffer.cs using Guid(0e97bc9d8f29f9b41a5dafd36df52ef1) Importer(815301076,1909f56bfc062723c751e8b465ee728b) (PreviewImporter) -> (artifact id: '00000000000000000000000000000000') in 0.0003951 seconds
Import Error Code:(4)
Message: Build asset version error: assets/scripts/buildingtrianglebuffer.cs in SourceAssetDB has modification time of '2025-07-20T10:16:04.2273426Z' while content on disk has modification time of '2025-07-20T10:16:08.9692787Z'
  ERROR: Build asset version error: assets/scripts/buildingtrianglebuffer.cs in SourceAssetDB has modification time of '2025-07-20T10:16:04.2273426Z' while content on disk has modification time of '2025-07-20T10:16:08.9692787Z'
Number of updated asset objects reloaded before import = 0Number of asset objects unloaded after import = 0

========================================================================
Received Import Request.
  Time since last request: 0.000020 seconds.
  path: Assets/Scripts/BuildingTriangleBuffer.cs
  artifactKey: Guid(0e97bc9d8f29f9b41a5dafd36df52ef1) Importer(815301076,1909f56bfc062723c751e8b465ee728b)
Start importing Assets/Scripts/BuildingTriangleBuffer.cs using Guid(0e97bc9d8f29f9b41a5dafd36df52ef1) Importer(815301076,1909f56bfc062723c751e8b465ee728b) (PreviewImporter) -> (artifact id: '00000000000000000000000000000000') in 0.0006171 seconds
Import Error Code:(4)
Message: Build asset version error: assets/scripts/buildingtrianglebuffer.cs in SourceAssetDB has modification time of '2025-07-20T10:16:04.2273426Z' while content on disk has modification time of '2025-07-20T10:16:08.9692787Z'
  ERROR: Build asset version error: assets/scripts/buildingtrianglebuffer.cs in SourceAssetDB has modification time of '2025-07-20T10:16:04.2273426Z' while content on disk has modification time of '2025-07-20T10:16:08.9692787Z'
Number of updated asset objects reloaded before import = 0Number of asset objects unloaded after import = 0

========================================================================
Received Import Request.
  Time since last request: 0.000025 seconds.
  path: Assets/Scripts/BuildingTriangleBuffer.cs
  artifactKey: Guid(0e97bc9d8f29f9b41a5dafd36df52ef1) Importer(815301076,1909f56bfc062723c751e8b465ee728b)
Start importing Assets/Scripts/BuildingTriangleBuffer.cs using Guid(0e97bc9d8f29f9b41a5dafd36df52ef1) Importer(815301076,1909f56bfc062723c751e8b465ee728b) (PreviewImporter) -> (artifact id: '00000000000000000000000000000000') in 0.0008046 seconds
Import Error Code:(4)
Message: Build asset version error: assets/scripts/buildingtrianglebuffer.cs in SourceAssetDB has modification time of '2025-07-20T10:16:04.2273426Z' while content on disk has modification time of '2025-07-20T10:16:08.9692787Z'
  ERROR: Build asset version error: assets/scripts/buildingtrianglebuffer.cs in SourceAssetDB has modification time of '2025-07-20T10:16:04.2273426Z' while content on disk has modification time of '2025-07-20T10:16:08.9692787Z'
Number of updated asset objects reloaded before import = 0Number of asset objects unloaded after import = 0

========================================================================
Received Import Request.
  Time since last request: 0.000014 seconds.
  path: Assets/Scripts/BuildingTriangleBuffer.cs
  artifactKey: Guid(0e97bc9d8f29f9b41a5dafd36df52ef1) Importer(815301076,1909f56bfc062723c751e8b465ee728b)
Start importing Assets/Scripts/BuildingTriangleBuffer.cs using Guid(0e97bc9d8f29f9b41a5dafd36df52ef1) Importer(815301076,1909f56bfc062723c751e8b465ee728b) (PreviewImporter) -> (artifact id: '00000000000000000000000000000000') in 0.0005774 seconds
Import Error Code:(4)
Message: Build asset version error: assets/scripts/buildingtrianglebuffer.cs in SourceAssetDB has modification time of '2025-07-20T10:16:04.2273426Z' while content on disk has modification time of '2025-07-20T10:16:08.9692787Z'
  ERROR: Build asset version error: assets/scripts/buildingtrianglebuffer.cs in SourceAssetDB has modification time of '2025-07-20T10:16:04.2273426Z' while content on disk has modification time of '2025-07-20T10:16:08.9692787Z'
Number of updated asset objects reloaded before import = 0Number of asset objects unloaded after import = 0

========================================================================
Received Import Request.
  Time since last request: 0.000016 seconds.
  path: Assets/Scripts/BuildingTriangleBuffer.cs
  artifactKey: Guid(0e97bc9d8f29f9b41a5dafd36df52ef1) Importer(815301076,1909f56bfc062723c751e8b465ee728b)
Start importing Assets/Scripts/BuildingTriangleBuffer.cs using Guid(0e97bc9d8f29f9b41a5dafd36df52ef1) Importer(815301076,1909f56bfc062723c751e8b465ee728b) (PreviewImporter) -> (artifact id: '00000000000000000000000000000000') in 0.0006297 seconds
Import Error Code:(4)
Message: Build asset version error: assets/scripts/buildingtrianglebuffer.cs in SourceAssetDB has modification time of '2025-07-20T10:16:04.2273426Z' while content on disk has modification time of '2025-07-20T10:16:08.9692787Z'
  ERROR: Build asset version error: assets/scripts/buildingtrianglebuffer.cs in SourceAssetDB has modification time of '2025-07-20T10:16:04.2273426Z' while content on disk has modification time of '2025-07-20T10:16:08.9692787Z'
Number of updated asset objects reloaded before import = 0Number of asset objects unloaded after import = 0

========================================================================
Received Import Request.
  Time since last request: 0.000025 seconds.
  path: Assets/Scripts/BuildingTriangleBuffer.cs
  artifactKey: Guid(0e97bc9d8f29f9b41a5dafd36df52ef1) Importer(815301076,1909f56bfc062723c751e8b465ee728b)
Start importing Assets/Scripts/BuildingTriangleBuffer.cs using Guid(0e97bc9d8f29f9b41a5dafd36df52ef1) Importer(815301076,1909f56bfc062723c751e8b465ee728b) (PreviewImporter) -> (artifact id: '00000000000000000000000000000000') in 0.000554 seconds
Import Error Code:(4)
Message: Build asset version error: assets/scripts/buildingtrianglebuffer.cs in SourceAssetDB has modification time of '2025-07-20T10:16:04.2273426Z' while content on disk has modification time of '2025-07-20T10:16:08.9692787Z'
  ERROR: Build asset version error: assets/scripts/buildingtrianglebuffer.cs in SourceAssetDB has modification time of '2025-07-20T10:16:04.2273426Z' while content on disk has modification time of '2025-07-20T10:16:08.9692787Z'
Number of updated asset objects reloaded before import = 0Number of asset objects unloaded after import = 0

========================================================================
Received Import Request.
  Time since last request: 0.000017 seconds.
  path: Assets/Scripts/BuildingTriangleBuffer.cs
  artifactKey: Guid(0e97bc9d8f29f9b41a5dafd36df52ef1) Importer(815301076,1909f56bfc062723c751e8b465ee728b)
Start importing Assets/Scripts/BuildingTriangleBuffer.cs using Guid(0e97bc9d8f29f9b41a5dafd36df52ef1) Importer(815301076,1909f56bfc062723c751e8b465ee728b) (PreviewImporter) -> (artifact id: '00000000000000000000000000000000') in 0.0005011 seconds
Import Error Code:(4)
Message: Build asset version error: assets/scripts/buildingtrianglebuffer.cs in SourceAssetDB has modification time of '2025-07-20T10:16:04.2273426Z' while content on disk has modification time of '2025-07-20T10:16:08.9692787Z'
  ERROR: Build asset version error: assets/scripts/buildingtrianglebuffer.cs in SourceAssetDB has modification time of '2025-07-20T10:16:04.2273426Z' while content on disk has modification time of '2025-07-20T10:16:08.9692787Z'
Number of updated asset objects reloaded before import = 0Number of asset objects unloaded after import = 0

========================================================================
Received Import Request.
  Time since last request: 0.000026 seconds.
  path: Assets/Scripts/BuildingTriangleBuffer.cs
  artifactKey: Guid(0e97bc9d8f29f9b41a5dafd36df52ef1) Importer(815301076,1909f56bfc062723c751e8b465ee728b)
Start importing Assets/Scripts/BuildingTriangleBuffer.cs using Guid(0e97bc9d8f29f9b41a5dafd36df52ef1) Importer(815301076,1909f56bfc062723c751e8b465ee728b) (PreviewImporter) -> (artifact id: '00000000000000000000000000000000') in 0.0006286 seconds
Import Error Code:(4)
Message: Build asset version error: assets/scripts/buildingtrianglebuffer.cs in SourceAssetDB has modification time of '2025-07-20T10:16:04.2273426Z' while content on disk has modification time of '2025-07-20T10:16:08.9692787Z'
  ERROR: Build asset version error: assets/scripts/buildingtrianglebuffer.cs in SourceAssetDB has modification time of '2025-07-20T10:16:04.2273426Z' while content on disk has modification time of '2025-07-20T10:16:08.9692787Z'
Number of updated asset objects reloaded before import = 0Number of asset objects unloaded after import = 0

========================================================================
Received Import Request.
  Time since last request: 0.000015 seconds.
  path: Assets/Scripts/BuildingTriangleBuffer.cs
  artifactKey: Guid(0e97bc9d8f29f9b41a5dafd36df52ef1) Importer(815301076,1909f56bfc062723c751e8b465ee728b)
Start importing Assets/Scripts/BuildingTriangleBuffer.cs using Guid(0e97bc9d8f29f9b41a5dafd36df52ef1) Importer(815301076,1909f56bfc062723c751e8b465ee728b) (PreviewImporter) -> (artifact id: '00000000000000000000000000000000') in 0.0007228 seconds
Import Error Code:(4)
Message: Build asset version error: assets/scripts/buildingtrianglebuffer.cs in SourceAssetDB has modification time of '2025-07-20T10:16:04.2273426Z' while content on disk has modification time of '2025-07-20T10:16:08.9692787Z'
  ERROR: Build asset version error: assets/scripts/buildingtrianglebuffer.cs in SourceAssetDB has modification time of '2025-07-20T10:16:04.2273426Z' while content on disk has modification time of '2025-07-20T10:16:08.9692787Z'
Number of updated asset objects reloaded before import = 0Number of asset objects unloaded after import = 0

========================================================================
Received Import Request.
  Time since last request: 0.000015 seconds.
  path: Assets/Scripts/BuildingTriangleBuffer.cs
  artifactKey: Guid(0e97bc9d8f29f9b41a5dafd36df52ef1) Importer(815301076,1909f56bfc062723c751e8b465ee728b)
Start importing Assets/Scripts/BuildingTriangleBuffer.cs using Guid(0e97bc9d8f29f9b41a5dafd36df52ef1) Importer(815301076,1909f56bfc062723c751e8b465ee728b) (PreviewImporter) -> (artifact id: '00000000000000000000000000000000') in 0.0006133 seconds
Import Error Code:(4)
Message: Build asset version error: assets/scripts/buildingtrianglebuffer.cs in SourceAssetDB has modification time of '2025-07-20T10:16:04.2273426Z' while content on disk has modification time of '2025-07-20T10:16:08.9692787Z'
  ERROR: Build asset version error: assets/scripts/buildingtrianglebuffer.cs in SourceAssetDB has modification time of '2025-07-20T10:16:04.2273426Z' while content on disk has modification time of '2025-07-20T10:16:08.9692787Z'
Number of updated asset objects reloaded before import = 0Number of asset objects unloaded after import = 0

========================================================================
Received Import Request.
  Time since last request: 0.000019 seconds.
  path: Assets/Scripts/BuildingTriangleBuffer.cs
  artifactKey: Guid(0e97bc9d8f29f9b41a5dafd36df52ef1) Importer(815301076,1909f56bfc062723c751e8b465ee728b)
Start importing Assets/Scripts/BuildingTriangleBuffer.cs using Guid(0e97bc9d8f29f9b41a5dafd36df52ef1) Importer(815301076,1909f56bfc062723c751e8b465ee728b) (PreviewImporter) -> (artifact id: '00000000000000000000000000000000') in 0.000578 seconds
Import Error Code:(4)
Message: Build asset version error: assets/scripts/buildingtrianglebuffer.cs in SourceAssetDB has modification time of '2025-07-20T10:16:04.2273426Z' while content on disk has modification time of '2025-07-20T10:16:08.9692787Z'
  ERROR: Build asset version error: assets/scripts/buildingtrianglebuffer.cs in SourceAssetDB has modification time of '2025-07-20T10:16:04.2273426Z' while content on disk has modification time of '2025-07-20T10:16:08.9692787Z'
Number of updated asset objects reloaded before import = 0Number of asset objects unloaded after import = 0

========================================================================
Received Import Request.
  Time since last request: 0.000034 seconds.
  path: Assets/Scripts/BuildingTriangleBuffer.cs
  artifactKey: Guid(0e97bc9d8f29f9b41a5dafd36df52ef1) Importer(815301076,1909f56bfc062723c751e8b465ee728b)
Start importing Assets/Scripts/BuildingTriangleBuffer.cs using Guid(0e97bc9d8f29f9b41a5dafd36df52ef1) Importer(815301076,1909f56bfc062723c751e8b465ee728b) (PreviewImporter) -> (artifact id: '00000000000000000000000000000000') in 0.000861 seconds
Import Error Code:(4)
Message: Build asset version error: assets/scripts/buildingtrianglebuffer.cs in SourceAssetDB has modification time of '2025-07-20T10:16:04.2273426Z' while content on disk has modification time of '2025-07-20T10:16:08.9692787Z'
  ERROR: Build asset version error: assets/scripts/buildingtrianglebuffer.cs in SourceAssetDB has modification time of '2025-07-20T10:16:04.2273426Z' while content on disk has modification time of '2025-07-20T10:16:08.9692787Z'
Number of updated asset objects reloaded before import = 0Number of asset objects unloaded after import = 0

========================================================================
Received Import Request.
  Time since last request: 0.000028 seconds.
  path: Assets/Scripts/BuildingTriangleBuffer.cs
  artifactKey: Guid(0e97bc9d8f29f9b41a5dafd36df52ef1) Importer(815301076,1909f56bfc062723c751e8b465ee728b)
Start importing Assets/Scripts/BuildingTriangleBuffer.cs using Guid(0e97bc9d8f29f9b41a5dafd36df52ef1) Importer(815301076,1909f56bfc062723c751e8b465ee728b) (PreviewImporter) -> (artifact id: '00000000000000000000000000000000') in 0.0008105 seconds
Import Error Code:(4)
Message: Build asset version error: assets/scripts/buildingtrianglebuffer.cs in SourceAssetDB has modification time of '2025-07-20T10:16:04.2273426Z' while content on disk has modification time of '2025-07-20T10:16:08.9692787Z'
  ERROR: Build asset version error: assets/scripts/buildingtrianglebuffer.cs in SourceAssetDB has modification time of '2025-07-20T10:16:04.2273426Z' while content on disk has modification time of '2025-07-20T10:16:08.9692787Z'
Number of updated asset objects reloaded before import = 0Number of asset objects unloaded after import = 0

========================================================================
Received Import Request.
  Time since last request: 0.000016 seconds.
  path: Assets/Scripts/BuildingTriangleBuffer.cs
  artifactKey: Guid(0e97bc9d8f29f9b41a5dafd36df52ef1) Importer(815301076,1909f56bfc062723c751e8b465ee728b)
Start importing Assets/Scripts/BuildingTriangleBuffer.cs using Guid(0e97bc9d8f29f9b41a5dafd36df52ef1) Importer(815301076,1909f56bfc062723c751e8b465ee728b) (PreviewImporter) -> (artifact id: '00000000000000000000000000000000') in 0.0006355 seconds
Import Error Code:(4)
Message: Build asset version error: assets/scripts/buildingtrianglebuffer.cs in SourceAssetDB has modification time of '2025-07-20T10:16:04.2273426Z' while content on disk has modification time of '2025-07-20T10:16:08.9692787Z'
  ERROR: Build asset version error: assets/scripts/buildingtrianglebuffer.cs in SourceAssetDB has modification time of '2025-07-20T10:16:04.2273426Z' while content on disk has modification time of '2025-07-20T10:16:08.9692787Z'
Number of updated asset objects reloaded before import = 0Number of asset objects unloaded after import = 0

========================================================================
Received Import Request.
  Time since last request: 0.000015 seconds.
  path: Assets/Scripts/BuildingTriangleBuffer.cs
  artifactKey: Guid(0e97bc9d8f29f9b41a5dafd36df52ef1) Importer(815301076,1909f56bfc062723c751e8b465ee728b)
Start importing Assets/Scripts/BuildingTriangleBuffer.cs using Guid(0e97bc9d8f29f9b41a5dafd36df52ef1) Importer(815301076,1909f56bfc062723c751e8b465ee728b) (PreviewImporter) -> (artifact id: '00000000000000000000000000000000') in 0.0010129 seconds
Import Error Code:(4)
Message: Build asset version error: assets/scripts/buildingtrianglebuffer.cs in SourceAssetDB has modification time of '2025-07-20T10:16:04.2273426Z' while content on disk has modification time of '2025-07-20T10:16:08.9692787Z'
  ERROR: Build asset version error: assets/scripts/buildingtrianglebuffer.cs in SourceAssetDB has modification time of '2025-07-20T10:16:04.2273426Z' while content on disk has modification time of '2025-07-20T10:16:08.9692787Z'
Number of updated asset objects reloaded before import = 0Number of asset objects unloaded after import = 0

========================================================================
Received Import Request.
  Time since last request: 0.000069 seconds.
  path: Assets/Scripts/BuildingTriangleBuffer.cs
  artifactKey: Guid(0e97bc9d8f29f9b41a5dafd36df52ef1) Importer(815301076,1909f56bfc062723c751e8b465ee728b)
Start importing Assets/Scripts/BuildingTriangleBuffer.cs using Guid(0e97bc9d8f29f9b41a5dafd36df52ef1) Importer(815301076,1909f56bfc062723c751e8b465ee728b) (PreviewImporter) -> (artifact id: '00000000000000000000000000000000') in 0.0007371 seconds
Import Error Code:(4)
Message: Build asset version error: assets/scripts/buildingtrianglebuffer.cs in SourceAssetDB has modification time of '2025-07-20T10:16:04.2273426Z' while content on disk has modification time of '2025-07-20T10:16:08.9692787Z'
  ERROR: Build asset version error: assets/scripts/buildingtrianglebuffer.cs in SourceAssetDB has modification time of '2025-07-20T10:16:04.2273426Z' while content on disk has modification time of '2025-07-20T10:16:08.9692787Z'
Number of updated asset objects reloaded before import = 0Number of asset objects unloaded after import = 0

========================================================================
Received Import Request.
  Time since last request: 0.000019 seconds.
  path: Assets/Scripts/BuildingTriangleBuffer.cs
  artifactKey: Guid(0e97bc9d8f29f9b41a5dafd36df52ef1) Importer(815301076,1909f56bfc062723c751e8b465ee728b)
Start importing Assets/Scripts/BuildingTriangleBuffer.cs using Guid(0e97bc9d8f29f9b41a5dafd36df52ef1) Importer(815301076,1909f56bfc062723c751e8b465ee728b) (PreviewImporter) -> (artifact id: '00000000000000000000000000000000') in 0.0007779 seconds
Import Error Code:(4)
Message: Build asset version error: assets/scripts/buildingtrianglebuffer.cs in SourceAssetDB has modification time of '2025-07-20T10:16:04.2273426Z' while content on disk has modification time of '2025-07-20T10:16:08.9692787Z'
  ERROR: Build asset version error: assets/scripts/buildingtrianglebuffer.cs in SourceAssetDB has modification time of '2025-07-20T10:16:04.2273426Z' while content on disk has modification time of '2025-07-20T10:16:08.9692787Z'
Number of updated asset objects reloaded before import = 0Number of asset objects unloaded after import = 0

========================================================================
Received Import Request.
  Time since last request: 0.000025 seconds.
  path: Assets/Scripts/BuildingTriangleBuffer.cs
  artifactKey: Guid(0e97bc9d8f29f9b41a5dafd36df52ef1) Importer(815301076,1909f56bfc062723c751e8b465ee728b)
Start importing Assets/Scripts/BuildingTriangleBuffer.cs using Guid(0e97bc9d8f29f9b41a5dafd36df52ef1) Importer(815301076,1909f56bfc062723c751e8b465ee728b) (PreviewImporter) -> (artifact id: '00000000000000000000000000000000') in 0.000876 seconds
Import Error Code:(4)
Message: Build asset version error: assets/scripts/buildingtrianglebuffer.cs in SourceAssetDB has modification time of '2025-07-20T10:16:04.2273426Z' while content on disk has modification time of '2025-07-20T10:16:08.9692787Z'
  ERROR: Build asset version error: assets/scripts/buildingtrianglebuffer.cs in SourceAssetDB has modification time of '2025-07-20T10:16:04.2273426Z' while content on disk has modification time of '2025-07-20T10:16:08.9692787Z'
Number of updated asset objects reloaded before import = 0Number of asset objects unloaded after import = 0

========================================================================
Received Import Request.
  Time since last request: 0.000015 seconds.
  path: Assets/Scripts/BuildingTriangleBuffer.cs
  artifactKey: Guid(0e97bc9d8f29f9b41a5dafd36df52ef1) Importer(815301076,1909f56bfc062723c751e8b465ee728b)
Start importing Assets/Scripts/BuildingTriangleBuffer.cs using Guid(0e97bc9d8f29f9b41a5dafd36df52ef1) Importer(815301076,1909f56bfc062723c751e8b465ee728b) (PreviewImporter) -> (artifact id: '00000000000000000000000000000000') in 0.0012248 seconds
Import Error Code:(4)
Message: Build asset version error: assets/scripts/buildingtrianglebuffer.cs in SourceAssetDB has modification time of '2025-07-20T10:16:04.2273426Z' while content on disk has modification time of '2025-07-20T10:16:08.9692787Z'
  ERROR: Build asset version error: assets/scripts/buildingtrianglebuffer.cs in SourceAssetDB has modification time of '2025-07-20T10:16:04.2273426Z' while content on disk has modification time of '2025-07-20T10:16:08.9692787Z'
Number of updated asset objects reloaded before import = 0Number of asset objects unloaded after import = 0

========================================================================
Received Import Request.
  Time since last request: 0.000026 seconds.
  path: Assets/Scripts/BuildingTriangleBuffer.cs
  artifactKey: Guid(0e97bc9d8f29f9b41a5dafd36df52ef1) Importer(815301076,1909f56bfc062723c751e8b465ee728b)
Start importing Assets/Scripts/BuildingTriangleBuffer.cs using Guid(0e97bc9d8f29f9b41a5dafd36df52ef1) Importer(815301076,1909f56bfc062723c751e8b465ee728b) (PreviewImporter) -> (artifact id: '00000000000000000000000000000000') in 0.0009666 seconds
Import Error Code:(4)
Message: Build asset version error: assets/scripts/buildingtrianglebuffer.cs in SourceAssetDB has modification time of '2025-07-20T10:16:04.2273426Z' while content on disk has modification time of '2025-07-20T10:16:08.9692787Z'
  ERROR: Build asset version error: assets/scripts/buildingtrianglebuffer.cs in SourceAssetDB has modification time of '2025-07-20T10:16:04.2273426Z' while content on disk has modification time of '2025-07-20T10:16:08.9692787Z'
Number of updated asset objects reloaded before import = 0Number of asset objects unloaded after import = 0

========================================================================
Received Import Request.
  Time since last request: 0.000027 seconds.
  path: Assets/Scripts/BuildingTriangleBuffer.cs
  artifactKey: Guid(0e97bc9d8f29f9b41a5dafd36df52ef1) Importer(815301076,1909f56bfc062723c751e8b465ee728b)
Start importing Assets/Scripts/BuildingTriangleBuffer.cs using Guid(0e97bc9d8f29f9b41a5dafd36df52ef1) Importer(815301076,1909f56bfc062723c751e8b465ee728b) (PreviewImporter) -> (artifact id: '00000000000000000000000000000000') in 0.0012239 seconds
Import Error Code:(4)
Message: Build asset version error: assets/scripts/buildingtrianglebuffer.cs in SourceAssetDB has modification time of '2025-07-20T10:16:04.2273426Z' while content on disk has modification time of '2025-07-20T10:16:08.9692787Z'
  ERROR: Build asset version error: assets/scripts/buildingtrianglebuffer.cs in SourceAssetDB has modification time of '2025-07-20T10:16:04.2273426Z' while content on disk has modification time of '2025-07-20T10:16:08.9692787Z'
Number of updated asset objects reloaded before import = 0Number of asset objects unloaded after import = 0

========================================================================
Received Import Request.
  Time since last request: 0.000019 seconds.
  path: Assets/Scripts/BuildingTriangleBuffer.cs
  artifactKey: Guid(0e97bc9d8f29f9b41a5dafd36df52ef1) Importer(815301076,1909f56bfc062723c751e8b465ee728b)
Start importing Assets/Scripts/BuildingTriangleBuffer.cs using Guid(0e97bc9d8f29f9b41a5dafd36df52ef1) Importer(815301076,1909f56bfc062723c751e8b465ee728b) (PreviewImporter) -> (artifact id: '00000000000000000000000000000000') in 0.0006484 seconds
Import Error Code:(4)
Message: Build asset version error: assets/scripts/buildingtrianglebuffer.cs in SourceAssetDB has modification time of '2025-07-20T10:16:04.2273426Z' while content on disk has modification time of '2025-07-20T10:16:08.9692787Z'
  ERROR: Build asset version error: assets/scripts/buildingtrianglebuffer.cs in SourceAssetDB has modification time of '2025-07-20T10:16:04.2273426Z' while content on disk has modification time of '2025-07-20T10:16:08.9692787Z'
Number of updated asset objects reloaded before import = 0Number of asset objects unloaded after import = 0

========================================================================
Received Import Request.
  Time since last request: 0.000025 seconds.
  path: Assets/Scripts/BuildingTriangleBuffer.cs
  artifactKey: Guid(0e97bc9d8f29f9b41a5dafd36df52ef1) Importer(815301076,1909f56bfc062723c751e8b465ee728b)
Start importing Assets/Scripts/BuildingTriangleBuffer.cs using Guid(0e97bc9d8f29f9b41a5dafd36df52ef1) Importer(815301076,1909f56bfc062723c751e8b465ee728b) (PreviewImporter) -> (artifact id: '00000000000000000000000000000000') in 0.000653 seconds
Import Error Code:(4)
Message: Build asset version error: assets/scripts/buildingtrianglebuffer.cs in SourceAssetDB has modification time of '2025-07-20T10:16:04.2273426Z' while content on disk has modification time of '2025-07-20T10:16:08.9692787Z'
  ERROR: Build asset version error: assets/scripts/buildingtrianglebuffer.cs in SourceAssetDB has modification time of '2025-07-20T10:16:04.2273426Z' while content on disk has modification time of '2025-07-20T10:16:08.9692787Z'
Number of updated asset objects reloaded before import = 0Number of asset objects unloaded after import = 0

========================================================================
Received Import Request.
  Time since last request: 0.000016 seconds.
  path: Assets/Scripts/BuildingTriangleBuffer.cs
  artifactKey: Guid(0e97bc9d8f29f9b41a5dafd36df52ef1) Importer(815301076,1909f56bfc062723c751e8b465ee728b)
Start importing Assets/Scripts/BuildingTriangleBuffer.cs using Guid(0e97bc9d8f29f9b41a5dafd36df52ef1) Importer(815301076,1909f56bfc062723c751e8b465ee728b) (PreviewImporter) -> (artifact id: '00000000000000000000000000000000') in 0.0005757 seconds
Import Error Code:(4)
Message: Build asset version error: assets/scripts/buildingtrianglebuffer.cs in SourceAssetDB has modification time of '2025-07-20T10:16:04.2273426Z' while content on disk has modification time of '2025-07-20T10:16:08.9692787Z'
  ERROR: Build asset version error: assets/scripts/buildingtrianglebuffer.cs in SourceAssetDB has modification time of '2025-07-20T10:16:04.2273426Z' while content on disk has modification time of '2025-07-20T10:16:08.9692787Z'
Number of updated asset objects reloaded before import = 0Number of asset objects unloaded after import = 0

========================================================================
Received Import Request.
  Time since last request: 0.000015 seconds.
  path: Assets/Scripts/BuildingTriangleBuffer.cs
  artifactKey: Guid(0e97bc9d8f29f9b41a5dafd36df52ef1) Importer(815301076,1909f56bfc062723c751e8b465ee728b)
Start importing Assets/Scripts/BuildingTriangleBuffer.cs using Guid(0e97bc9d8f29f9b41a5dafd36df52ef1) Importer(815301076,1909f56bfc062723c751e8b465ee728b) (PreviewImporter) -> (artifact id: '00000000000000000000000000000000') in 0.0010716 seconds
Import Error Code:(4)
Message: Build asset version error: assets/scripts/buildingtrianglebuffer.cs in SourceAssetDB has modification time of '2025-07-20T10:16:04.2273426Z' while content on disk has modification time of '2025-07-20T10:16:08.9692787Z'
  ERROR: Build asset version error: assets/scripts/buildingtrianglebuffer.cs in SourceAssetDB has modification time of '2025-07-20T10:16:04.2273426Z' while content on disk has modification time of '2025-07-20T10:16:08.9692787Z'
Number of updated asset objects reloaded before import = 0Number of asset objects unloaded after import = 0

========================================================================
Received Import Request.
  Time since last request: 0.000015 seconds.
  path: Assets/Scripts/BuildingTriangleBuffer.cs
  artifactKey: Guid(0e97bc9d8f29f9b41a5dafd36df52ef1) Importer(815301076,1909f56bfc062723c751e8b465ee728b)
Start importing Assets/Scripts/BuildingTriangleBuffer.cs using Guid(0e97bc9d8f29f9b41a5dafd36df52ef1) Importer(815301076,1909f56bfc062723c751e8b465ee728b) (PreviewImporter) -> (artifact id: '00000000000000000000000000000000') in 0.0006084 seconds
Import Error Code:(4)
Message: Build asset version error: assets/scripts/buildingtrianglebuffer.cs in SourceAssetDB has modification time of '2025-07-20T10:16:04.2273426Z' while content on disk has modification time of '2025-07-20T10:16:08.9692787Z'
  ERROR: Build asset version error: assets/scripts/buildingtrianglebuffer.cs in SourceAssetDB has modification time of '2025-07-20T10:16:04.2273426Z' while content on disk has modification time of '2025-07-20T10:16:08.9692787Z'
Number of updated asset objects reloaded before import = 0Number of asset objects unloaded after import = 0

========================================================================
Received Import Request.
  Time since last request: 0.000017 seconds.
  path: Assets/Scripts/BuildingTriangleBuffer.cs
  artifactKey: Guid(0e97bc9d8f29f9b41a5dafd36df52ef1) Importer(815301076,1909f56bfc062723c751e8b465ee728b)
Start importing Assets/Scripts/BuildingTriangleBuffer.cs using Guid(0e97bc9d8f29f9b41a5dafd36df52ef1) Importer(815301076,1909f56bfc062723c751e8b465ee728b) (PreviewImporter) -> (artifact id: '00000000000000000000000000000000') in 0.0010552 seconds
Import Error Code:(4)
Message: Build asset version error: assets/scripts/buildingtrianglebuffer.cs in SourceAssetDB has modification time of '2025-07-20T10:16:04.2273426Z' while content on disk has modification time of '2025-07-20T10:16:08.9692787Z'
  ERROR: Build asset version error: assets/scripts/buildingtrianglebuffer.cs in SourceAssetDB has modification time of '2025-07-20T10:16:04.2273426Z' while content on disk has modification time of '2025-07-20T10:16:08.9692787Z'
Number of updated asset objects reloaded before import = 0Number of asset objects unloaded after import = 0

========================================================================
Received Import Request.
  Time since last request: 0.000041 seconds.
  path: Assets/Scripts/BuildingTriangleBuffer.cs
  artifactKey: Guid(0e97bc9d8f29f9b41a5dafd36df52ef1) Importer(815301076,1909f56bfc062723c751e8b465ee728b)
Start importing Assets/Scripts/BuildingTriangleBuffer.cs using Guid(0e97bc9d8f29f9b41a5dafd36df52ef1) Importer(815301076,1909f56bfc062723c751e8b465ee728b) (PreviewImporter) -> (artifact id: '00000000000000000000000000000000') in 0.0006392 seconds
Import Error Code:(4)
Message: Build asset version error: assets/scripts/buildingtrianglebuffer.cs in SourceAssetDB has modification time of '2025-07-20T10:16:04.2273426Z' while content on disk has modification time of '2025-07-20T10:16:08.9692787Z'
  ERROR: Build asset version error: assets/scripts/buildingtrianglebuffer.cs in SourceAssetDB has modification time of '2025-07-20T10:16:04.2273426Z' while content on disk has modification time of '2025-07-20T10:16:08.9692787Z'
Number of updated asset objects reloaded before import = 0Number of asset objects unloaded after import = 0

========================================================================
Received Import Request.
  Time since last request: 0.000030 seconds.
  path: Assets/Scripts/BuildingTriangleBuffer.cs
  artifactKey: Guid(0e97bc9d8f29f9b41a5dafd36df52ef1) Importer(815301076,1909f56bfc062723c751e8b465ee728b)
Start importing Assets/Scripts/BuildingTriangleBuffer.cs using Guid(0e97bc9d8f29f9b41a5dafd36df52ef1) Importer(815301076,1909f56bfc062723c751e8b465ee728b) (PreviewImporter) -> (artifact id: '00000000000000000000000000000000') in 0.0005065 seconds
Import Error Code:(4)
Message: Build asset version error: assets/scripts/buildingtrianglebuffer.cs in SourceAssetDB has modification time of '2025-07-20T10:16:04.2273426Z' while content on disk has modification time of '2025-07-20T10:16:08.9692787Z'
  ERROR: Build asset version error: assets/scripts/buildingtrianglebuffer.cs in SourceAssetDB has modification time of '2025-07-20T10:16:04.2273426Z' while content on disk has modification time of '2025-07-20T10:16:08.9692787Z'
Number of updated asset objects reloaded before import = 0Number of asset objects unloaded after import = 0

========================================================================
Received Import Request.
  Time since last request: 0.000015 seconds.
  path: Assets/Scripts/BuildingTriangleBuffer.cs
  artifactKey: Guid(0e97bc9d8f29f9b41a5dafd36df52ef1) Importer(815301076,1909f56bfc062723c751e8b465ee728b)
Start importing Assets/Scripts/BuildingTriangleBuffer.cs using Guid(0e97bc9d8f29f9b41a5dafd36df52ef1) Importer(815301076,1909f56bfc062723c751e8b465ee728b) (PreviewImporter) -> (artifact id: '00000000000000000000000000000000') in 0.000868 seconds
Import Error Code:(4)
Message: Build asset version error: assets/scripts/buildingtrianglebuffer.cs in SourceAssetDB has modification time of '2025-07-20T10:16:04.2273426Z' while content on disk has modification time of '2025-07-20T10:16:08.9692787Z'
  ERROR: Build asset version error: assets/scripts/buildingtrianglebuffer.cs in SourceAssetDB has modification time of '2025-07-20T10:16:04.2273426Z' while content on disk has modification time of '2025-07-20T10:16:08.9692787Z'
Number of updated asset objects reloaded before import = 0Number of asset objects unloaded after import = 0

========================================================================
Received Import Request.
  Time since last request: 0.000025 seconds.
  path: Assets/Scripts/BuildingTriangleBuffer.cs
  artifactKey: Guid(0e97bc9d8f29f9b41a5dafd36df52ef1) Importer(815301076,1909f56bfc062723c751e8b465ee728b)
Start importing Assets/Scripts/BuildingTriangleBuffer.cs using Guid(0e97bc9d8f29f9b41a5dafd36df52ef1) Importer(815301076,1909f56bfc062723c751e8b465ee728b) (PreviewImporter) -> (artifact id: '00000000000000000000000000000000') in 0.0006146 seconds
Import Error Code:(4)
Message: Build asset version error: assets/scripts/buildingtrianglebuffer.cs in SourceAssetDB has modification time of '2025-07-20T10:16:04.2273426Z' while content on disk has modification time of '2025-07-20T10:16:08.9692787Z'
  ERROR: Build asset version error: assets/scripts/buildingtrianglebuffer.cs in SourceAssetDB has modification time of '2025-07-20T10:16:04.2273426Z' while content on disk has modification time of '2025-07-20T10:16:08.9692787Z'
Number of updated asset objects reloaded before import = 0Number of asset objects unloaded after import = 0

========================================================================
Received Import Request.
  Time since last request: 0.000014 seconds.
  path: Assets/Scripts/BuildingTriangleBuffer.cs
  artifactKey: Guid(0e97bc9d8f29f9b41a5dafd36df52ef1) Importer(815301076,1909f56bfc062723c751e8b465ee728b)
Start importing Assets/Scripts/BuildingTriangleBuffer.cs using Guid(0e97bc9d8f29f9b41a5dafd36df52ef1) Importer(815301076,1909f56bfc062723c751e8b465ee728b) (PreviewImporter) -> (artifact id: '00000000000000000000000000000000') in 0.0006176 seconds
Import Error Code:(4)
Message: Build asset version error: assets/scripts/buildingtrianglebuffer.cs in SourceAssetDB has modification time of '2025-07-20T10:16:04.2273426Z' while content on disk has modification time of '2025-07-20T10:16:08.9692787Z'
  ERROR: Build asset version error: assets/scripts/buildingtrianglebuffer.cs in SourceAssetDB has modification time of '2025-07-20T10:16:04.2273426Z' while content on disk has modification time of '2025-07-20T10:16:08.9692787Z'
Number of updated asset objects reloaded before import = 0Number of asset objects unloaded after import = 0

========================================================================
Received Import Request.
  Time since last request: 0.000099 seconds.
  path: Assets/Scripts/BuildingTriangleBuffer.cs
  artifactKey: Guid(0e97bc9d8f29f9b41a5dafd36df52ef1) Importer(815301076,1909f56bfc062723c751e8b465ee728b)
Start importing Assets/Scripts/BuildingTriangleBuffer.cs using Guid(0e97bc9d8f29f9b41a5dafd36df52ef1) Importer(815301076,1909f56bfc062723c751e8b465ee728b) (PreviewImporter) -> (artifact id: '00000000000000000000000000000000') in 0.0005151 seconds
Import Error Code:(4)
Message: Build asset version error: assets/scripts/buildingtrianglebuffer.cs in SourceAssetDB has modification time of '2025-07-20T10:16:04.2273426Z' while content on disk has modification time of '2025-07-20T10:16:08.9692787Z'
  ERROR: Build asset version error: assets/scripts/buildingtrianglebuffer.cs in SourceAssetDB has modification time of '2025-07-20T10:16:04.2273426Z' while content on disk has modification time of '2025-07-20T10:16:08.9692787Z'
Number of updated asset objects reloaded before import = 0Number of asset objects unloaded after import = 0

========================================================================
Received Import Request.
  Time since last request: 0.000027 seconds.
  path: Assets/Scripts/BuildingTriangleBuffer.cs
  artifactKey: Guid(0e97bc9d8f29f9b41a5dafd36df52ef1) Importer(815301076,1909f56bfc062723c751e8b465ee728b)
Start importing Assets/Scripts/BuildingTriangleBuffer.cs using Guid(0e97bc9d8f29f9b41a5dafd36df52ef1) Importer(815301076,1909f56bfc062723c751e8b465ee728b) (PreviewImporter) -> (artifact id: '00000000000000000000000000000000') in 0.000643 seconds
Import Error Code:(4)
Message: Build asset version error: assets/scripts/buildingtrianglebuffer.cs in SourceAssetDB has modification time of '2025-07-20T10:16:04.2273426Z' while content on disk has modification time of '2025-07-20T10:16:08.9692787Z'
  ERROR: Build asset version error: assets/scripts/buildingtrianglebuffer.cs in SourceAssetDB has modification time of '2025-07-20T10:16:04.2273426Z' while content on disk has modification time of '2025-07-20T10:16:08.9692787Z'
Number of updated asset objects reloaded before import = 0Number of asset objects unloaded after import = 0

========================================================================
Received Import Request.
  Time since last request: 0.000015 seconds.
  path: Assets/Scripts/BuildingTriangleBuffer.cs
  artifactKey: Guid(0e97bc9d8f29f9b41a5dafd36df52ef1) Importer(815301076,1909f56bfc062723c751e8b465ee728b)
Start importing Assets/Scripts/BuildingTriangleBuffer.cs using Guid(0e97bc9d8f29f9b41a5dafd36df52ef1) Importer(815301076,1909f56bfc062723c751e8b465ee728b) (PreviewImporter) -> (artifact id: '00000000000000000000000000000000') in 0.0004863 seconds
Import Error Code:(4)
Message: Build asset version error: assets/scripts/buildingtrianglebuffer.cs in SourceAssetDB has modification time of '2025-07-20T10:16:04.2273426Z' while content on disk has modification time of '2025-07-20T10:16:08.9692787Z'
  ERROR: Build asset version error: assets/scripts/buildingtrianglebuffer.cs in SourceAssetDB has modification time of '2025-07-20T10:16:04.2273426Z' while content on disk has modification time of '2025-07-20T10:16:08.9692787Z'
Number of updated asset objects reloaded before import = 0Number of asset objects unloaded after import = 0

========================================================================
Received Import Request.
  Time since last request: 0.000016 seconds.
  path: Assets/Scripts/BuildingTriangleBuffer.cs
  artifactKey: Guid(0e97bc9d8f29f9b41a5dafd36df52ef1) Importer(815301076,1909f56bfc062723c751e8b465ee728b)
Start importing Assets/Scripts/BuildingTriangleBuffer.cs using Guid(0e97bc9d8f29f9b41a5dafd36df52ef1) Importer(815301076,1909f56bfc062723c751e8b465ee728b) (PreviewImporter) -> (artifact id: '00000000000000000000000000000000') in 0.0006368 seconds
Import Error Code:(4)
Message: Build asset version error: assets/scripts/buildingtrianglebuffer.cs in SourceAssetDB has modification time of '2025-07-20T10:16:04.2273426Z' while content on disk has modification time of '2025-07-20T10:16:08.9692787Z'
  ERROR: Build asset version error: assets/scripts/buildingtrianglebuffer.cs in SourceAssetDB has modification time of '2025-07-20T10:16:04.2273426Z' while content on disk has modification time of '2025-07-20T10:16:08.9692787Z'
Number of updated asset objects reloaded before import = 0Number of asset objects unloaded after import = 0

========================================================================
Received Import Request.
  Time since last request: 0.000017 seconds.
  path: Assets/Scripts/BuildingTriangleBuffer.cs
  artifactKey: Guid(0e97bc9d8f29f9b41a5dafd36df52ef1) Importer(815301076,1909f56bfc062723c751e8b465ee728b)
Start importing Assets/Scripts/BuildingTriangleBuffer.cs using Guid(0e97bc9d8f29f9b41a5dafd36df52ef1) Importer(815301076,1909f56bfc062723c751e8b465ee728b) (PreviewImporter) -> (artifact id: '00000000000000000000000000000000') in 0.0012344 seconds
Import Error Code:(4)
Message: Build asset version error: assets/scripts/buildingtrianglebuffer.cs in SourceAssetDB has modification time of '2025-07-20T10:16:04.2273426Z' while content on disk has modification time of '2025-07-20T10:16:08.9692787Z'
  ERROR: Build asset version error: assets/scripts/buildingtrianglebuffer.cs in SourceAssetDB has modification time of '2025-07-20T10:16:04.2273426Z' while content on disk has modification time of '2025-07-20T10:16:08.9692787Z'
Number of updated asset objects reloaded before import = 0Number of asset objects unloaded after import = 0

========================================================================
Received Import Request.
  Time since last request: 0.000032 seconds.
  path: Assets/Scripts/BuildingTriangleBuffer.cs
  artifactKey: Guid(0e97bc9d8f29f9b41a5dafd36df52ef1) Importer(815301076,1909f56bfc062723c751e8b465ee728b)
Start importing Assets/Scripts/BuildingTriangleBuffer.cs using Guid(0e97bc9d8f29f9b41a5dafd36df52ef1) Importer(815301076,1909f56bfc062723c751e8b465ee728b) (PreviewImporter) -> (artifact id: '00000000000000000000000000000000') in 0.0005724 seconds
Import Error Code:(4)
Message: Build asset version error: assets/scripts/buildingtrianglebuffer.cs in SourceAssetDB has modification time of '2025-07-20T10:16:04.2273426Z' while content on disk has modification time of '2025-07-20T10:16:08.9692787Z'
  ERROR: Build asset version error: assets/scripts/buildingtrianglebuffer.cs in SourceAssetDB has modification time of '2025-07-20T10:16:04.2273426Z' while content on disk has modification time of '2025-07-20T10:16:08.9692787Z'
Number of updated asset objects reloaded before import = 0Number of asset objects unloaded after import = 0

========================================================================
Received Import Request.
  Time since last request: 0.000016 seconds.
  path: Assets/Scripts/BuildingTriangleBuffer.cs
  artifactKey: Guid(0e97bc9d8f29f9b41a5dafd36df52ef1) Importer(815301076,1909f56bfc062723c751e8b465ee728b)
Start importing Assets/Scripts/BuildingTriangleBuffer.cs using Guid(0e97bc9d8f29f9b41a5dafd36df52ef1) Importer(815301076,1909f56bfc062723c751e8b465ee728b) (PreviewImporter) -> (artifact id: '00000000000000000000000000000000') in 0.0010751 seconds
Import Error Code:(4)
Message: Build asset version error: assets/scripts/buildingtrianglebuffer.cs in SourceAssetDB has modification time of '2025-07-20T10:16:04.2273426Z' while content on disk has modification time of '2025-07-20T10:16:08.9692787Z'
  ERROR: Build asset version error: assets/scripts/buildingtrianglebuffer.cs in SourceAssetDB has modification time of '2025-07-20T10:16:04.2273426Z' while content on disk has modification time of '2025-07-20T10:16:08.9692787Z'
Number of updated asset objects reloaded before import = 0Number of asset objects unloaded after import = 0

========================================================================
Received Import Request.
  Time since last request: 0.000016 seconds.
  path: Assets/Scripts/BuildingTriangleBuffer.cs
  artifactKey: Guid(0e97bc9d8f29f9b41a5dafd36df52ef1) Importer(815301076,1909f56bfc062723c751e8b465ee728b)
Start importing Assets/Scripts/BuildingTriangleBuffer.cs using Guid(0e97bc9d8f29f9b41a5dafd36df52ef1) Importer(815301076,1909f56bfc062723c751e8b465ee728b) (PreviewImporter) -> (artifact id: '00000000000000000000000000000000') in 0.0006087 seconds
Import Error Code:(4)
Message: Build asset version error: assets/scripts/buildingtrianglebuffer.cs in SourceAssetDB has modification time of '2025-07-20T10:16:04.2273426Z' while content on disk has modification time of '2025-07-20T10:16:08.9692787Z'
  ERROR: Build asset version error: assets/scripts/buildingtrianglebuffer.cs in SourceAssetDB has modification time of '2025-07-20T10:16:04.2273426Z' while content on disk has modification time of '2025-07-20T10:16:08.9692787Z'
Number of updated asset objects reloaded before import = 0Number of asset objects unloaded after import = 0

========================================================================
Received Import Request.
  Time since last request: 0.000015 seconds.
  path: Assets/Scripts/BuildingTriangleBuffer.cs
  artifactKey: Guid(0e97bc9d8f29f9b41a5dafd36df52ef1) Importer(815301076,1909f56bfc062723c751e8b465ee728b)
Start importing Assets/Scripts/BuildingTriangleBuffer.cs using Guid(0e97bc9d8f29f9b41a5dafd36df52ef1) Importer(815301076,1909f56bfc062723c751e8b465ee728b) (PreviewImporter) -> (artifact id: '00000000000000000000000000000000') in 0.0008765 seconds
Import Error Code:(4)
Message: Build asset version error: assets/scripts/buildingtrianglebuffer.cs in SourceAssetDB has modification time of '2025-07-20T10:16:04.2273426Z' while content on disk has modification time of '2025-07-20T10:16:08.9692787Z'
  ERROR: Build asset version error: assets/scripts/buildingtrianglebuffer.cs in SourceAssetDB has modification time of '2025-07-20T10:16:04.2273426Z' while content on disk has modification time of '2025-07-20T10:16:08.9692787Z'
Number of updated asset objects reloaded before import = 0Number of asset objects unloaded after import = 0

========================================================================
Received Import Request.
  Time since last request: 0.000028 seconds.
  path: Assets/Scripts/BuildingTriangleBuffer.cs
  artifactKey: Guid(0e97bc9d8f29f9b41a5dafd36df52ef1) Importer(815301076,1909f56bfc062723c751e8b465ee728b)
Start importing Assets/Scripts/BuildingTriangleBuffer.cs using Guid(0e97bc9d8f29f9b41a5dafd36df52ef1) Importer(815301076,1909f56bfc062723c751e8b465ee728b) (PreviewImporter) -> (artifact id: '00000000000000000000000000000000') in 0.0009261 seconds
Import Error Code:(4)
Message: Build asset version error: assets/scripts/buildingtrianglebuffer.cs in SourceAssetDB has modification time of '2025-07-20T10:16:04.2273426Z' while content on disk has modification time of '2025-07-20T10:16:08.9692787Z'
  ERROR: Build asset version error: assets/scripts/buildingtrianglebuffer.cs in SourceAssetDB has modification time of '2025-07-20T10:16:04.2273426Z' while content on disk has modification time of '2025-07-20T10:16:08.9692787Z'
Number of updated asset objects reloaded before import = 0Number of asset objects unloaded after import = 0

========================================================================
Received Import Request.
  Time since last request: 0.000055 seconds.
  path: Assets/Scripts/BuildingTriangleBuffer.cs
  artifactKey: Guid(0e97bc9d8f29f9b41a5dafd36df52ef1) Importer(815301076,1909f56bfc062723c751e8b465ee728b)
Start importing Assets/Scripts/BuildingTriangleBuffer.cs using Guid(0e97bc9d8f29f9b41a5dafd36df52ef1) Importer(815301076,1909f56bfc062723c751e8b465ee728b) (PreviewImporter) -> (artifact id: '00000000000000000000000000000000') in 0.0005794 seconds
Import Error Code:(4)
Message: Build asset version error: assets/scripts/buildingtrianglebuffer.cs in SourceAssetDB has modification time of '2025-07-20T10:16:04.2273426Z' while content on disk has modification time of '2025-07-20T10:16:08.9692787Z'
  ERROR: Build asset version error: assets/scripts/buildingtrianglebuffer.cs in SourceAssetDB has modification time of '2025-07-20T10:16:04.2273426Z' while content on disk has modification time of '2025-07-20T10:16:08.9692787Z'
Number of updated asset objects reloaded before import = 0Number of asset objects unloaded after import = 0

========================================================================
Received Import Request.
  Time since last request: 0.000014 seconds.
  path: Assets/Scripts/BuildingTriangleBuffer.cs
  artifactKey: Guid(0e97bc9d8f29f9b41a5dafd36df52ef1) Importer(815301076,1909f56bfc062723c751e8b465ee728b)
Start importing Assets/Scripts/BuildingTriangleBuffer.cs using Guid(0e97bc9d8f29f9b41a5dafd36df52ef1) Importer(815301076,1909f56bfc062723c751e8b465ee728b) (PreviewImporter) -> (artifact id: '00000000000000000000000000000000') in 0.0005917 seconds
Import Error Code:(4)
Message: Build asset version error: assets/scripts/buildingtrianglebuffer.cs in SourceAssetDB has modification time of '2025-07-20T10:16:04.2273426Z' while content on disk has modification time of '2025-07-20T10:16:08.9692787Z'
  ERROR: Build asset version error: assets/scripts/buildingtrianglebuffer.cs in SourceAssetDB has modification time of '2025-07-20T10:16:04.2273426Z' while content on disk has modification time of '2025-07-20T10:16:08.9692787Z'
Number of updated asset objects reloaded before import = 0Number of asset objects unloaded after import = 0

========================================================================
Received Import Request.
  Time since last request: 0.000015 seconds.
  path: Assets/Scripts/BuildingTriangleBuffer.cs
  artifactKey: Guid(0e97bc9d8f29f9b41a5dafd36df52ef1) Importer(815301076,1909f56bfc062723c751e8b465ee728b)
Start importing Assets/Scripts/BuildingTriangleBuffer.cs using Guid(0e97bc9d8f29f9b41a5dafd36df52ef1) Importer(815301076,1909f56bfc062723c751e8b465ee728b) (PreviewImporter) -> (artifact id: '00000000000000000000000000000000') in 0.0004388 seconds
Import Error Code:(4)
Message: Build asset version error: assets/scripts/buildingtrianglebuffer.cs in SourceAssetDB has modification time of '2025-07-20T10:16:04.2273426Z' while content on disk has modification time of '2025-07-20T10:16:08.9692787Z'
  ERROR: Build asset version error: assets/scripts/buildingtrianglebuffer.cs in SourceAssetDB has modification time of '2025-07-20T10:16:04.2273426Z' while content on disk has modification time of '2025-07-20T10:16:08.9692787Z'
Number of updated asset objects reloaded before import = 0Number of asset objects unloaded after import = 0

========================================================================
Received Import Request.
  Time since last request: 0.000016 seconds.
  path: Assets/Scripts/BuildingTriangleBuffer.cs
  artifactKey: Guid(0e97bc9d8f29f9b41a5dafd36df52ef1) Importer(815301076,1909f56bfc062723c751e8b465ee728b)
Start importing Assets/Scripts/BuildingTriangleBuffer.cs using Guid(0e97bc9d8f29f9b41a5dafd36df52ef1) Importer(815301076,1909f56bfc062723c751e8b465ee728b) (PreviewImporter) -> (artifact id: '00000000000000000000000000000000') in 0.0005234 seconds
Import Error Code:(4)
Message: Build asset version error: assets/scripts/buildingtrianglebuffer.cs in SourceAssetDB has modification time of '2025-07-20T10:16:04.2273426Z' while content on disk has modification time of '2025-07-20T10:16:08.9692787Z'
  ERROR: Build asset version error: assets/scripts/buildingtrianglebuffer.cs in SourceAssetDB has modification time of '2025-07-20T10:16:04.2273426Z' while content on disk has modification time of '2025-07-20T10:16:08.9692787Z'
Number of updated asset objects reloaded before import = 0Number of asset objects unloaded after import = 0

========================================================================
Received Import Request.
  Time since last request: 0.000022 seconds.
  path: Assets/Scripts/BuildingTriangleBuffer.cs
  artifactKey: Guid(0e97bc9d8f29f9b41a5dafd36df52ef1) Importer(815301076,1909f56bfc062723c751e8b465ee728b)
Start importing Assets/Scripts/BuildingTriangleBuffer.cs using Guid(0e97bc9d8f29f9b41a5dafd36df52ef1) Importer(815301076,1909f56bfc062723c751e8b465ee728b) (PreviewImporter) -> (artifact id: '00000000000000000000000000000000') in 0.0006306 seconds
Import Error Code:(4)
Message: Build asset version error: assets/scripts/buildingtrianglebuffer.cs in SourceAssetDB has modification time of '2025-07-20T10:16:04.2273426Z' while content on disk has modification time of '2025-07-20T10:16:08.9692787Z'
  ERROR: Build asset version error: assets/scripts/buildingtrianglebuffer.cs in SourceAssetDB has modification time of '2025-07-20T10:16:04.2273426Z' while content on disk has modification time of '2025-07-20T10:16:08.9692787Z'
Number of updated asset objects reloaded before import = 0Number of asset objects unloaded after import = 0

========================================================================
Received Import Request.
  Time since last request: 0.000025 seconds.
  path: Assets/Scripts/BuildingTriangleBuffer.cs
  artifactKey: Guid(0e97bc9d8f29f9b41a5dafd36df52ef1) Importer(815301076,1909f56bfc062723c751e8b465ee728b)
Start importing Assets/Scripts/BuildingTriangleBuffer.cs using Guid(0e97bc9d8f29f9b41a5dafd36df52ef1) Importer(815301076,1909f56bfc062723c751e8b465ee728b) (PreviewImporter) -> (artifact id: '00000000000000000000000000000000') in 0.0005835 seconds
Import Error Code:(4)
Message: Build asset version error: assets/scripts/buildingtrianglebuffer.cs in SourceAssetDB has modification time of '2025-07-20T10:16:04.2273426Z' while content on disk has modification time of '2025-07-20T10:16:08.9692787Z'
  ERROR: Build asset version error: assets/scripts/buildingtrianglebuffer.cs in SourceAssetDB has modification time of '2025-07-20T10:16:04.2273426Z' while content on disk has modification time of '2025-07-20T10:16:08.9692787Z'
Number of updated asset objects reloaded before import = 0Number of asset objects unloaded after import = 0

========================================================================
Received Import Request.
  Time since last request: 0.000015 seconds.
  path: Assets/Scripts/BuildingTriangleBuffer.cs
  artifactKey: Guid(0e97bc9d8f29f9b41a5dafd36df52ef1) Importer(815301076,1909f56bfc062723c751e8b465ee728b)
Start importing Assets/Scripts/BuildingTriangleBuffer.cs using Guid(0e97bc9d8f29f9b41a5dafd36df52ef1) Importer(815301076,1909f56bfc062723c751e8b465ee728b) (PreviewImporter) -> (artifact id: '00000000000000000000000000000000') in 0.0008581 seconds
Import Error Code:(4)
Message: Build asset version error: assets/scripts/buildingtrianglebuffer.cs in SourceAssetDB has modification time of '2025-07-20T10:16:04.2273426Z' while content on disk has modification time of '2025-07-20T10:16:08.9692787Z'
  ERROR: Build asset version error: assets/scripts/buildingtrianglebuffer.cs in SourceAssetDB has modification time of '2025-07-20T10:16:04.2273426Z' while content on disk has modification time of '2025-07-20T10:16:08.9692787Z'
Number of updated asset objects reloaded before import = 0Number of asset objects unloaded after import = 0

========================================================================
Received Import Request.
  Time since last request: 0.000023 seconds.
  path: Assets/Scripts/BuildingTriangleBuffer.cs
  artifactKey: Guid(0e97bc9d8f29f9b41a5dafd36df52ef1) Importer(815301076,1909f56bfc062723c751e8b465ee728b)
Start importing Assets/Scripts/BuildingTriangleBuffer.cs using Guid(0e97bc9d8f29f9b41a5dafd36df52ef1) Importer(815301076,1909f56bfc062723c751e8b465ee728b) (PreviewImporter) -> (artifact id: '00000000000000000000000000000000') in 0.0006036 seconds
Import Error Code:(4)
Message: Build asset version error: assets/scripts/buildingtrianglebuffer.cs in SourceAssetDB has modification time of '2025-07-20T10:16:04.2273426Z' while content on disk has modification time of '2025-07-20T10:16:08.9692787Z'
  ERROR: Build asset version error: assets/scripts/buildingtrianglebuffer.cs in SourceAssetDB has modification time of '2025-07-20T10:16:04.2273426Z' while content on disk has modification time of '2025-07-20T10:16:08.9692787Z'
Number of updated asset objects reloaded before import = 0Number of asset objects unloaded after import = 0

========================================================================
Received Import Request.
  Time since last request: 0.000017 seconds.
  path: Assets/Scripts/BuildingTriangleBuffer.cs
  artifactKey: Guid(0e97bc9d8f29f9b41a5dafd36df52ef1) Importer(815301076,1909f56bfc062723c751e8b465ee728b)
Start importing Assets/Scripts/BuildingTriangleBuffer.cs using Guid(0e97bc9d8f29f9b41a5dafd36df52ef1) Importer(815301076,1909f56bfc062723c751e8b465ee728b) (PreviewImporter) -> (artifact id: '00000000000000000000000000000000') in 0.0006477 seconds
Import Error Code:(4)
Message: Build asset version error: assets/scripts/buildingtrianglebuffer.cs in SourceAssetDB has modification time of '2025-07-20T10:16:04.2273426Z' while content on disk has modification time of '2025-07-20T10:16:08.9692787Z'
  ERROR: Build asset version error: assets/scripts/buildingtrianglebuffer.cs in SourceAssetDB has modification time of '2025-07-20T10:16:04.2273426Z' while content on disk has modification time of '2025-07-20T10:16:08.9692787Z'
Number of updated asset objects reloaded before import = 0Number of asset objects unloaded after import = 0

========================================================================
Received Import Request.
  Time since last request: 0.000031 seconds.
  path: Assets/Scripts/BuildingTriangleBuffer.cs
  artifactKey: Guid(0e97bc9d8f29f9b41a5dafd36df52ef1) Importer(815301076,1909f56bfc062723c751e8b465ee728b)
Start importing Assets/Scripts/BuildingTriangleBuffer.cs using Guid(0e97bc9d8f29f9b41a5dafd36df52ef1) Importer(815301076,1909f56bfc062723c751e8b465ee728b) (PreviewImporter) -> (artifact id: '00000000000000000000000000000000') in 0.0007093 seconds
Import Error Code:(4)
Message: Build asset version error: assets/scripts/buildingtrianglebuffer.cs in SourceAssetDB has modification time of '2025-07-20T10:16:04.2273426Z' while content on disk has modification time of '2025-07-20T10:16:08.9692787Z'
  ERROR: Build asset version error: assets/scripts/buildingtrianglebuffer.cs in SourceAssetDB has modification time of '2025-07-20T10:16:04.2273426Z' while content on disk has modification time of '2025-07-20T10:16:08.9692787Z'
Number of updated asset objects reloaded before import = 0Number of asset objects unloaded after import = 0

========================================================================
Received Import Request.
  Time since last request: 0.000039 seconds.
  path: Assets/Scripts/BuildingTriangleBuffer.cs
  artifactKey: Guid(0e97bc9d8f29f9b41a5dafd36df52ef1) Importer(815301076,1909f56bfc062723c751e8b465ee728b)
Start importing Assets/Scripts/BuildingTriangleBuffer.cs using Guid(0e97bc9d8f29f9b41a5dafd36df52ef1) Importer(815301076,1909f56bfc062723c751e8b465ee728b) (PreviewImporter) -> (artifact id: '00000000000000000000000000000000') in 0.0008712 seconds
Import Error Code:(4)
Message: Build asset version error: assets/scripts/buildingtrianglebuffer.cs in SourceAssetDB has modification time of '2025-07-20T10:16:04.2273426Z' while content on disk has modification time of '2025-07-20T10:16:08.9692787Z'
  ERROR: Build asset version error: assets/scripts/buildingtrianglebuffer.cs in SourceAssetDB has modification time of '2025-07-20T10:16:04.2273426Z' while content on disk has modification time of '2025-07-20T10:16:08.9692787Z'
Number of updated asset objects reloaded before import = 0Number of asset objects unloaded after import = 0

========================================================================
Received Import Request.
  Time since last request: 0.000017 seconds.
  path: Assets/Scripts/BuildingTriangleBuffer.cs
  artifactKey: Guid(0e97bc9d8f29f9b41a5dafd36df52ef1) Importer(815301076,1909f56bfc062723c751e8b465ee728b)
Start importing Assets/Scripts/BuildingTriangleBuffer.cs using Guid(0e97bc9d8f29f9b41a5dafd36df52ef1) Importer(815301076,1909f56bfc062723c751e8b465ee728b) (PreviewImporter) -> (artifact id: '00000000000000000000000000000000') in 0.0009468 seconds
Import Error Code:(4)
Message: Build asset version error: assets/scripts/buildingtrianglebuffer.cs in SourceAssetDB has modification time of '2025-07-20T10:16:04.2273426Z' while content on disk has modification time of '2025-07-20T10:16:08.9692787Z'
  ERROR: Build asset version error: assets/scripts/buildingtrianglebuffer.cs in SourceAssetDB has modification time of '2025-07-20T10:16:04.2273426Z' while content on disk has modification time of '2025-07-20T10:16:08.9692787Z'
Number of updated asset objects reloaded before import = 0Number of asset objects unloaded after import = 0

========================================================================
Received Import Request.
  Time since last request: 0.000028 seconds.
  path: Assets/Scripts/BuildingTriangleBuffer.cs
  artifactKey: Guid(0e97bc9d8f29f9b41a5dafd36df52ef1) Importer(815301076,1909f56bfc062723c751e8b465ee728b)
Start importing Assets/Scripts/BuildingTriangleBuffer.cs using Guid(0e97bc9d8f29f9b41a5dafd36df52ef1) Importer(815301076,1909f56bfc062723c751e8b465ee728b) (PreviewImporter) -> (artifact id: '00000000000000000000000000000000') in 0.0008612 seconds
Import Error Code:(4)
Message: Build asset version error: assets/scripts/buildingtrianglebuffer.cs in SourceAssetDB has modification time of '2025-07-20T10:16:04.2273426Z' while content on disk has modification time of '2025-07-20T10:16:08.9692787Z'
  ERROR: Build asset version error: assets/scripts/buildingtrianglebuffer.cs in SourceAssetDB has modification time of '2025-07-20T10:16:04.2273426Z' while content on disk has modification time of '2025-07-20T10:16:08.9692787Z'
Number of updated asset objects reloaded before import = 0Number of asset objects unloaded after import = 0

========================================================================
Received Import Request.
  Time since last request: 0.000028 seconds.
  path: Assets/Scripts/BuildingTriangleBuffer.cs
  artifactKey: Guid(0e97bc9d8f29f9b41a5dafd36df52ef1) Importer(815301076,1909f56bfc062723c751e8b465ee728b)
Start importing Assets/Scripts/BuildingTriangleBuffer.cs using Guid(0e97bc9d8f29f9b41a5dafd36df52ef1) Importer(815301076,1909f56bfc062723c751e8b465ee728b) (PreviewImporter) -> (artifact id: '00000000000000000000000000000000') in 0.0005858 seconds
Import Error Code:(4)
Message: Build asset version error: assets/scripts/buildingtrianglebuffer.cs in SourceAssetDB has modification time of '2025-07-20T10:16:04.2273426Z' while content on disk has modification time of '2025-07-20T10:16:08.9692787Z'
  ERROR: Build asset version error: assets/scripts/buildingtrianglebuffer.cs in SourceAssetDB has modification time of '2025-07-20T10:16:04.2273426Z' while content on disk has modification time of '2025-07-20T10:16:08.9692787Z'
Number of updated asset objects reloaded before import = 0Number of asset objects unloaded after import = 0

========================================================================
Received Import Request.
  Time since last request: 0.000015 seconds.
  path: Assets/Scripts/BuildingTriangleBuffer.cs
  artifactKey: Guid(0e97bc9d8f29f9b41a5dafd36df52ef1) Importer(815301076,1909f56bfc062723c751e8b465ee728b)
Start importing Assets/Scripts/BuildingTriangleBuffer.cs using Guid(0e97bc9d8f29f9b41a5dafd36df52ef1) Importer(815301076,1909f56bfc062723c751e8b465ee728b) (PreviewImporter) -> (artifact id: '00000000000000000000000000000000') in 0.0006376 seconds
Import Error Code:(4)
Message: Build asset version error: assets/scripts/buildingtrianglebuffer.cs in SourceAssetDB has modification time of '2025-07-20T10:16:04.2273426Z' while content on disk has modification time of '2025-07-20T10:16:08.9692787Z'
  ERROR: Build asset version error: assets/scripts/buildingtrianglebuffer.cs in SourceAssetDB has modification time of '2025-07-20T10:16:04.2273426Z' while content on disk has modification time of '2025-07-20T10:16:08.9692787Z'
Number of updated asset objects reloaded before import = 0Number of asset objects unloaded after import = 0

========================================================================
Received Import Request.
  Time since last request: 0.000042 seconds.
  path: Assets/Scripts/BuildingTriangleBuffer.cs
  artifactKey: Guid(0e97bc9d8f29f9b41a5dafd36df52ef1) Importer(815301076,1909f56bfc062723c751e8b465ee728b)
Start importing Assets/Scripts/BuildingTriangleBuffer.cs using Guid(0e97bc9d8f29f9b41a5dafd36df52ef1) Importer(815301076,1909f56bfc062723c751e8b465ee728b) (PreviewImporter) -> (artifact id: '00000000000000000000000000000000') in 0.0006603 seconds
Import Error Code:(4)
Message: Build asset version error: assets/scripts/buildingtrianglebuffer.cs in SourceAssetDB has modification time of '2025-07-20T10:16:04.2273426Z' while content on disk has modification time of '2025-07-20T10:16:08.9692787Z'
  ERROR: Build asset version error: assets/scripts/buildingtrianglebuffer.cs in SourceAssetDB has modification time of '2025-07-20T10:16:04.2273426Z' while content on disk has modification time of '2025-07-20T10:16:08.9692787Z'
Number of updated asset objects reloaded before import = 0Number of asset objects unloaded after import = 0

========================================================================
Received Import Request.
  Time since last request: 0.000036 seconds.
  path: Assets/Scripts/BuildingTriangleBuffer.cs
  artifactKey: Guid(0e97bc9d8f29f9b41a5dafd36df52ef1) Importer(815301076,1909f56bfc062723c751e8b465ee728b)
Start importing Assets/Scripts/BuildingTriangleBuffer.cs using Guid(0e97bc9d8f29f9b41a5dafd36df52ef1) Importer(815301076,1909f56bfc062723c751e8b465ee728b) (PreviewImporter) -> (artifact id: '00000000000000000000000000000000') in 0.0007877 seconds
Import Error Code:(4)
Message: Build asset version error: assets/scripts/buildingtrianglebuffer.cs in SourceAssetDB has modification time of '2025-07-20T10:16:04.2273426Z' while content on disk has modification time of '2025-07-20T10:16:08.9692787Z'
  ERROR: Build asset version error: assets/scripts/buildingtrianglebuffer.cs in SourceAssetDB has modification time of '2025-07-20T10:16:04.2273426Z' while content on disk has modification time of '2025-07-20T10:16:08.9692787Z'
Number of updated asset objects reloaded before import = 0Number of asset objects unloaded after import = 0

========================================================================
Received Import Request.
  Time since last request: 0.000016 seconds.
  path: Assets/Scripts/BuildingTriangleBuffer.cs
  artifactKey: Guid(0e97bc9d8f29f9b41a5dafd36df52ef1) Importer(815301076,1909f56bfc062723c751e8b465ee728b)
Start importing Assets/Scripts/BuildingTriangleBuffer.cs using Guid(0e97bc9d8f29f9b41a5dafd36df52ef1) Importer(815301076,1909f56bfc062723c751e8b465ee728b) (PreviewImporter) -> (artifact id: '00000000000000000000000000000000') in 0.0007204 seconds
Import Error Code:(4)
Message: Build asset version error: assets/scripts/buildingtrianglebuffer.cs in SourceAssetDB has modification time of '2025-07-20T10:16:04.2273426Z' while content on disk has modification time of '2025-07-20T10:16:08.9692787Z'
  ERROR: Build asset version error: assets/scripts/buildingtrianglebuffer.cs in SourceAssetDB has modification time of '2025-07-20T10:16:04.2273426Z' while content on disk has modification time of '2025-07-20T10:16:08.9692787Z'
Number of updated asset objects reloaded before import = 0Number of asset objects unloaded after import = 0

========================================================================
Received Import Request.
  Time since last request: 0.000037 seconds.
  path: Assets/Scripts/BuildingTriangleBuffer.cs
  artifactKey: Guid(0e97bc9d8f29f9b41a5dafd36df52ef1) Importer(815301076,1909f56bfc062723c751e8b465ee728b)
Start importing Assets/Scripts/BuildingTriangleBuffer.cs using Guid(0e97bc9d8f29f9b41a5dafd36df52ef1) Importer(815301076,1909f56bfc062723c751e8b465ee728b) (PreviewImporter) -> (artifact id: '00000000000000000000000000000000') in 0.0007351 seconds
Import Error Code:(4)
Message: Build asset version error: assets/scripts/buildingtrianglebuffer.cs in SourceAssetDB has modification time of '2025-07-20T10:16:04.2273426Z' while content on disk has modification time of '2025-07-20T10:16:08.9692787Z'
  ERROR: Build asset version error: assets/scripts/buildingtrianglebuffer.cs in SourceAssetDB has modification time of '2025-07-20T10:16:04.2273426Z' while content on disk has modification time of '2025-07-20T10:16:08.9692787Z'
Number of updated asset objects reloaded before import = 0Number of asset objects unloaded after import = 0

========================================================================
Received Import Request.
  Time since last request: 0.000025 seconds.
  path: Assets/Scripts/BuildingTriangleBuffer.cs
  artifactKey: Guid(0e97bc9d8f29f9b41a5dafd36df52ef1) Importer(815301076,1909f56bfc062723c751e8b465ee728b)
Start importing Assets/Scripts/BuildingTriangleBuffer.cs using Guid(0e97bc9d8f29f9b41a5dafd36df52ef1) Importer(815301076,1909f56bfc062723c751e8b465ee728b) (PreviewImporter) -> (artifact id: '00000000000000000000000000000000') in 0.0009525 seconds
Import Error Code:(4)
Message: Build asset version error: assets/scripts/buildingtrianglebuffer.cs in SourceAssetDB has modification time of '2025-07-20T10:16:04.2273426Z' while content on disk has modification time of '2025-07-20T10:16:08.9692787Z'
  ERROR: Build asset version error: assets/scripts/buildingtrianglebuffer.cs in SourceAssetDB has modification time of '2025-07-20T10:16:04.2273426Z' while content on disk has modification time of '2025-07-20T10:16:08.9692787Z'
Number of updated asset objects reloaded before import = 0Number of asset objects unloaded after import = 0

========================================================================
Received Import Request.
  Time since last request: 0.000024 seconds.
  path: Assets/Scripts/BuildingTriangleBuffer.cs
  artifactKey: Guid(0e97bc9d8f29f9b41a5dafd36df52ef1) Importer(815301076,1909f56bfc062723c751e8b465ee728b)
Start importing Assets/Scripts/BuildingTriangleBuffer.cs using Guid(0e97bc9d8f29f9b41a5dafd36df52ef1) Importer(815301076,1909f56bfc062723c751e8b465ee728b) (PreviewImporter) -> (artifact id: '00000000000000000000000000000000') in 0.0010447 seconds
Import Error Code:(4)
Message: Build asset version error: assets/scripts/buildingtrianglebuffer.cs in SourceAssetDB has modification time of '2025-07-20T10:16:04.2273426Z' while content on disk has modification time of '2025-07-20T10:16:08.9692787Z'
  ERROR: Build asset version error: assets/scripts/buildingtrianglebuffer.cs in SourceAssetDB has modification time of '2025-07-20T10:16:04.2273426Z' while content on disk has modification time of '2025-07-20T10:16:08.9692787Z'
Number of updated asset objects reloaded before import = 0Number of asset objects unloaded after import = 0

========================================================================
Received Import Request.
  Time since last request: 0.000017 seconds.
  path: Assets/Scripts/BuildingTriangleBuffer.cs
  artifactKey: Guid(0e97bc9d8f29f9b41a5dafd36df52ef1) Importer(815301076,1909f56bfc062723c751e8b465ee728b)
Start importing Assets/Scripts/BuildingTriangleBuffer.cs using Guid(0e97bc9d8f29f9b41a5dafd36df52ef1) Importer(815301076,1909f56bfc062723c751e8b465ee728b) (PreviewImporter) -> (artifact id: '00000000000000000000000000000000') in 0.0006206 seconds
Import Error Code:(4)
Message: Build asset version error: assets/scripts/buildingtrianglebuffer.cs in SourceAssetDB has modification time of '2025-07-20T10:16:04.2273426Z' while content on disk has modification time of '2025-07-20T10:16:08.9692787Z'
  ERROR: Build asset version error: assets/scripts/buildingtrianglebuffer.cs in SourceAssetDB has modification time of '2025-07-20T10:16:04.2273426Z' while content on disk has modification time of '2025-07-20T10:16:08.9692787Z'
Number of updated asset objects reloaded before import = 0Number of asset objects unloaded after import = 0

========================================================================
Received Import Request.
  Time since last request: 0.000016 seconds.
  path: Assets/Scripts/BuildingTriangleBuffer.cs
  artifactKey: Guid(0e97bc9d8f29f9b41a5dafd36df52ef1) Importer(815301076,1909f56bfc062723c751e8b465ee728b)
Start importing Assets/Scripts/BuildingTriangleBuffer.cs using Guid(0e97bc9d8f29f9b41a5dafd36df52ef1) Importer(815301076,1909f56bfc062723c751e8b465ee728b) (PreviewImporter) -> (artifact id: '00000000000000000000000000000000') in 0.0006783 seconds
Import Error Code:(4)
Message: Build asset version error: assets/scripts/buildingtrianglebuffer.cs in SourceAssetDB has modification time of '2025-07-20T10:16:04.2273426Z' while content on disk has modification time of '2025-07-20T10:16:08.9692787Z'
  ERROR: Build asset version error: assets/scripts/buildingtrianglebuffer.cs in SourceAssetDB has modification time of '2025-07-20T10:16:04.2273426Z' while content on disk has modification time of '2025-07-20T10:16:08.9692787Z'
Number of updated asset objects reloaded before import = 0Number of asset objects unloaded after import = 0

========================================================================
Received Import Request.
  Time since last request: 0.000027 seconds.
  path: Assets/Scripts/BuildingTriangleBuffer.cs
  artifactKey: Guid(0e97bc9d8f29f9b41a5dafd36df52ef1) Importer(815301076,1909f56bfc062723c751e8b465ee728b)
Start importing Assets/Scripts/BuildingTriangleBuffer.cs using Guid(0e97bc9d8f29f9b41a5dafd36df52ef1) Importer(815301076,1909f56bfc062723c751e8b465ee728b) (PreviewImporter) -> (artifact id: '00000000000000000000000000000000') in 0.0008858 seconds
Import Error Code:(4)
Message: Build asset version error: assets/scripts/buildingtrianglebuffer.cs in SourceAssetDB has modification time of '2025-07-20T10:16:04.2273426Z' while content on disk has modification time of '2025-07-20T10:16:08.9692787Z'
  ERROR: Build asset version error: assets/scripts/buildingtrianglebuffer.cs in SourceAssetDB has modification time of '2025-07-20T10:16:04.2273426Z' while content on disk has modification time of '2025-07-20T10:16:08.9692787Z'
Number of updated asset objects reloaded before import = 0Number of asset objects unloaded after import = 0

========================================================================
Received Import Request.
  Time since last request: 0.000034 seconds.
  path: Assets/Scripts/BuildingTriangleBuffer.cs
  artifactKey: Guid(0e97bc9d8f29f9b41a5dafd36df52ef1) Importer(815301076,1909f56bfc062723c751e8b465ee728b)
Start importing Assets/Scripts/BuildingTriangleBuffer.cs using Guid(0e97bc9d8f29f9b41a5dafd36df52ef1) Importer(815301076,1909f56bfc062723c751e8b465ee728b) (PreviewImporter) -> (artifact id: '00000000000000000000000000000000') in 0.0005557 seconds
Import Error Code:(4)
Message: Build asset version error: assets/scripts/buildingtrianglebuffer.cs in SourceAssetDB has modification time of '2025-07-20T10:16:04.2273426Z' while content on disk has modification time of '2025-07-20T10:16:08.9692787Z'
  ERROR: Build asset version error: assets/scripts/buildingtrianglebuffer.cs in SourceAssetDB has modification time of '2025-07-20T10:16:04.2273426Z' while content on disk has modification time of '2025-07-20T10:16:08.9692787Z'
Number of updated asset objects reloaded before import = 0Number of asset objects unloaded after import = 0

========================================================================
Received Import Request.
  Time since last request: 0.000018 seconds.
  path: Assets/Scripts/BuildingTriangleBuffer.cs
  artifactKey: Guid(0e97bc9d8f29f9b41a5dafd36df52ef1) Importer(815301076,1909f56bfc062723c751e8b465ee728b)
Start importing Assets/Scripts/BuildingTriangleBuffer.cs using Guid(0e97bc9d8f29f9b41a5dafd36df52ef1) Importer(815301076,1909f56bfc062723c751e8b465ee728b) (PreviewImporter) -> (artifact id: '00000000000000000000000000000000') in 0.0004206 seconds
Import Error Code:(4)
Message: Build asset version error: assets/scripts/buildingtrianglebuffer.cs in SourceAssetDB has modification time of '2025-07-20T10:16:04.2273426Z' while content on disk has modification time of '2025-07-20T10:16:08.9692787Z'
  ERROR: Build asset version error: assets/scripts/buildingtrianglebuffer.cs in SourceAssetDB has modification time of '2025-07-20T10:16:04.2273426Z' while content on disk has modification time of '2025-07-20T10:16:08.9692787Z'
Number of updated asset objects reloaded before import = 0Number of asset objects unloaded after import = 0

========================================================================
Received Import Request.
  Time since last request: 0.000027 seconds.
  path: Assets/Scripts/BuildingTriangleBuffer.cs
  artifactKey: Guid(0e97bc9d8f29f9b41a5dafd36df52ef1) Importer(815301076,1909f56bfc062723c751e8b465ee728b)
Start importing Assets/Scripts/BuildingTriangleBuffer.cs using Guid(0e97bc9d8f29f9b41a5dafd36df52ef1) Importer(815301076,1909f56bfc062723c751e8b465ee728b) (PreviewImporter) -> (artifact id: '00000000000000000000000000000000') in 0.0011243 seconds
Import Error Code:(4)
Message: Build asset version error: assets/scripts/buildingtrianglebuffer.cs in SourceAssetDB has modification time of '2025-07-20T10:16:04.2273426Z' while content on disk has modification time of '2025-07-20T10:16:08.9692787Z'
  ERROR: Build asset version error: assets/scripts/buildingtrianglebuffer.cs in SourceAssetDB has modification time of '2025-07-20T10:16:04.2273426Z' while content on disk has modification time of '2025-07-20T10:16:08.9692787Z'
Number of updated asset objects reloaded before import = 0Number of asset objects unloaded after import = 0

========================================================================
Received Import Request.
  Time since last request: 0.000019 seconds.
  path: Assets/Scripts/BuildingTriangleBuffer.cs
  artifactKey: Guid(0e97bc9d8f29f9b41a5dafd36df52ef1) Importer(815301076,1909f56bfc062723c751e8b465ee728b)
Start importing Assets/Scripts/BuildingTriangleBuffer.cs using Guid(0e97bc9d8f29f9b41a5dafd36df52ef1) Importer(815301076,1909f56bfc062723c751e8b465ee728b) (PreviewImporter) -> (artifact id: '00000000000000000000000000000000') in 0.0007189 seconds
Import Error Code:(4)
Message: Build asset version error: assets/scripts/buildingtrianglebuffer.cs in SourceAssetDB has modification time of '2025-07-20T10:16:04.2273426Z' while content on disk has modification time of '2025-07-20T10:16:08.9692787Z'
  ERROR: Build asset version error: assets/scripts/buildingtrianglebuffer.cs in SourceAssetDB has modification time of '2025-07-20T10:16:04.2273426Z' while content on disk has modification time of '2025-07-20T10:16:08.9692787Z'
Number of updated asset objects reloaded before import = 0Number of asset objects unloaded after import = 0

========================================================================
Received Import Request.
  Time since last request: 0.000028 seconds.
  path: Assets/Scripts/BuildingTriangleBuffer.cs
  artifactKey: Guid(0e97bc9d8f29f9b41a5dafd36df52ef1) Importer(815301076,1909f56bfc062723c751e8b465ee728b)
Start importing Assets/Scripts/BuildingTriangleBuffer.cs using Guid(0e97bc9d8f29f9b41a5dafd36df52ef1) Importer(815301076,1909f56bfc062723c751e8b465ee728b) (PreviewImporter) -> (artifact id: '00000000000000000000000000000000') in 0.0006137 seconds
Import Error Code:(4)
Message: Build asset version error: assets/scripts/buildingtrianglebuffer.cs in SourceAssetDB has modification time of '2025-07-20T10:16:04.2273426Z' while content on disk has modification time of '2025-07-20T10:16:08.9692787Z'
  ERROR: Build asset version error: assets/scripts/buildingtrianglebuffer.cs in SourceAssetDB has modification time of '2025-07-20T10:16:04.2273426Z' while content on disk has modification time of '2025-07-20T10:16:08.9692787Z'
Number of updated asset objects reloaded before import = 0Number of asset objects unloaded after import = 0

========================================================================
Received Import Request.
  Time since last request: 0.000017 seconds.
  path: Assets/Scripts/BuildingTriangleBuffer.cs
  artifactKey: Guid(0e97bc9d8f29f9b41a5dafd36df52ef1) Importer(815301076,1909f56bfc062723c751e8b465ee728b)
Start importing Assets/Scripts/BuildingTriangleBuffer.cs using Guid(0e97bc9d8f29f9b41a5dafd36df52ef1) Importer(815301076,1909f56bfc062723c751e8b465ee728b) (PreviewImporter) -> (artifact id: '00000000000000000000000000000000') in 0.0008613 seconds
Import Error Code:(4)
Message: Build asset version error: assets/scripts/buildingtrianglebuffer.cs in SourceAssetDB has modification time of '2025-07-20T10:16:04.2273426Z' while content on disk has modification time of '2025-07-20T10:16:08.9692787Z'
  ERROR: Build asset version error: assets/scripts/buildingtrianglebuffer.cs in SourceAssetDB has modification time of '2025-07-20T10:16:04.2273426Z' while content on disk has modification time of '2025-07-20T10:16:08.9692787Z'
Number of updated asset objects reloaded before import = 0Number of asset objects unloaded after import = 0

========================================================================
Received Import Request.
  Time since last request: 0.000016 seconds.
  path: Assets/Scripts/BuildingTriangleBuffer.cs
  artifactKey: Guid(0e97bc9d8f29f9b41a5dafd36df52ef1) Importer(815301076,1909f56bfc062723c751e8b465ee728b)
Start importing Assets/Scripts/BuildingTriangleBuffer.cs using Guid(0e97bc9d8f29f9b41a5dafd36df52ef1) Importer(815301076,1909f56bfc062723c751e8b465ee728b) (PreviewImporter) -> (artifact id: '00000000000000000000000000000000') in 0.000516 seconds
Import Error Code:(4)
Message: Build asset version error: assets/scripts/buildingtrianglebuffer.cs in SourceAssetDB has modification time of '2025-07-20T10:16:04.2273426Z' while content on disk has modification time of '2025-07-20T10:16:08.9692787Z'
  ERROR: Build asset version error: assets/scripts/buildingtrianglebuffer.cs in SourceAssetDB has modification time of '2025-07-20T10:16:04.2273426Z' while content on disk has modification time of '2025-07-20T10:16:08.9692787Z'
Number of updated asset objects reloaded before import = 0Number of asset objects unloaded after import = 0

========================================================================
Received Import Request.
  Time since last request: 0.000030 seconds.
  path: Assets/Scripts/BuildingTriangleBuffer.cs
  artifactKey: Guid(0e97bc9d8f29f9b41a5dafd36df52ef1) Importer(815301076,1909f56bfc062723c751e8b465ee728b)
Start importing Assets/Scripts/BuildingTriangleBuffer.cs using Guid(0e97bc9d8f29f9b41a5dafd36df52ef1) Importer(815301076,1909f56bfc062723c751e8b465ee728b) (PreviewImporter) -> (artifact id: '00000000000000000000000000000000') in 0.0006887 seconds
Import Error Code:(4)
Message: Build asset version error: assets/scripts/buildingtrianglebuffer.cs in SourceAssetDB has modification time of '2025-07-20T10:16:04.2273426Z' while content on disk has modification time of '2025-07-20T10:16:08.9692787Z'
  ERROR: Build asset version error: assets/scripts/buildingtrianglebuffer.cs in SourceAssetDB has modification time of '2025-07-20T10:16:04.2273426Z' while content on disk has modification time of '2025-07-20T10:16:08.9692787Z'
Number of updated asset objects reloaded before import = 0Number of asset objects unloaded after import = 0

========================================================================
Received Import Request.
  Time since last request: 0.000067 seconds.
  path: Assets/Scripts/BuildingTriangleBuffer.cs
  artifactKey: Guid(0e97bc9d8f29f9b41a5dafd36df52ef1) Importer(815301076,1909f56bfc062723c751e8b465ee728b)
Start importing Assets/Scripts/BuildingTriangleBuffer.cs using Guid(0e97bc9d8f29f9b41a5dafd36df52ef1) Importer(815301076,1909f56bfc062723c751e8b465ee728b) (PreviewImporter) -> (artifact id: '00000000000000000000000000000000') in 0.0009395 seconds
Import Error Code:(4)
Message: Build asset version error: assets/scripts/buildingtrianglebuffer.cs in SourceAssetDB has modification time of '2025-07-20T10:16:04.2273426Z' while content on disk has modification time of '2025-07-20T10:16:08.9692787Z'
  ERROR: Build asset version error: assets/scripts/buildingtrianglebuffer.cs in SourceAssetDB has modification time of '2025-07-20T10:16:04.2273426Z' while content on disk has modification time of '2025-07-20T10:16:08.9692787Z'
Number of updated asset objects reloaded before import = 0Number of asset objects unloaded after import = 0

========================================================================
Received Import Request.
  Time since last request: 0.000017 seconds.
  path: Assets/Scripts/BuildingTriangleBuffer.cs
  artifactKey: Guid(0e97bc9d8f29f9b41a5dafd36df52ef1) Importer(815301076,1909f56bfc062723c751e8b465ee728b)
Start importing Assets/Scripts/BuildingTriangleBuffer.cs using Guid(0e97bc9d8f29f9b41a5dafd36df52ef1) Importer(815301076,1909f56bfc062723c751e8b465ee728b) (PreviewImporter) -> (artifact id: '00000000000000000000000000000000') in 0.0007411 seconds
Import Error Code:(4)
Message: Build asset version error: assets/scripts/buildingtrianglebuffer.cs in SourceAssetDB has modification time of '2025-07-20T10:16:04.2273426Z' while content on disk has modification time of '2025-07-20T10:16:08.9692787Z'
  ERROR: Build asset version error: assets/scripts/buildingtrianglebuffer.cs in SourceAssetDB has modification time of '2025-07-20T10:16:04.2273426Z' while content on disk has modification time of '2025-07-20T10:16:08.9692787Z'
Number of updated asset objects reloaded before import = 0Number of asset objects unloaded after import = 0

========================================================================
Received Import Request.
  Time since last request: 0.000019 seconds.
  path: Assets/Scripts/BuildingTriangleBuffer.cs
  artifactKey: Guid(0e97bc9d8f29f9b41a5dafd36df52ef1) Importer(815301076,1909f56bfc062723c751e8b465ee728b)
Start importing Assets/Scripts/BuildingTriangleBuffer.cs using Guid(0e97bc9d8f29f9b41a5dafd36df52ef1) Importer(815301076,1909f56bfc062723c751e8b465ee728b) (PreviewImporter) -> (artifact id: '00000000000000000000000000000000') in 0.001333 seconds
Import Error Code:(4)
Message: Build asset version error: assets/scripts/buildingtrianglebuffer.cs in SourceAssetDB has modification time of '2025-07-20T10:16:04.2273426Z' while content on disk has modification time of '2025-07-20T10:16:08.9692787Z'
  ERROR: Build asset version error: assets/scripts/buildingtrianglebuffer.cs in SourceAssetDB has modification time of '2025-07-20T10:16:04.2273426Z' while content on disk has modification time of '2025-07-20T10:16:08.9692787Z'
Number of updated asset objects reloaded before import = 0Number of asset objects unloaded after import = 0

========================================================================
Received Import Request.
  Time since last request: 0.000020 seconds.
  path: Assets/Scripts/BuildingTriangleBuffer.cs
  artifactKey: Guid(0e97bc9d8f29f9b41a5dafd36df52ef1) Importer(815301076,1909f56bfc062723c751e8b465ee728b)
Start importing Assets/Scripts/BuildingTriangleBuffer.cs using Guid(0e97bc9d8f29f9b41a5dafd36df52ef1) Importer(815301076,1909f56bfc062723c751e8b465ee728b) (PreviewImporter) -> (artifact id: '00000000000000000000000000000000') in 0.000753 seconds
Import Error Code:(4)
Message: Build asset version error: assets/scripts/buildingtrianglebuffer.cs in SourceAssetDB has modification time of '2025-07-20T10:16:04.2273426Z' while content on disk has modification time of '2025-07-20T10:16:08.9692787Z'
  ERROR: Build asset version error: assets/scripts/buildingtrianglebuffer.cs in SourceAssetDB has modification time of '2025-07-20T10:16:04.2273426Z' while content on disk has modification time of '2025-07-20T10:16:08.9692787Z'
Number of updated asset objects reloaded before import = 0Number of asset objects unloaded after import = 0

========================================================================
Received Import Request.
  Time since last request: 0.000027 seconds.
  path: Assets/Scripts/BuildingTriangleBuffer.cs
  artifactKey: Guid(0e97bc9d8f29f9b41a5dafd36df52ef1) Importer(815301076,1909f56bfc062723c751e8b465ee728b)
Start importing Assets/Scripts/BuildingTriangleBuffer.cs using Guid(0e97bc9d8f29f9b41a5dafd36df52ef1) Importer(815301076,1909f56bfc062723c751e8b465ee728b) (PreviewImporter) -> (artifact id: '00000000000000000000000000000000') in 0.0030061 seconds
Import Error Code:(4)
Message: Build asset version error: assets/scripts/buildingtrianglebuffer.cs in SourceAssetDB has modification time of '2025-07-20T10:16:04.2273426Z' while content on disk has modification time of '2025-07-20T10:16:08.9692787Z'
  ERROR: Build asset version error: assets/scripts/buildingtrianglebuffer.cs in SourceAssetDB has modification time of '2025-07-20T10:16:04.2273426Z' while content on disk has modification time of '2025-07-20T10:16:08.9692787Z'
Number of updated asset objects reloaded before import = 0Number of asset objects unloaded after import = 0

========================================================================
Received Import Request.
  Time since last request: 0.000018 seconds.
  path: Assets/Scripts/BuildingTriangleBuffer.cs
  artifactKey: Guid(0e97bc9d8f29f9b41a5dafd36df52ef1) Importer(815301076,1909f56bfc062723c751e8b465ee728b)
Start importing Assets/Scripts/BuildingTriangleBuffer.cs using Guid(0e97bc9d8f29f9b41a5dafd36df52ef1) Importer(815301076,1909f56bfc062723c751e8b465ee728b) (PreviewImporter) -> (artifact id: '00000000000000000000000000000000') in 0.0009255 seconds
Import Error Code:(4)
Message: Build asset version error: assets/scripts/buildingtrianglebuffer.cs in SourceAssetDB has modification time of '2025-07-20T10:16:04.2273426Z' while content on disk has modification time of '2025-07-20T10:16:08.9692787Z'
  ERROR: Build asset version error: assets/scripts/buildingtrianglebuffer.cs in SourceAssetDB has modification time of '2025-07-20T10:16:04.2273426Z' while content on disk has modification time of '2025-07-20T10:16:08.9692787Z'
Number of updated asset objects reloaded before import = 0Number of asset objects unloaded after import = 0

========================================================================
Received Import Request.
  Time since last request: 0.000021 seconds.
  path: Assets/Scripts/BuildingTriangleBuffer.cs
  artifactKey: Guid(0e97bc9d8f29f9b41a5dafd36df52ef1) Importer(815301076,1909f56bfc062723c751e8b465ee728b)
Start importing Assets/Scripts/BuildingTriangleBuffer.cs using Guid(0e97bc9d8f29f9b41a5dafd36df52ef1) Importer(815301076,1909f56bfc062723c751e8b465ee728b) (PreviewImporter) -> (artifact id: '00000000000000000000000000000000') in 0.0005719 seconds
Import Error Code:(4)
Message: Build asset version error: assets/scripts/buildingtrianglebuffer.cs in SourceAssetDB has modification time of '2025-07-20T10:16:04.2273426Z' while content on disk has modification time of '2025-07-20T10:16:08.9692787Z'
  ERROR: Build asset version error: assets/scripts/buildingtrianglebuffer.cs in SourceAssetDB has modification time of '2025-07-20T10:16:04.2273426Z' while content on disk has modification time of '2025-07-20T10:16:08.9692787Z'
Number of updated asset objects reloaded before import = 0Number of asset objects unloaded after import = 0

========================================================================
Received Import Request.
  Time since last request: 0.000036 seconds.
  path: Assets/Scripts/BuildingTriangleBuffer.cs
  artifactKey: Guid(0e97bc9d8f29f9b41a5dafd36df52ef1) Importer(815301076,1909f56bfc062723c751e8b465ee728b)
Start importing Assets/Scripts/BuildingTriangleBuffer.cs using Guid(0e97bc9d8f29f9b41a5dafd36df52ef1) Importer(815301076,1909f56bfc062723c751e8b465ee728b) (PreviewImporter) -> (artifact id: '00000000000000000000000000000000') in 0.0005285 seconds
Import Error Code:(4)
Message: Build asset version error: assets/scripts/buildingtrianglebuffer.cs in SourceAssetDB has modification time of '2025-07-20T10:16:04.2273426Z' while content on disk has modification time of '2025-07-20T10:16:08.9692787Z'
  ERROR: Build asset version error: assets/scripts/buildingtrianglebuffer.cs in SourceAssetDB has modification time of '2025-07-20T10:16:04.2273426Z' while content on disk has modification time of '2025-07-20T10:16:08.9692787Z'
Number of updated asset objects reloaded before import = 0Number of asset objects unloaded after import = 0

========================================================================
Received Import Request.
  Time since last request: 0.000016 seconds.
  path: Assets/Scripts/BuildingTriangleBuffer.cs
  artifactKey: Guid(0e97bc9d8f29f9b41a5dafd36df52ef1) Importer(815301076,1909f56bfc062723c751e8b465ee728b)
Start importing Assets/Scripts/BuildingTriangleBuffer.cs using Guid(0e97bc9d8f29f9b41a5dafd36df52ef1) Importer(815301076,1909f56bfc062723c751e8b465ee728b) (PreviewImporter) -> (artifact id: '00000000000000000000000000000000') in 0.0005239 seconds
Import Error Code:(4)
Message: Build asset version error: assets/scripts/buildingtrianglebuffer.cs in SourceAssetDB has modification time of '2025-07-20T10:16:04.2273426Z' while content on disk has modification time of '2025-07-20T10:16:08.9692787Z'
  ERROR: Build asset version error: assets/scripts/buildingtrianglebuffer.cs in SourceAssetDB has modification time of '2025-07-20T10:16:04.2273426Z' while content on disk has modification time of '2025-07-20T10:16:08.9692787Z'
Number of updated asset objects reloaded before import = 0Number of asset objects unloaded after import = 0

========================================================================
Received Import Request.
  Time since last request: 0.000037 seconds.
  path: Assets/Scripts/BuildingTriangleBuffer.cs
  artifactKey: Guid(0e97bc9d8f29f9b41a5dafd36df52ef1) Importer(815301076,1909f56bfc062723c751e8b465ee728b)
Start importing Assets/Scripts/BuildingTriangleBuffer.cs using Guid(0e97bc9d8f29f9b41a5dafd36df52ef1) Importer(815301076,1909f56bfc062723c751e8b465ee728b) (PreviewImporter) -> (artifact id: '00000000000000000000000000000000') in 0.0010214 seconds
Import Error Code:(4)
Message: Build asset version error: assets/scripts/buildingtrianglebuffer.cs in SourceAssetDB has modification time of '2025-07-20T10:16:04.2273426Z' while content on disk has modification time of '2025-07-20T10:16:08.9692787Z'
  ERROR: Build asset version error: assets/scripts/buildingtrianglebuffer.cs in SourceAssetDB has modification time of '2025-07-20T10:16:04.2273426Z' while content on disk has modification time of '2025-07-20T10:16:08.9692787Z'
Number of updated asset objects reloaded before import = 0Number of asset objects unloaded after import = 0

========================================================================
Received Import Request.
  Time since last request: 0.000018 seconds.
  path: Assets/Scripts/BuildingTriangleBuffer.cs
  artifactKey: Guid(0e97bc9d8f29f9b41a5dafd36df52ef1) Importer(815301076,1909f56bfc062723c751e8b465ee728b)
Start importing Assets/Scripts/BuildingTriangleBuffer.cs using Guid(0e97bc9d8f29f9b41a5dafd36df52ef1) Importer(815301076,1909f56bfc062723c751e8b465ee728b) (PreviewImporter) -> (artifact id: '00000000000000000000000000000000') in 0.0005159 seconds
Import Error Code:(4)
Message: Build asset version error: assets/scripts/buildingtrianglebuffer.cs in SourceAssetDB has modification time of '2025-07-20T10:16:04.2273426Z' while content on disk has modification time of '2025-07-20T10:16:08.9692787Z'
  ERROR: Build asset version error: assets/scripts/buildingtrianglebuffer.cs in SourceAssetDB has modification time of '2025-07-20T10:16:04.2273426Z' while content on disk has modification time of '2025-07-20T10:16:08.9692787Z'
Number of updated asset objects reloaded before import = 0Number of asset objects unloaded after import = 0

========================================================================
Received Import Request.
  Time since last request: 0.000020 seconds.
  path: Assets/Scripts/BuildingTriangleBuffer.cs
  artifactKey: Guid(0e97bc9d8f29f9b41a5dafd36df52ef1) Importer(815301076,1909f56bfc062723c751e8b465ee728b)
Start importing Assets/Scripts/BuildingTriangleBuffer.cs using Guid(0e97bc9d8f29f9b41a5dafd36df52ef1) Importer(815301076,1909f56bfc062723c751e8b465ee728b) (PreviewImporter) -> (artifact id: '00000000000000000000000000000000') in 0.0006112 seconds
Import Error Code:(4)
Message: Build asset version error: assets/scripts/buildingtrianglebuffer.cs in SourceAssetDB has modification time of '2025-07-20T10:16:04.2273426Z' while content on disk has modification time of '2025-07-20T10:16:08.9692787Z'
  ERROR: Build asset version error: assets/scripts/buildingtrianglebuffer.cs in SourceAssetDB has modification time of '2025-07-20T10:16:04.2273426Z' while content on disk has modification time of '2025-07-20T10:16:08.9692787Z'
Number of updated asset objects reloaded before import = 0Number of asset objects unloaded after import = 0

========================================================================
Received Import Request.
  Time since last request: 0.000026 seconds.
  path: Assets/Scripts/BuildingTriangleBuffer.cs
  artifactKey: Guid(0e97bc9d8f29f9b41a5dafd36df52ef1) Importer(815301076,1909f56bfc062723c751e8b465ee728b)
Start importing Assets/Scripts/BuildingTriangleBuffer.cs using Guid(0e97bc9d8f29f9b41a5dafd36df52ef1) Importer(815301076,1909f56bfc062723c751e8b465ee728b) (PreviewImporter) -> (artifact id: '00000000000000000000000000000000') in 0.0005347 seconds
Import Error Code:(4)
Message: Build asset version error: assets/scripts/buildingtrianglebuffer.cs in SourceAssetDB has modification time of '2025-07-20T10:16:04.2273426Z' while content on disk has modification time of '2025-07-20T10:16:08.9692787Z'
  ERROR: Build asset version error: assets/scripts/buildingtrianglebuffer.cs in SourceAssetDB has modification time of '2025-07-20T10:16:04.2273426Z' while content on disk has modification time of '2025-07-20T10:16:08.9692787Z'
Number of updated asset objects reloaded before import = 0Number of asset objects unloaded after import = 0

========================================================================
Received Import Request.
  Time since last request: 0.000026 seconds.
  path: Assets/Scripts/BuildingTriangleBuffer.cs
  artifactKey: Guid(0e97bc9d8f29f9b41a5dafd36df52ef1) Importer(815301076,1909f56bfc062723c751e8b465ee728b)
Start importing Assets/Scripts/BuildingTriangleBuffer.cs using Guid(0e97bc9d8f29f9b41a5dafd36df52ef1) Importer(815301076,1909f56bfc062723c751e8b465ee728b) (PreviewImporter) -> (artifact id: '00000000000000000000000000000000') in 0.0005387 seconds
Import Error Code:(4)
Message: Build asset version error: assets/scripts/buildingtrianglebuffer.cs in SourceAssetDB has modification time of '2025-07-20T10:16:04.2273426Z' while content on disk has modification time of '2025-07-20T10:16:08.9692787Z'
  ERROR: Build asset version error: assets/scripts/buildingtrianglebuffer.cs in SourceAssetDB has modification time of '2025-07-20T10:16:04.2273426Z' while content on disk has modification time of '2025-07-20T10:16:08.9692787Z'
Number of updated asset objects reloaded before import = 0Number of asset objects unloaded after import = 0

========================================================================
Received Import Request.
  Time since last request: 0.000038 seconds.
  path: Assets/Scripts/BuildingTriangleBuffer.cs
  artifactKey: Guid(0e97bc9d8f29f9b41a5dafd36df52ef1) Importer(815301076,1909f56bfc062723c751e8b465ee728b)
Start importing Assets/Scripts/BuildingTriangleBuffer.cs using Guid(0e97bc9d8f29f9b41a5dafd36df52ef1) Importer(815301076,1909f56bfc062723c751e8b465ee728b) (PreviewImporter) -> (artifact id: '00000000000000000000000000000000') in 0.0037127 seconds
Import Error Code:(4)
Message: Build asset version error: assets/scripts/buildingtrianglebuffer.cs in SourceAssetDB has modification time of '2025-07-20T10:16:04.2273426Z' while content on disk has modification time of '2025-07-20T10:16:08.9692787Z'
  ERROR: Build asset version error: assets/scripts/buildingtrianglebuffer.cs in SourceAssetDB has modification time of '2025-07-20T10:16:04.2273426Z' while content on disk has modification time of '2025-07-20T10:16:08.9692787Z'
Number of updated asset objects reloaded before import = 0Number of asset objects unloaded after import = 0

========================================================================
Received Import Request.
  Time since last request: 0.000029 seconds.
  path: Assets/Scripts/BuildingTriangleBuffer.cs
  artifactKey: Guid(0e97bc9d8f29f9b41a5dafd36df52ef1) Importer(815301076,1909f56bfc062723c751e8b465ee728b)
Start importing Assets/Scripts/BuildingTriangleBuffer.cs using Guid(0e97bc9d8f29f9b41a5dafd36df52ef1) Importer(815301076,1909f56bfc062723c751e8b465ee728b) (PreviewImporter) -> (artifact id: '00000000000000000000000000000000') in 0.0005331 seconds
Import Error Code:(4)
Message: Build asset version error: assets/scripts/buildingtrianglebuffer.cs in SourceAssetDB has modification time of '2025-07-20T10:16:04.2273426Z' while content on disk has modification time of '2025-07-20T10:16:08.9692787Z'
  ERROR: Build asset version error: assets/scripts/buildingtrianglebuffer.cs in SourceAssetDB has modification time of '2025-07-20T10:16:04.2273426Z' while content on disk has modification time of '2025-07-20T10:16:08.9692787Z'
Number of updated asset objects reloaded before import = 0Number of asset objects unloaded after import = 0

========================================================================
Received Import Request.
  Time since last request: 0.000046 seconds.
  path: Assets/Scripts/BuildingTriangleBuffer.cs
  artifactKey: Guid(0e97bc9d8f29f9b41a5dafd36df52ef1) Importer(815301076,1909f56bfc062723c751e8b465ee728b)
Start importing Assets/Scripts/BuildingTriangleBuffer.cs using Guid(0e97bc9d8f29f9b41a5dafd36df52ef1) Importer(815301076,1909f56bfc062723c751e8b465ee728b) (PreviewImporter) -> (artifact id: '00000000000000000000000000000000') in 0.0007486 seconds
Import Error Code:(4)
Message: Build asset version error: assets/scripts/buildingtrianglebuffer.cs in SourceAssetDB has modification time of '2025-07-20T10:16:04.2273426Z' while content on disk has modification time of '2025-07-20T10:16:08.9692787Z'
  ERROR: Build asset version error: assets/scripts/buildingtrianglebuffer.cs in SourceAssetDB has modification time of '2025-07-20T10:16:04.2273426Z' while content on disk has modification time of '2025-07-20T10:16:08.9692787Z'
Number of updated asset objects reloaded before import = 0Number of asset objects unloaded after import = 0

========================================================================
Received Import Request.
  Time since last request: 0.000018 seconds.
  path: Assets/Scripts/BuildingTriangleBuffer.cs
  artifactKey: Guid(0e97bc9d8f29f9b41a5dafd36df52ef1) Importer(815301076,1909f56bfc062723c751e8b465ee728b)
Start importing Assets/Scripts/BuildingTriangleBuffer.cs using Guid(0e97bc9d8f29f9b41a5dafd36df52ef1) Importer(815301076,1909f56bfc062723c751e8b465ee728b) (PreviewImporter) -> (artifact id: '00000000000000000000000000000000') in 0.0006312 seconds
Import Error Code:(4)
Message: Build asset version error: assets/scripts/buildingtrianglebuffer.cs in SourceAssetDB has modification time of '2025-07-20T10:16:04.2273426Z' while content on disk has modification time of '2025-07-20T10:16:08.9692787Z'
  ERROR: Build asset version error: assets/scripts/buildingtrianglebuffer.cs in SourceAssetDB has modification time of '2025-07-20T10:16:04.2273426Z' while content on disk has modification time of '2025-07-20T10:16:08.9692787Z'
Number of updated asset objects reloaded before import = 0Number of asset objects unloaded after import = 0

========================================================================
Received Import Request.
  Time since last request: 0.000027 seconds.
  path: Assets/Scripts/BuildingTriangleBuffer.cs
  artifactKey: Guid(0e97bc9d8f29f9b41a5dafd36df52ef1) Importer(815301076,1909f56bfc062723c751e8b465ee728b)
Start importing Assets/Scripts/BuildingTriangleBuffer.cs using Guid(0e97bc9d8f29f9b41a5dafd36df52ef1) Importer(815301076,1909f56bfc062723c751e8b465ee728b) (PreviewImporter) -> (artifact id: '00000000000000000000000000000000') in 0.0005323 seconds
Import Error Code:(4)
Message: Build asset version error: assets/scripts/buildingtrianglebuffer.cs in SourceAssetDB has modification time of '2025-07-20T10:16:04.2273426Z' while content on disk has modification time of '2025-07-20T10:16:08.9692787Z'
  ERROR: Build asset version error: assets/scripts/buildingtrianglebuffer.cs in SourceAssetDB has modification time of '2025-07-20T10:16:04.2273426Z' while content on disk has modification time of '2025-07-20T10:16:08.9692787Z'
Number of updated asset objects reloaded before import = 0Number of asset objects unloaded after import = 0

========================================================================
Received Import Request.
  Time since last request: 0.000024 seconds.
  path: Assets/Scripts/BuildingTriangleBuffer.cs
  artifactKey: Guid(0e97bc9d8f29f9b41a5dafd36df52ef1) Importer(815301076,1909f56bfc062723c751e8b465ee728b)
Start importing Assets/Scripts/BuildingTriangleBuffer.cs using Guid(0e97bc9d8f29f9b41a5dafd36df52ef1) Importer(815301076,1909f56bfc062723c751e8b465ee728b) (PreviewImporter) -> (artifact id: '00000000000000000000000000000000') in 0.0005385 seconds
Import Error Code:(4)
Message: Build asset version error: assets/scripts/buildingtrianglebuffer.cs in SourceAssetDB has modification time of '2025-07-20T10:16:04.2273426Z' while content on disk has modification time of '2025-07-20T10:16:08.9692787Z'
  ERROR: Build asset version error: assets/scripts/buildingtrianglebuffer.cs in SourceAssetDB has modification time of '2025-07-20T10:16:04.2273426Z' while content on disk has modification time of '2025-07-20T10:16:08.9692787Z'
Number of updated asset objects reloaded before import = 0Number of asset objects unloaded after import = 0

========================================================================
Received Import Request.
  Time since last request: 0.000026 seconds.
  path: Assets/Scripts/BuildingTriangleBuffer.cs
  artifactKey: Guid(0e97bc9d8f29f9b41a5dafd36df52ef1) Importer(815301076,1909f56bfc062723c751e8b465ee728b)
Start importing Assets/Scripts/BuildingTriangleBuffer.cs using Guid(0e97bc9d8f29f9b41a5dafd36df52ef1) Importer(815301076,1909f56bfc062723c751e8b465ee728b) (PreviewImporter) -> (artifact id: '00000000000000000000000000000000') in 0.0005948 seconds
Import Error Code:(4)
Message: Build asset version error: assets/scripts/buildingtrianglebuffer.cs in SourceAssetDB has modification time of '2025-07-20T10:16:04.2273426Z' while content on disk has modification time of '2025-07-20T10:16:08.9692787Z'
  ERROR: Build asset version error: assets/scripts/buildingtrianglebuffer.cs in SourceAssetDB has modification time of '2025-07-20T10:16:04.2273426Z' while content on disk has modification time of '2025-07-20T10:16:08.9692787Z'
Number of updated asset objects reloaded before import = 0Number of asset objects unloaded after import = 0

========================================================================
Received Import Request.
  Time since last request: 0.000022 seconds.
  path: Assets/Scripts/BuildingTriangleBuffer.cs
  artifactKey: Guid(0e97bc9d8f29f9b41a5dafd36df52ef1) Importer(815301076,1909f56bfc062723c751e8b465ee728b)
Start importing Assets/Scripts/BuildingTriangleBuffer.cs using Guid(0e97bc9d8f29f9b41a5dafd36df52ef1) Importer(815301076,1909f56bfc062723c751e8b465ee728b) (PreviewImporter) -> (artifact id: '00000000000000000000000000000000') in 0.0005634 seconds
Import Error Code:(4)
Message: Build asset version error: assets/scripts/buildingtrianglebuffer.cs in SourceAssetDB has modification time of '2025-07-20T10:16:04.2273426Z' while content on disk has modification time of '2025-07-20T10:16:08.9692787Z'
  ERROR: Build asset version error: assets/scripts/buildingtrianglebuffer.cs in SourceAssetDB has modification time of '2025-07-20T10:16:04.2273426Z' while content on disk has modification time of '2025-07-20T10:16:08.9692787Z'
Number of updated asset objects reloaded before import = 0Number of asset objects unloaded after import = 0

========================================================================
Received Import Request.
  Time since last request: 0.000030 seconds.
  path: Assets/Scripts/BuildingTriangleBuffer.cs
  artifactKey: Guid(0e97bc9d8f29f9b41a5dafd36df52ef1) Importer(815301076,1909f56bfc062723c751e8b465ee728b)
Start importing Assets/Scripts/BuildingTriangleBuffer.cs using Guid(0e97bc9d8f29f9b41a5dafd36df52ef1) Importer(815301076,1909f56bfc062723c751e8b465ee728b) (PreviewImporter) -> (artifact id: '00000000000000000000000000000000') in 0.0005717 seconds
Import Error Code:(4)
Message: Build asset version error: assets/scripts/buildingtrianglebuffer.cs in SourceAssetDB has modification time of '2025-07-20T10:16:04.2273426Z' while content on disk has modification time of '2025-07-20T10:16:28.6597278Z'
  ERROR: Build asset version error: assets/scripts/buildingtrianglebuffer.cs in SourceAssetDB has modification time of '2025-07-20T10:16:04.2273426Z' while content on disk has modification time of '2025-07-20T10:16:28.6597278Z'
Number of updated asset objects reloaded before import = 0Number of asset objects unloaded after import = 0

========================================================================
Received Import Request.
  Time since last request: 0.000016 seconds.
  path: Assets/Scripts/BuildingTriangleBuffer.cs
  artifactKey: Guid(0e97bc9d8f29f9b41a5dafd36df52ef1) Importer(815301076,1909f56bfc062723c751e8b465ee728b)
Start importing Assets/Scripts/BuildingTriangleBuffer.cs using Guid(0e97bc9d8f29f9b41a5dafd36df52ef1) Importer(815301076,1909f56bfc062723c751e8b465ee728b) (PreviewImporter) -> (artifact id: '00000000000000000000000000000000') in 0.0005579 seconds
Import Error Code:(4)
Message: Build asset version error: assets/scripts/buildingtrianglebuffer.cs in SourceAssetDB has modification time of '2025-07-20T10:16:04.2273426Z' while content on disk has modification time of '2025-07-20T10:16:28.6597278Z'
  ERROR: Build asset version error: assets/scripts/buildingtrianglebuffer.cs in SourceAssetDB has modification time of '2025-07-20T10:16:04.2273426Z' while content on disk has modification time of '2025-07-20T10:16:28.6597278Z'
Number of updated asset objects reloaded before import = 0Number of asset objects unloaded after import = 0

========================================================================
Received Import Request.
  Time since last request: 0.000023 seconds.
  path: Assets/Scripts/BuildingTriangleBuffer.cs
  artifactKey: Guid(0e97bc9d8f29f9b41a5dafd36df52ef1) Importer(815301076,1909f56bfc062723c751e8b465ee728b)
Start importing Assets/Scripts/BuildingTriangleBuffer.cs using Guid(0e97bc9d8f29f9b41a5dafd36df52ef1) Importer(815301076,1909f56bfc062723c751e8b465ee728b) (PreviewImporter) -> (artifact id: '00000000000000000000000000000000') in 0.0010391 seconds
Import Error Code:(4)
Message: Build asset version error: assets/scripts/buildingtrianglebuffer.cs in SourceAssetDB has modification time of '2025-07-20T10:16:04.2273426Z' while content on disk has modification time of '2025-07-20T10:16:28.6597278Z'
  ERROR: Build asset version error: assets/scripts/buildingtrianglebuffer.cs in SourceAssetDB has modification time of '2025-07-20T10:16:04.2273426Z' while content on disk has modification time of '2025-07-20T10:16:28.6597278Z'
Number of updated asset objects reloaded before import = 0Number of asset objects unloaded after import = 0

========================================================================
Received Import Request.
  Time since last request: 0.000031 seconds.
  path: Assets/Scripts/BuildingTriangleBuffer.cs
  artifactKey: Guid(0e97bc9d8f29f9b41a5dafd36df52ef1) Importer(815301076,1909f56bfc062723c751e8b465ee728b)
Start importing Assets/Scripts/BuildingTriangleBuffer.cs using Guid(0e97bc9d8f29f9b41a5dafd36df52ef1) Importer(815301076,1909f56bfc062723c751e8b465ee728b) (PreviewImporter) -> (artifact id: '00000000000000000000000000000000') in 0.0005094 seconds
Import Error Code:(4)
Message: Build asset version error: assets/scripts/buildingtrianglebuffer.cs in SourceAssetDB has modification time of '2025-07-20T10:16:04.2273426Z' while content on disk has modification time of '2025-07-20T10:16:28.6597278Z'
  ERROR: Build asset version error: assets/scripts/buildingtrianglebuffer.cs in SourceAssetDB has modification time of '2025-07-20T10:16:04.2273426Z' while content on disk has modification time of '2025-07-20T10:16:28.6597278Z'
Number of updated asset objects reloaded before import = 0Number of asset objects unloaded after import = 0

========================================================================
Received Import Request.
  Time since last request: 0.000018 seconds.
  path: Assets/Scripts/BuildingTriangleBuffer.cs
  artifactKey: Guid(0e97bc9d8f29f9b41a5dafd36df52ef1) Importer(815301076,1909f56bfc062723c751e8b465ee728b)
Start importing Assets/Scripts/BuildingTriangleBuffer.cs using Guid(0e97bc9d8f29f9b41a5dafd36df52ef1) Importer(815301076,1909f56bfc062723c751e8b465ee728b) (PreviewImporter) -> (artifact id: '00000000000000000000000000000000') in 0.0008272 seconds
Import Error Code:(4)
Message: Build asset version error: assets/scripts/buildingtrianglebuffer.cs in SourceAssetDB has modification time of '2025-07-20T10:16:04.2273426Z' while content on disk has modification time of '2025-07-20T10:16:28.6597278Z'
  ERROR: Build asset version error: assets/scripts/buildingtrianglebuffer.cs in SourceAssetDB has modification time of '2025-07-20T10:16:04.2273426Z' while content on disk has modification time of '2025-07-20T10:16:28.6597278Z'
Number of updated asset objects reloaded before import = 0Number of asset objects unloaded after import = 0

========================================================================
Received Import Request.
  Time since last request: 0.000029 seconds.
  path: Assets/Scripts/BuildingTriangleBuffer.cs
  artifactKey: Guid(0e97bc9d8f29f9b41a5dafd36df52ef1) Importer(815301076,1909f56bfc062723c751e8b465ee728b)
Start importing Assets/Scripts/BuildingTriangleBuffer.cs using Guid(0e97bc9d8f29f9b41a5dafd36df52ef1) Importer(815301076,1909f56bfc062723c751e8b465ee728b) (PreviewImporter) -> (artifact id: '00000000000000000000000000000000') in 0.0007557 seconds
Import Error Code:(4)
Message: Build asset version error: assets/scripts/buildingtrianglebuffer.cs in SourceAssetDB has modification time of '2025-07-20T10:16:04.2273426Z' while content on disk has modification time of '2025-07-20T10:16:28.6597278Z'
  ERROR: Build asset version error: assets/scripts/buildingtrianglebuffer.cs in SourceAssetDB has modification time of '2025-07-20T10:16:04.2273426Z' while content on disk has modification time of '2025-07-20T10:16:28.6597278Z'
Number of updated asset objects reloaded before import = 0Number of asset objects unloaded after import = 0

========================================================================
Received Import Request.
  Time since last request: 0.000017 seconds.
  path: Assets/Scripts/BuildingTriangleBuffer.cs
  artifactKey: Guid(0e97bc9d8f29f9b41a5dafd36df52ef1) Importer(815301076,1909f56bfc062723c751e8b465ee728b)
Start importing Assets/Scripts/BuildingTriangleBuffer.cs using Guid(0e97bc9d8f29f9b41a5dafd36df52ef1) Importer(815301076,1909f56bfc062723c751e8b465ee728b) (PreviewImporter) -> (artifact id: '00000000000000000000000000000000') in 0.0005209 seconds
Import Error Code:(4)
Message: Build asset version error: assets/scripts/buildingtrianglebuffer.cs in SourceAssetDB has modification time of '2025-07-20T10:16:04.2273426Z' while content on disk has modification time of '2025-07-20T10:16:28.6597278Z'
  ERROR: Build asset version error: assets/scripts/buildingtrianglebuffer.cs in SourceAssetDB has modification time of '2025-07-20T10:16:04.2273426Z' while content on disk has modification time of '2025-07-20T10:16:28.6597278Z'
Number of updated asset objects reloaded before import = 0Number of asset objects unloaded after import = 0

========================================================================
Received Import Request.
  Time since last request: 0.000025 seconds.
  path: Assets/Scripts/BuildingTriangleBuffer.cs
  artifactKey: Guid(0e97bc9d8f29f9b41a5dafd36df52ef1) Importer(815301076,1909f56bfc062723c751e8b465ee728b)
Start importing Assets/Scripts/BuildingTriangleBuffer.cs using Guid(0e97bc9d8f29f9b41a5dafd36df52ef1) Importer(815301076,1909f56bfc062723c751e8b465ee728b) (PreviewImporter) -> (artifact id: '00000000000000000000000000000000') in 0.0009589 seconds
Import Error Code:(4)
Message: Build asset version error: assets/scripts/buildingtrianglebuffer.cs in SourceAssetDB has modification time of '2025-07-20T10:16:04.2273426Z' while content on disk has modification time of '2025-07-20T10:16:28.6597278Z'
  ERROR: Build asset version error: assets/scripts/buildingtrianglebuffer.cs in SourceAssetDB has modification time of '2025-07-20T10:16:04.2273426Z' while content on disk has modification time of '2025-07-20T10:16:28.6597278Z'
Number of updated asset objects reloaded before import = 0Number of asset objects unloaded after import = 0

========================================================================
Received Import Request.
  Time since last request: 0.000022 seconds.
  path: Assets/Scripts/BuildingTriangleBuffer.cs
  artifactKey: Guid(0e97bc9d8f29f9b41a5dafd36df52ef1) Importer(815301076,1909f56bfc062723c751e8b465ee728b)
Start importing Assets/Scripts/BuildingTriangleBuffer.cs using Guid(0e97bc9d8f29f9b41a5dafd36df52ef1) Importer(815301076,1909f56bfc062723c751e8b465ee728b) (PreviewImporter) -> (artifact id: '00000000000000000000000000000000') in 0.0005275 seconds
Import Error Code:(4)
Message: Build asset version error: assets/scripts/buildingtrianglebuffer.cs in SourceAssetDB has modification time of '2025-07-20T10:16:04.2273426Z' while content on disk has modification time of '2025-07-20T10:16:28.6597278Z'
  ERROR: Build asset version error: assets/scripts/buildingtrianglebuffer.cs in SourceAssetDB has modification time of '2025-07-20T10:16:04.2273426Z' while content on disk has modification time of '2025-07-20T10:16:28.6597278Z'
Number of updated asset objects reloaded before import = 0Number of asset objects unloaded after import = 0

========================================================================
Received Import Request.
  Time since last request: 0.000066 seconds.
  path: Assets/Scripts/BuildingTriangleBuffer.cs
  artifactKey: Guid(0e97bc9d8f29f9b41a5dafd36df52ef1) Importer(815301076,1909f56bfc062723c751e8b465ee728b)
Start importing Assets/Scripts/BuildingTriangleBuffer.cs using Guid(0e97bc9d8f29f9b41a5dafd36df52ef1) Importer(815301076,1909f56bfc062723c751e8b465ee728b) (PreviewImporter) -> (artifact id: '00000000000000000000000000000000') in 0.0006988 seconds
Import Error Code:(4)
Message: Build asset version error: assets/scripts/buildingtrianglebuffer.cs in SourceAssetDB has modification time of '2025-07-20T10:16:04.2273426Z' while content on disk has modification time of '2025-07-20T10:16:28.6597278Z'
  ERROR: Build asset version error: assets/scripts/buildingtrianglebuffer.cs in SourceAssetDB has modification time of '2025-07-20T10:16:04.2273426Z' while content on disk has modification time of '2025-07-20T10:16:28.6597278Z'
Number of updated asset objects reloaded before import = 0Number of asset objects unloaded after import = 0

========================================================================
Received Import Request.
  Time since last request: 0.000015 seconds.
  path: Assets/Scripts/BuildingTriangleBuffer.cs
  artifactKey: Guid(0e97bc9d8f29f9b41a5dafd36df52ef1) Importer(815301076,1909f56bfc062723c751e8b465ee728b)
Start importing Assets/Scripts/BuildingTriangleBuffer.cs using Guid(0e97bc9d8f29f9b41a5dafd36df52ef1) Importer(815301076,1909f56bfc062723c751e8b465ee728b) (PreviewImporter) -> (artifact id: '00000000000000000000000000000000') in 0.0005583 seconds
Import Error Code:(4)
Message: Build asset version error: assets/scripts/buildingtrianglebuffer.cs in SourceAssetDB has modification time of '2025-07-20T10:16:04.2273426Z' while content on disk has modification time of '2025-07-20T10:16:28.6597278Z'
  ERROR: Build asset version error: assets/scripts/buildingtrianglebuffer.cs in SourceAssetDB has modification time of '2025-07-20T10:16:04.2273426Z' while content on disk has modification time of '2025-07-20T10:16:28.6597278Z'
Number of updated asset objects reloaded before import = 0Number of asset objects unloaded after import = 0

========================================================================
Received Import Request.
  Time since last request: 0.000019 seconds.
  path: Assets/Scripts/BuildingTriangleBuffer.cs
  artifactKey: Guid(0e97bc9d8f29f9b41a5dafd36df52ef1) Importer(815301076,1909f56bfc062723c751e8b465ee728b)
Start importing Assets/Scripts/BuildingTriangleBuffer.cs using Guid(0e97bc9d8f29f9b41a5dafd36df52ef1) Importer(815301076,1909f56bfc062723c751e8b465ee728b) (PreviewImporter) -> (artifact id: '00000000000000000000000000000000') in 0.0008128 seconds
Import Error Code:(4)
Message: Build asset version error: assets/scripts/buildingtrianglebuffer.cs in SourceAssetDB has modification time of '2025-07-20T10:16:04.2273426Z' while content on disk has modification time of '2025-07-20T10:16:28.6597278Z'
  ERROR: Build asset version error: assets/scripts/buildingtrianglebuffer.cs in SourceAssetDB has modification time of '2025-07-20T10:16:04.2273426Z' while content on disk has modification time of '2025-07-20T10:16:28.6597278Z'
Number of updated asset objects reloaded before import = 0Number of asset objects unloaded after import = 0

========================================================================
Received Import Request.
  Time since last request: 0.000016 seconds.
  path: Assets/Scripts/BuildingTriangleBuffer.cs
  artifactKey: Guid(0e97bc9d8f29f9b41a5dafd36df52ef1) Importer(815301076,1909f56bfc062723c751e8b465ee728b)
Start importing Assets/Scripts/BuildingTriangleBuffer.cs using Guid(0e97bc9d8f29f9b41a5dafd36df52ef1) Importer(815301076,1909f56bfc062723c751e8b465ee728b) (PreviewImporter) -> (artifact id: '00000000000000000000000000000000') in 0.0005777 seconds
Import Error Code:(4)
Message: Build asset version error: assets/scripts/buildingtrianglebuffer.cs in SourceAssetDB has modification time of '2025-07-20T10:16:04.2273426Z' while content on disk has modification time of '2025-07-20T10:16:28.6597278Z'
  ERROR: Build asset version error: assets/scripts/buildingtrianglebuffer.cs in SourceAssetDB has modification time of '2025-07-20T10:16:04.2273426Z' while content on disk has modification time of '2025-07-20T10:16:28.6597278Z'
Number of updated asset objects reloaded before import = 0Number of asset objects unloaded after import = 0

========================================================================
Received Import Request.
  Time since last request: 0.000028 seconds.
  path: Assets/Scripts/BuildingTriangleBuffer.cs
  artifactKey: Guid(0e97bc9d8f29f9b41a5dafd36df52ef1) Importer(815301076,1909f56bfc062723c751e8b465ee728b)
Start importing Assets/Scripts/BuildingTriangleBuffer.cs using Guid(0e97bc9d8f29f9b41a5dafd36df52ef1) Importer(815301076,1909f56bfc062723c751e8b465ee728b) (PreviewImporter) -> (artifact id: '00000000000000000000000000000000') in 0.0005427 seconds
Import Error Code:(4)
Message: Build asset version error: assets/scripts/buildingtrianglebuffer.cs in SourceAssetDB has modification time of '2025-07-20T10:16:04.2273426Z' while content on disk has modification time of '2025-07-20T10:16:28.6597278Z'
  ERROR: Build asset version error: assets/scripts/buildingtrianglebuffer.cs in SourceAssetDB has modification time of '2025-07-20T10:16:04.2273426Z' while content on disk has modification time of '2025-07-20T10:16:28.6597278Z'
Number of updated asset objects reloaded before import = 0Number of asset objects unloaded after import = 0

========================================================================
Received Import Request.
  Time since last request: 0.000074 seconds.
  path: Assets/Scripts/BuildingTriangleBuffer.cs
  artifactKey: Guid(0e97bc9d8f29f9b41a5dafd36df52ef1) Importer(815301076,1909f56bfc062723c751e8b465ee728b)
Start importing Assets/Scripts/BuildingTriangleBuffer.cs using Guid(0e97bc9d8f29f9b41a5dafd36df52ef1) Importer(815301076,1909f56bfc062723c751e8b465ee728b) (PreviewImporter) -> (artifact id: '00000000000000000000000000000000') in 0.0005404 seconds
Import Error Code:(4)
Message: Build asset version error: assets/scripts/buildingtrianglebuffer.cs in SourceAssetDB has modification time of '2025-07-20T10:16:04.2273426Z' while content on disk has modification time of '2025-07-20T10:16:28.6597278Z'
  ERROR: Build asset version error: assets/scripts/buildingtrianglebuffer.cs in SourceAssetDB has modification time of '2025-07-20T10:16:04.2273426Z' while content on disk has modification time of '2025-07-20T10:16:28.6597278Z'
Number of updated asset objects reloaded before import = 0Number of asset objects unloaded after import = 0

========================================================================
Received Import Request.
  Time since last request: 0.000025 seconds.
  path: Assets/Scripts/BuildingTriangleBuffer.cs
  artifactKey: Guid(0e97bc9d8f29f9b41a5dafd36df52ef1) Importer(815301076,1909f56bfc062723c751e8b465ee728b)
Start importing Assets/Scripts/BuildingTriangleBuffer.cs using Guid(0e97bc9d8f29f9b41a5dafd36df52ef1) Importer(815301076,1909f56bfc062723c751e8b465ee728b) (PreviewImporter) -> (artifact id: '00000000000000000000000000000000') in 0.0006054 seconds
Import Error Code:(4)
Message: Build asset version error: assets/scripts/buildingtrianglebuffer.cs in SourceAssetDB has modification time of '2025-07-20T10:16:04.2273426Z' while content on disk has modification time of '2025-07-20T10:16:28.6597278Z'
  ERROR: Build asset version error: assets/scripts/buildingtrianglebuffer.cs in SourceAssetDB has modification time of '2025-07-20T10:16:04.2273426Z' while content on disk has modification time of '2025-07-20T10:16:28.6597278Z'
Number of updated asset objects reloaded before import = 0Number of asset objects unloaded after import = 0

========================================================================
Received Import Request.
  Time since last request: 0.000021 seconds.
  path: Assets/Scripts/BuildingTriangleBuffer.cs
  artifactKey: Guid(0e97bc9d8f29f9b41a5dafd36df52ef1) Importer(815301076,1909f56bfc062723c751e8b465ee728b)
Start importing Assets/Scripts/BuildingTriangleBuffer.cs using Guid(0e97bc9d8f29f9b41a5dafd36df52ef1) Importer(815301076,1909f56bfc062723c751e8b465ee728b) (PreviewImporter) -> (artifact id: '00000000000000000000000000000000') in 0.0005565 seconds
Import Error Code:(4)
Message: Build asset version error: assets/scripts/buildingtrianglebuffer.cs in SourceAssetDB has modification time of '2025-07-20T10:16:04.2273426Z' while content on disk has modification time of '2025-07-20T10:16:28.6597278Z'
  ERROR: Build asset version error: assets/scripts/buildingtrianglebuffer.cs in SourceAssetDB has modification time of '2025-07-20T10:16:04.2273426Z' while content on disk has modification time of '2025-07-20T10:16:28.6597278Z'
Number of updated asset objects reloaded before import = 0Number of asset objects unloaded after import = 0

========================================================================
Received Import Request.
  Time since last request: 0.000022 seconds.
  path: Assets/Scripts/BuildingTriangleBuffer.cs
  artifactKey: Guid(0e97bc9d8f29f9b41a5dafd36df52ef1) Importer(815301076,1909f56bfc062723c751e8b465ee728b)
Start importing Assets/Scripts/BuildingTriangleBuffer.cs using Guid(0e97bc9d8f29f9b41a5dafd36df52ef1) Importer(815301076,1909f56bfc062723c751e8b465ee728b) (PreviewImporter) -> (artifact id: '00000000000000000000000000000000') in 0.0016856 seconds
Import Error Code:(4)
Message: Build asset version error: assets/scripts/buildingtrianglebuffer.cs in SourceAssetDB has modification time of '2025-07-20T10:16:04.2273426Z' while content on disk has modification time of '2025-07-20T10:16:28.6597278Z'
  ERROR: Build asset version error: assets/scripts/buildingtrianglebuffer.cs in SourceAssetDB has modification time of '2025-07-20T10:16:04.2273426Z' while content on disk has modification time of '2025-07-20T10:16:28.6597278Z'
Number of updated asset objects reloaded before import = 0Number of asset objects unloaded after import = 0

========================================================================
Received Import Request.
  Time since last request: 0.000018 seconds.
  path: Assets/Scripts/BuildingTriangleBuffer.cs
  artifactKey: Guid(0e97bc9d8f29f9b41a5dafd36df52ef1) Importer(815301076,1909f56bfc062723c751e8b465ee728b)
Start importing Assets/Scripts/BuildingTriangleBuffer.cs using Guid(0e97bc9d8f29f9b41a5dafd36df52ef1) Importer(815301076,1909f56bfc062723c751e8b465ee728b) (PreviewImporter) -> (artifact id: '00000000000000000000000000000000') in 0.000556 seconds
Import Error Code:(4)
Message: Build asset version error: assets/scripts/buildingtrianglebuffer.cs in SourceAssetDB has modification time of '2025-07-20T10:16:04.2273426Z' while content on disk has modification time of '2025-07-20T10:16:28.6597278Z'
  ERROR: Build asset version error: assets/scripts/buildingtrianglebuffer.cs in SourceAssetDB has modification time of '2025-07-20T10:16:04.2273426Z' while content on disk has modification time of '2025-07-20T10:16:28.6597278Z'
Number of updated asset objects reloaded before import = 0Number of asset objects unloaded after import = 0

========================================================================
Received Import Request.
  Time since last request: 0.000026 seconds.
  path: Assets/Scripts/BuildingTriangleBuffer.cs
  artifactKey: Guid(0e97bc9d8f29f9b41a5dafd36df52ef1) Importer(815301076,1909f56bfc062723c751e8b465ee728b)
Start importing Assets/Scripts/BuildingTriangleBuffer.cs using Guid(0e97bc9d8f29f9b41a5dafd36df52ef1) Importer(815301076,1909f56bfc062723c751e8b465ee728b) (PreviewImporter) -> (artifact id: '00000000000000000000000000000000') in 0.0007305 seconds
Import Error Code:(4)
Message: Build asset version error: assets/scripts/buildingtrianglebuffer.cs in SourceAssetDB has modification time of '2025-07-20T10:16:04.2273426Z' while content on disk has modification time of '2025-07-20T10:16:28.6597278Z'
  ERROR: Build asset version error: assets/scripts/buildingtrianglebuffer.cs in SourceAssetDB has modification time of '2025-07-20T10:16:04.2273426Z' while content on disk has modification time of '2025-07-20T10:16:28.6597278Z'
Number of updated asset objects reloaded before import = 0Number of asset objects unloaded after import = 0

========================================================================
Received Import Request.
  Time since last request: 0.000021 seconds.
  path: Assets/Scripts/BuildingTriangleBuffer.cs
  artifactKey: Guid(0e97bc9d8f29f9b41a5dafd36df52ef1) Importer(815301076,1909f56bfc062723c751e8b465ee728b)
Start importing Assets/Scripts/BuildingTriangleBuffer.cs using Guid(0e97bc9d8f29f9b41a5dafd36df52ef1) Importer(815301076,1909f56bfc062723c751e8b465ee728b) (PreviewImporter) -> (artifact id: '00000000000000000000000000000000') in 0.0009896 seconds
Import Error Code:(4)
Message: Build asset version error: assets/scripts/buildingtrianglebuffer.cs in SourceAssetDB has modification time of '2025-07-20T10:16:04.2273426Z' while content on disk has modification time of '2025-07-20T10:16:28.6597278Z'
  ERROR: Build asset version error: assets/scripts/buildingtrianglebuffer.cs in SourceAssetDB has modification time of '2025-07-20T10:16:04.2273426Z' while content on disk has modification time of '2025-07-20T10:16:28.6597278Z'
Number of updated asset objects reloaded before import = 0Number of asset objects unloaded after import = 0

========================================================================
Received Import Request.
  Time since last request: 0.000027 seconds.
  path: Assets/Scripts/BuildingTriangleBuffer.cs
  artifactKey: Guid(0e97bc9d8f29f9b41a5dafd36df52ef1) Importer(815301076,1909f56bfc062723c751e8b465ee728b)
Start importing Assets/Scripts/BuildingTriangleBuffer.cs using Guid(0e97bc9d8f29f9b41a5dafd36df52ef1) Importer(815301076,1909f56bfc062723c751e8b465ee728b) (PreviewImporter) -> (artifact id: '00000000000000000000000000000000') in 0.0007339 seconds
Import Error Code:(4)
Message: Build asset version error: assets/scripts/buildingtrianglebuffer.cs in SourceAssetDB has modification time of '2025-07-20T10:16:04.2273426Z' while content on disk has modification time of '2025-07-20T10:16:28.6597278Z'
  ERROR: Build asset version error: assets/scripts/buildingtrianglebuffer.cs in SourceAssetDB has modification time of '2025-07-20T10:16:04.2273426Z' while content on disk has modification time of '2025-07-20T10:16:28.6597278Z'
Number of updated asset objects reloaded before import = 0Number of asset objects unloaded after import = 0

========================================================================
Received Import Request.
  Time since last request: 0.000039 seconds.
  path: Assets/Scripts/BuildingTriangleBuffer.cs
  artifactKey: Guid(0e97bc9d8f29f9b41a5dafd36df52ef1) Importer(815301076,1909f56bfc062723c751e8b465ee728b)
Start importing Assets/Scripts/BuildingTriangleBuffer.cs using Guid(0e97bc9d8f29f9b41a5dafd36df52ef1) Importer(815301076,1909f56bfc062723c751e8b465ee728b) (PreviewImporter) -> (artifact id: '00000000000000000000000000000000') in 0.0006136 seconds
Import Error Code:(4)
Message: Build asset version error: assets/scripts/buildingtrianglebuffer.cs in SourceAssetDB has modification time of '2025-07-20T10:16:04.2273426Z' while content on disk has modification time of '2025-07-20T10:16:28.6597278Z'
  ERROR: Build asset version error: assets/scripts/buildingtrianglebuffer.cs in SourceAssetDB has modification time of '2025-07-20T10:16:04.2273426Z' while content on disk has modification time of '2025-07-20T10:16:28.6597278Z'
Number of updated asset objects reloaded before import = 0Number of asset objects unloaded after import = 0

========================================================================
Received Import Request.
  Time since last request: 0.000028 seconds.
  path: Assets/Scripts/BuildingTriangleBuffer.cs
  artifactKey: Guid(0e97bc9d8f29f9b41a5dafd36df52ef1) Importer(815301076,1909f56bfc062723c751e8b465ee728b)
Start importing Assets/Scripts/BuildingTriangleBuffer.cs using Guid(0e97bc9d8f29f9b41a5dafd36df52ef1) Importer(815301076,1909f56bfc062723c751e8b465ee728b) (PreviewImporter) -> (artifact id: '00000000000000000000000000000000') in 0.0008247 seconds
Import Error Code:(4)
Message: Build asset version error: assets/scripts/buildingtrianglebuffer.cs in SourceAssetDB has modification time of '2025-07-20T10:16:04.2273426Z' while content on disk has modification time of '2025-07-20T10:16:28.6597278Z'
  ERROR: Build asset version error: assets/scripts/buildingtrianglebuffer.cs in SourceAssetDB has modification time of '2025-07-20T10:16:04.2273426Z' while content on disk has modification time of '2025-07-20T10:16:28.6597278Z'
Number of updated asset objects reloaded before import = 0Number of asset objects unloaded after import = 0

========================================================================
Received Import Request.
  Time since last request: 0.000027 seconds.
  path: Assets/Scripts/BuildingTriangleBuffer.cs
  artifactKey: Guid(0e97bc9d8f29f9b41a5dafd36df52ef1) Importer(815301076,1909f56bfc062723c751e8b465ee728b)
Start importing Assets/Scripts/BuildingTriangleBuffer.cs using Guid(0e97bc9d8f29f9b41a5dafd36df52ef1) Importer(815301076,1909f56bfc062723c751e8b465ee728b) (PreviewImporter) -> (artifact id: '00000000000000000000000000000000') in 0.0006765 seconds
Import Error Code:(4)
Message: Build asset version error: assets/scripts/buildingtrianglebuffer.cs in SourceAssetDB has modification time of '2025-07-20T10:16:04.2273426Z' while content on disk has modification time of '2025-07-20T10:16:28.6597278Z'
  ERROR: Build asset version error: assets/scripts/buildingtrianglebuffer.cs in SourceAssetDB has modification time of '2025-07-20T10:16:04.2273426Z' while content on disk has modification time of '2025-07-20T10:16:28.6597278Z'
Number of updated asset objects reloaded before import = 0Number of asset objects unloaded after import = 0

========================================================================
Received Import Request.
  Time since last request: 0.000021 seconds.
  path: Assets/Scripts/BuildingTriangleBuffer.cs
  artifactKey: Guid(0e97bc9d8f29f9b41a5dafd36df52ef1) Importer(815301076,1909f56bfc062723c751e8b465ee728b)
Start importing Assets/Scripts/BuildingTriangleBuffer.cs using Guid(0e97bc9d8f29f9b41a5dafd36df52ef1) Importer(815301076,1909f56bfc062723c751e8b465ee728b) (PreviewImporter) -> (artifact id: '00000000000000000000000000000000') in 0.0009997 seconds
Import Error Code:(4)
Message: Build asset version error: assets/scripts/buildingtrianglebuffer.cs in SourceAssetDB has modification time of '2025-07-20T10:16:04.2273426Z' while content on disk has modification time of '2025-07-20T10:16:28.6597278Z'
  ERROR: Build asset version error: assets/scripts/buildingtrianglebuffer.cs in SourceAssetDB has modification time of '2025-07-20T10:16:04.2273426Z' while content on disk has modification time of '2025-07-20T10:16:28.6597278Z'
Number of updated asset objects reloaded before import = 0Number of asset objects unloaded after import = 0

========================================================================
Received Import Request.
  Time since last request: 0.000017 seconds.
  path: Assets/Scripts/BuildingTriangleBuffer.cs
  artifactKey: Guid(0e97bc9d8f29f9b41a5dafd36df52ef1) Importer(815301076,1909f56bfc062723c751e8b465ee728b)
Start importing Assets/Scripts/BuildingTriangleBuffer.cs using Guid(0e97bc9d8f29f9b41a5dafd36df52ef1) Importer(815301076,1909f56bfc062723c751e8b465ee728b) (PreviewImporter) -> (artifact id: '00000000000000000000000000000000') in 0.0006582 seconds
Import Error Code:(4)
Message: Build asset version error: assets/scripts/buildingtrianglebuffer.cs in SourceAssetDB has modification time of '2025-07-20T10:16:04.2273426Z' while content on disk has modification time of '2025-07-20T10:16:28.6597278Z'
  ERROR: Build asset version error: assets/scripts/buildingtrianglebuffer.cs in SourceAssetDB has modification time of '2025-07-20T10:16:04.2273426Z' while content on disk has modification time of '2025-07-20T10:16:28.6597278Z'
Number of updated asset objects reloaded before import = 0Number of asset objects unloaded after import = 0

========================================================================
Received Import Request.
  Time since last request: 0.000048 seconds.
  path: Assets/Scripts/BuildingTriangleBuffer.cs
  artifactKey: Guid(0e97bc9d8f29f9b41a5dafd36df52ef1) Importer(815301076,1909f56bfc062723c751e8b465ee728b)
Start importing Assets/Scripts/BuildingTriangleBuffer.cs using Guid(0e97bc9d8f29f9b41a5dafd36df52ef1) Importer(815301076,1909f56bfc062723c751e8b465ee728b) (PreviewImporter) -> (artifact id: '00000000000000000000000000000000') in 0.0005101 seconds
Import Error Code:(4)
Message: Build asset version error: assets/scripts/buildingtrianglebuffer.cs in SourceAssetDB has modification time of '2025-07-20T10:16:04.2273426Z' while content on disk has modification time of '2025-07-20T10:16:28.6597278Z'
  ERROR: Build asset version error: assets/scripts/buildingtrianglebuffer.cs in SourceAssetDB has modification time of '2025-07-20T10:16:04.2273426Z' while content on disk has modification time of '2025-07-20T10:16:28.6597278Z'
Number of updated asset objects reloaded before import = 0Number of asset objects unloaded after import = 0

========================================================================
Received Import Request.
  Time since last request: 0.000012 seconds.
  path: Assets/Scripts/BuildingTriangleBuffer.cs
  artifactKey: Guid(0e97bc9d8f29f9b41a5dafd36df52ef1) Importer(815301076,1909f56bfc062723c751e8b465ee728b)
Start importing Assets/Scripts/BuildingTriangleBuffer.cs using Guid(0e97bc9d8f29f9b41a5dafd36df52ef1) Importer(815301076,1909f56bfc062723c751e8b465ee728b) (PreviewImporter) -> (artifact id: '00000000000000000000000000000000') in 0.0005545 seconds
Import Error Code:(4)
Message: Build asset version error: assets/scripts/buildingtrianglebuffer.cs in SourceAssetDB has modification time of '2025-07-20T10:16:04.2273426Z' while content on disk has modification time of '2025-07-20T10:16:28.6597278Z'
  ERROR: Build asset version error: assets/scripts/buildingtrianglebuffer.cs in SourceAssetDB has modification time of '2025-07-20T10:16:04.2273426Z' while content on disk has modification time of '2025-07-20T10:16:28.6597278Z'
Number of updated asset objects reloaded before import = 0Number of asset objects unloaded after import = 0

========================================================================
Received Import Request.
  Time since last request: 0.000015 seconds.
  path: Assets/Scripts/BuildingTriangleBuffer.cs
  artifactKey: Guid(0e97bc9d8f29f9b41a5dafd36df52ef1) Importer(815301076,1909f56bfc062723c751e8b465ee728b)
Start importing Assets/Scripts/BuildingTriangleBuffer.cs using Guid(0e97bc9d8f29f9b41a5dafd36df52ef1) Importer(815301076,1909f56bfc062723c751e8b465ee728b) (PreviewImporter) -> (artifact id: '00000000000000000000000000000000') in 0.0005314 seconds
Import Error Code:(4)
Message: Build asset version error: assets/scripts/buildingtrianglebuffer.cs in SourceAssetDB has modification time of '2025-07-20T10:16:04.2273426Z' while content on disk has modification time of '2025-07-20T10:16:28.6597278Z'
  ERROR: Build asset version error: assets/scripts/buildingtrianglebuffer.cs in SourceAssetDB has modification time of '2025-07-20T10:16:04.2273426Z' while content on disk has modification time of '2025-07-20T10:16:28.6597278Z'
Number of updated asset objects reloaded before import = 0Number of asset objects unloaded after import = 0

========================================================================
Received Import Request.
  Time since last request: 0.000033 seconds.
  path: Assets/Scripts/BuildingTriangleBuffer.cs
  artifactKey: Guid(0e97bc9d8f29f9b41a5dafd36df52ef1) Importer(815301076,1909f56bfc062723c751e8b465ee728b)
Start importing Assets/Scripts/BuildingTriangleBuffer.cs using Guid(0e97bc9d8f29f9b41a5dafd36df52ef1) Importer(815301076,1909f56bfc062723c751e8b465ee728b) (PreviewImporter) -> (artifact id: '00000000000000000000000000000000') in 0.0005779 seconds
Import Error Code:(4)
Message: Build asset version error: assets/scripts/buildingtrianglebuffer.cs in SourceAssetDB has modification time of '2025-07-20T10:16:04.2273426Z' while content on disk has modification time of '2025-07-20T10:16:28.6597278Z'
  ERROR: Build asset version error: assets/scripts/buildingtrianglebuffer.cs in SourceAssetDB has modification time of '2025-07-20T10:16:04.2273426Z' while content on disk has modification time of '2025-07-20T10:16:28.6597278Z'
Number of updated asset objects reloaded before import = 0Number of asset objects unloaded after import = 0

========================================================================
Received Import Request.
  Time since last request: 0.000021 seconds.
  path: Assets/Scripts/BuildingTriangleBuffer.cs
  artifactKey: Guid(0e97bc9d8f29f9b41a5dafd36df52ef1) Importer(815301076,1909f56bfc062723c751e8b465ee728b)
Start importing Assets/Scripts/BuildingTriangleBuffer.cs using Guid(0e97bc9d8f29f9b41a5dafd36df52ef1) Importer(815301076,1909f56bfc062723c751e8b465ee728b) (PreviewImporter) -> (artifact id: '00000000000000000000000000000000') in 0.0008516 seconds
Import Error Code:(4)
Message: Build asset version error: assets/scripts/buildingtrianglebuffer.cs in SourceAssetDB has modification time of '2025-07-20T10:16:04.2273426Z' while content on disk has modification time of '2025-07-20T10:16:28.6597278Z'
  ERROR: Build asset version error: assets/scripts/buildingtrianglebuffer.cs in SourceAssetDB has modification time of '2025-07-20T10:16:04.2273426Z' while content on disk has modification time of '2025-07-20T10:16:28.6597278Z'
Number of updated asset objects reloaded before import = 0Number of asset objects unloaded after import = 0

========================================================================
Received Import Request.
  Time since last request: 0.000034 seconds.
  path: Assets/Scripts/BuildingTriangleBuffer.cs
  artifactKey: Guid(0e97bc9d8f29f9b41a5dafd36df52ef1) Importer(815301076,1909f56bfc062723c751e8b465ee728b)
Start importing Assets/Scripts/BuildingTriangleBuffer.cs using Guid(0e97bc9d8f29f9b41a5dafd36df52ef1) Importer(815301076,1909f56bfc062723c751e8b465ee728b) (PreviewImporter) -> (artifact id: '00000000000000000000000000000000') in 0.0007671 seconds
Import Error Code:(4)
Message: Build asset version error: assets/scripts/buildingtrianglebuffer.cs in SourceAssetDB has modification time of '2025-07-20T10:16:04.2273426Z' while content on disk has modification time of '2025-07-20T10:16:28.6597278Z'
  ERROR: Build asset version error: assets/scripts/buildingtrianglebuffer.cs in SourceAssetDB has modification time of '2025-07-20T10:16:04.2273426Z' while content on disk has modification time of '2025-07-20T10:16:28.6597278Z'
Number of updated asset objects reloaded before import = 0Number of asset objects unloaded after import = 0

========================================================================
Received Import Request.
  Time since last request: 0.000017 seconds.
  path: Assets/Scripts/BuildingTriangleBuffer.cs
  artifactKey: Guid(0e97bc9d8f29f9b41a5dafd36df52ef1) Importer(815301076,1909f56bfc062723c751e8b465ee728b)
Start importing Assets/Scripts/BuildingTriangleBuffer.cs using Guid(0e97bc9d8f29f9b41a5dafd36df52ef1) Importer(815301076,1909f56bfc062723c751e8b465ee728b) (PreviewImporter) -> (artifact id: '00000000000000000000000000000000') in 0.0008165 seconds
Import Error Code:(4)
Message: Build asset version error: assets/scripts/buildingtrianglebuffer.cs in SourceAssetDB has modification time of '2025-07-20T10:16:04.2273426Z' while content on disk has modification time of '2025-07-20T10:16:28.6597278Z'
  ERROR: Build asset version error: assets/scripts/buildingtrianglebuffer.cs in SourceAssetDB has modification time of '2025-07-20T10:16:04.2273426Z' while content on disk has modification time of '2025-07-20T10:16:28.6597278Z'
Number of updated asset objects reloaded before import = 0Number of asset objects unloaded after import = 0

========================================================================
Received Import Request.
  Time since last request: 0.000017 seconds.
  path: Assets/Scripts/BuildingTriangleBuffer.cs
  artifactKey: Guid(0e97bc9d8f29f9b41a5dafd36df52ef1) Importer(815301076,1909f56bfc062723c751e8b465ee728b)
Start importing Assets/Scripts/BuildingTriangleBuffer.cs using Guid(0e97bc9d8f29f9b41a5dafd36df52ef1) Importer(815301076,1909f56bfc062723c751e8b465ee728b) (PreviewImporter) -> (artifact id: '00000000000000000000000000000000') in 0.000853 seconds
Import Error Code:(4)
Message: Build asset version error: assets/scripts/buildingtrianglebuffer.cs in SourceAssetDB has modification time of '2025-07-20T10:16:04.2273426Z' while content on disk has modification time of '2025-07-20T10:16:28.6597278Z'
  ERROR: Build asset version error: assets/scripts/buildingtrianglebuffer.cs in SourceAssetDB has modification time of '2025-07-20T10:16:04.2273426Z' while content on disk has modification time of '2025-07-20T10:16:28.6597278Z'
Number of updated asset objects reloaded before import = 0Number of asset objects unloaded after import = 0

========================================================================
Received Import Request.
  Time since last request: 0.000039 seconds.
  path: Assets/Scripts/BuildingTriangleBuffer.cs
  artifactKey: Guid(0e97bc9d8f29f9b41a5dafd36df52ef1) Importer(815301076,1909f56bfc062723c751e8b465ee728b)
Start importing Assets/Scripts/BuildingTriangleBuffer.cs using Guid(0e97bc9d8f29f9b41a5dafd36df52ef1) Importer(815301076,1909f56bfc062723c751e8b465ee728b) (PreviewImporter) -> (artifact id: '00000000000000000000000000000000') in 0.0005115 seconds
Import Error Code:(4)
Message: Build asset version error: assets/scripts/buildingtrianglebuffer.cs in SourceAssetDB has modification time of '2025-07-20T10:16:04.2273426Z' while content on disk has modification time of '2025-07-20T10:16:28.6597278Z'
  ERROR: Build asset version error: assets/scripts/buildingtrianglebuffer.cs in SourceAssetDB has modification time of '2025-07-20T10:16:04.2273426Z' while content on disk has modification time of '2025-07-20T10:16:28.6597278Z'
Number of updated asset objects reloaded before import = 0Number of asset objects unloaded after import = 0

========================================================================
Received Import Request.
  Time since last request: 0.000028 seconds.
  path: Assets/Scripts/BuildingTriangleBuffer.cs
  artifactKey: Guid(0e97bc9d8f29f9b41a5dafd36df52ef1) Importer(815301076,1909f56bfc062723c751e8b465ee728b)
Start importing Assets/Scripts/BuildingTriangleBuffer.cs using Guid(0e97bc9d8f29f9b41a5dafd36df52ef1) Importer(815301076,1909f56bfc062723c751e8b465ee728b) (PreviewImporter) -> (artifact id: '00000000000000000000000000000000') in 0.0006818 seconds
Import Error Code:(4)
Message: Build asset version error: assets/scripts/buildingtrianglebuffer.cs in SourceAssetDB has modification time of '2025-07-20T10:16:04.2273426Z' while content on disk has modification time of '2025-07-20T10:16:28.6597278Z'
  ERROR: Build asset version error: assets/scripts/buildingtrianglebuffer.cs in SourceAssetDB has modification time of '2025-07-20T10:16:04.2273426Z' while content on disk has modification time of '2025-07-20T10:16:28.6597278Z'
Number of updated asset objects reloaded before import = 0Number of asset objects unloaded after import = 0

========================================================================
Received Import Request.
  Time since last request: 0.000024 seconds.
  path: Assets/Scripts/BuildingTriangleBuffer.cs
  artifactKey: Guid(0e97bc9d8f29f9b41a5dafd36df52ef1) Importer(815301076,1909f56bfc062723c751e8b465ee728b)
Start importing Assets/Scripts/BuildingTriangleBuffer.cs using Guid(0e97bc9d8f29f9b41a5dafd36df52ef1) Importer(815301076,1909f56bfc062723c751e8b465ee728b) (PreviewImporter) -> (artifact id: '00000000000000000000000000000000') in 0.0005323 seconds
Import Error Code:(4)
Message: Build asset version error: assets/scripts/buildingtrianglebuffer.cs in SourceAssetDB has modification time of '2025-07-20T10:16:04.2273426Z' while content on disk has modification time of '2025-07-20T10:16:28.6597278Z'
  ERROR: Build asset version error: assets/scripts/buildingtrianglebuffer.cs in SourceAssetDB has modification time of '2025-07-20T10:16:04.2273426Z' while content on disk has modification time of '2025-07-20T10:16:28.6597278Z'
Number of updated asset objects reloaded before import = 0Number of asset objects unloaded after import = 0

========================================================================
Received Import Request.
  Time since last request: 0.000018 seconds.
  path: Assets/Scripts/BuildingTriangleBuffer.cs
  artifactKey: Guid(0e97bc9d8f29f9b41a5dafd36df52ef1) Importer(815301076,1909f56bfc062723c751e8b465ee728b)
Start importing Assets/Scripts/BuildingTriangleBuffer.cs using Guid(0e97bc9d8f29f9b41a5dafd36df52ef1) Importer(815301076,1909f56bfc062723c751e8b465ee728b) (PreviewImporter) -> (artifact id: '00000000000000000000000000000000') in 0.0007394 seconds
Import Error Code:(4)
Message: Build asset version error: assets/scripts/buildingtrianglebuffer.cs in SourceAssetDB has modification time of '2025-07-20T10:16:04.2273426Z' while content on disk has modification time of '2025-07-20T10:16:28.6597278Z'
  ERROR: Build asset version error: assets/scripts/buildingtrianglebuffer.cs in SourceAssetDB has modification time of '2025-07-20T10:16:04.2273426Z' while content on disk has modification time of '2025-07-20T10:16:28.6597278Z'
Number of updated asset objects reloaded before import = 0Number of asset objects unloaded after import = 0

========================================================================
Received Import Request.
  Time since last request: 0.000011 seconds.
  path: Assets/Scripts/BuildingTriangleBuffer.cs
  artifactKey: Guid(0e97bc9d8f29f9b41a5dafd36df52ef1) Importer(815301076,1909f56bfc062723c751e8b465ee728b)
Start importing Assets/Scripts/BuildingTriangleBuffer.cs using Guid(0e97bc9d8f29f9b41a5dafd36df52ef1) Importer(815301076,1909f56bfc062723c751e8b465ee728b) (PreviewImporter) -> (artifact id: '00000000000000000000000000000000') in 0.0006687 seconds
Import Error Code:(4)
Message: Build asset version error: assets/scripts/buildingtrianglebuffer.cs in SourceAssetDB has modification time of '2025-07-20T10:16:04.2273426Z' while content on disk has modification time of '2025-07-20T10:16:28.6597278Z'
  ERROR: Build asset version error: assets/scripts/buildingtrianglebuffer.cs in SourceAssetDB has modification time of '2025-07-20T10:16:04.2273426Z' while content on disk has modification time of '2025-07-20T10:16:28.6597278Z'
Number of updated asset objects reloaded before import = 0Number of asset objects unloaded after import = 0

========================================================================
Received Import Request.
  Time since last request: 0.000030 seconds.
  path: Assets/Scripts/BuildingTriangleBuffer.cs
  artifactKey: Guid(0e97bc9d8f29f9b41a5dafd36df52ef1) Importer(815301076,1909f56bfc062723c751e8b465ee728b)
Start importing Assets/Scripts/BuildingTriangleBuffer.cs using Guid(0e97bc9d8f29f9b41a5dafd36df52ef1) Importer(815301076,1909f56bfc062723c751e8b465ee728b) (PreviewImporter) -> (artifact id: '00000000000000000000000000000000') in 0.0007552 seconds
Import Error Code:(4)
Message: Build asset version error: assets/scripts/buildingtrianglebuffer.cs in SourceAssetDB has modification time of '2025-07-20T10:16:04.2273426Z' while content on disk has modification time of '2025-07-20T10:16:28.6597278Z'
  ERROR: Build asset version error: assets/scripts/buildingtrianglebuffer.cs in SourceAssetDB has modification time of '2025-07-20T10:16:04.2273426Z' while content on disk has modification time of '2025-07-20T10:16:28.6597278Z'
Number of updated asset objects reloaded before import = 0Number of asset objects unloaded after import = 0

========================================================================
Received Import Request.
  Time since last request: 0.000033 seconds.
  path: Assets/Scripts/BuildingTriangleBuffer.cs
  artifactKey: Guid(0e97bc9d8f29f9b41a5dafd36df52ef1) Importer(815301076,1909f56bfc062723c751e8b465ee728b)
Start importing Assets/Scripts/BuildingTriangleBuffer.cs using Guid(0e97bc9d8f29f9b41a5dafd36df52ef1) Importer(815301076,1909f56bfc062723c751e8b465ee728b) (PreviewImporter) -> (artifact id: '00000000000000000000000000000000') in 0.0010895 seconds
Import Error Code:(4)
Message: Build asset version error: assets/scripts/buildingtrianglebuffer.cs in SourceAssetDB has modification time of '2025-07-20T10:16:04.2273426Z' while content on disk has modification time of '2025-07-20T10:16:28.6597278Z'
  ERROR: Build asset version error: assets/scripts/buildingtrianglebuffer.cs in SourceAssetDB has modification time of '2025-07-20T10:16:04.2273426Z' while content on disk has modification time of '2025-07-20T10:16:28.6597278Z'
Number of updated asset objects reloaded before import = 0Number of asset objects unloaded after import = 0

========================================================================
Received Import Request.
  Time since last request: 0.000023 seconds.
  path: Assets/Scripts/BuildingTriangleBuffer.cs
  artifactKey: Guid(0e97bc9d8f29f9b41a5dafd36df52ef1) Importer(815301076,1909f56bfc062723c751e8b465ee728b)
Start importing Assets/Scripts/BuildingTriangleBuffer.cs using Guid(0e97bc9d8f29f9b41a5dafd36df52ef1) Importer(815301076,1909f56bfc062723c751e8b465ee728b) (PreviewImporter) -> (artifact id: '00000000000000000000000000000000') in 0.0008697 seconds
Import Error Code:(4)
Message: Build asset version error: assets/scripts/buildingtrianglebuffer.cs in SourceAssetDB has modification time of '2025-07-20T10:16:04.2273426Z' while content on disk has modification time of '2025-07-20T10:16:28.6597278Z'
  ERROR: Build asset version error: assets/scripts/buildingtrianglebuffer.cs in SourceAssetDB has modification time of '2025-07-20T10:16:04.2273426Z' while content on disk has modification time of '2025-07-20T10:16:28.6597278Z'
Number of updated asset objects reloaded before import = 0Number of asset objects unloaded after import = 0

========================================================================
Received Import Request.
  Time since last request: 0.000011 seconds.
  path: Assets/Scripts/BuildingTriangleBuffer.cs
  artifactKey: Guid(0e97bc9d8f29f9b41a5dafd36df52ef1) Importer(815301076,1909f56bfc062723c751e8b465ee728b)
Start importing Assets/Scripts/BuildingTriangleBuffer.cs using Guid(0e97bc9d8f29f9b41a5dafd36df52ef1) Importer(815301076,1909f56bfc062723c751e8b465ee728b) (PreviewImporter) -> (artifact id: '00000000000000000000000000000000') in 0.0006449 seconds
Import Error Code:(4)
Message: Build asset version error: assets/scripts/buildingtrianglebuffer.cs in SourceAssetDB has modification time of '2025-07-20T10:16:04.2273426Z' while content on disk has modification time of '2025-07-20T10:16:28.6597278Z'
  ERROR: Build asset version error: assets/scripts/buildingtrianglebuffer.cs in SourceAssetDB has modification time of '2025-07-20T10:16:04.2273426Z' while content on disk has modification time of '2025-07-20T10:16:28.6597278Z'
Number of updated asset objects reloaded before import = 0Number of asset objects unloaded after import = 0

========================================================================
Received Import Request.
  Time since last request: 0.000015 seconds.
  path: Assets/Scripts/BuildingTriangleBuffer.cs
  artifactKey: Guid(0e97bc9d8f29f9b41a5dafd36df52ef1) Importer(815301076,1909f56bfc062723c751e8b465ee728b)
Start importing Assets/Scripts/BuildingTriangleBuffer.cs using Guid(0e97bc9d8f29f9b41a5dafd36df52ef1) Importer(815301076,1909f56bfc062723c751e8b465ee728b) (PreviewImporter) -> (artifact id: '00000000000000000000000000000000') in 0.0006357 seconds
Import Error Code:(4)
Message: Build asset version error: assets/scripts/buildingtrianglebuffer.cs in SourceAssetDB has modification time of '2025-07-20T10:16:04.2273426Z' while content on disk has modification time of '2025-07-20T10:16:28.6597278Z'
  ERROR: Build asset version error: assets/scripts/buildingtrianglebuffer.cs in SourceAssetDB has modification time of '2025-07-20T10:16:04.2273426Z' while content on disk has modification time of '2025-07-20T10:16:28.6597278Z'
Number of updated asset objects reloaded before import = 0Number of asset objects unloaded after import = 0

========================================================================
Received Import Request.
  Time since last request: 0.000023 seconds.
  path: Assets/Scripts/BuildingTriangleBuffer.cs
  artifactKey: Guid(0e97bc9d8f29f9b41a5dafd36df52ef1) Importer(815301076,1909f56bfc062723c751e8b465ee728b)
Start importing Assets/Scripts/BuildingTriangleBuffer.cs using Guid(0e97bc9d8f29f9b41a5dafd36df52ef1) Importer(815301076,1909f56bfc062723c751e8b465ee728b) (PreviewImporter) -> (artifact id: '00000000000000000000000000000000') in 0.00088 seconds
Import Error Code:(4)
Message: Build asset version error: assets/scripts/buildingtrianglebuffer.cs in SourceAssetDB has modification time of '2025-07-20T10:16:04.2273426Z' while content on disk has modification time of '2025-07-20T10:16:28.6597278Z'
  ERROR: Build asset version error: assets/scripts/buildingtrianglebuffer.cs in SourceAssetDB has modification time of '2025-07-20T10:16:04.2273426Z' while content on disk has modification time of '2025-07-20T10:16:28.6597278Z'
Number of updated asset objects reloaded before import = 0Number of asset objects unloaded after import = 0

========================================================================
Received Import Request.
  Time since last request: 0.000030 seconds.
  path: Assets/Scripts/BuildingTriangleBuffer.cs
  artifactKey: Guid(0e97bc9d8f29f9b41a5dafd36df52ef1) Importer(815301076,1909f56bfc062723c751e8b465ee728b)
Start importing Assets/Scripts/BuildingTriangleBuffer.cs using Guid(0e97bc9d8f29f9b41a5dafd36df52ef1) Importer(815301076,1909f56bfc062723c751e8b465ee728b) (PreviewImporter) -> (artifact id: '00000000000000000000000000000000') in 0.0005038 seconds
Import Error Code:(4)
Message: Build asset version error: assets/scripts/buildingtrianglebuffer.cs in SourceAssetDB has modification time of '2025-07-20T10:16:04.2273426Z' while content on disk has modification time of '2025-07-20T10:16:28.6597278Z'
  ERROR: Build asset version error: assets/scripts/buildingtrianglebuffer.cs in SourceAssetDB has modification time of '2025-07-20T10:16:04.2273426Z' while content on disk has modification time of '2025-07-20T10:16:28.6597278Z'
Number of updated asset objects reloaded before import = 0Number of asset objects unloaded after import = 0

========================================================================
Received Import Request.
  Time since last request: 0.000017 seconds.
  path: Assets/Scripts/BuildingTriangleBuffer.cs
  artifactKey: Guid(0e97bc9d8f29f9b41a5dafd36df52ef1) Importer(815301076,1909f56bfc062723c751e8b465ee728b)
Start importing Assets/Scripts/BuildingTriangleBuffer.cs using Guid(0e97bc9d8f29f9b41a5dafd36df52ef1) Importer(815301076,1909f56bfc062723c751e8b465ee728b) (PreviewImporter) -> (artifact id: '00000000000000000000000000000000') in 0.0011936 seconds
Import Error Code:(4)
Message: Build asset version error: assets/scripts/buildingtrianglebuffer.cs in SourceAssetDB has modification time of '2025-07-20T10:16:04.2273426Z' while content on disk has modification time of '2025-07-20T10:16:28.6597278Z'
  ERROR: Build asset version error: assets/scripts/buildingtrianglebuffer.cs in SourceAssetDB has modification time of '2025-07-20T10:16:04.2273426Z' while content on disk has modification time of '2025-07-20T10:16:28.6597278Z'
Number of updated asset objects reloaded before import = 0Number of asset objects unloaded after import = 0

========================================================================
Received Import Request.
  Time since last request: 0.000017 seconds.
  path: Assets/Scripts/BuildingTriangleBuffer.cs
  artifactKey: Guid(0e97bc9d8f29f9b41a5dafd36df52ef1) Importer(815301076,1909f56bfc062723c751e8b465ee728b)
Start importing Assets/Scripts/BuildingTriangleBuffer.cs using Guid(0e97bc9d8f29f9b41a5dafd36df52ef1) Importer(815301076,1909f56bfc062723c751e8b465ee728b) (PreviewImporter) -> (artifact id: '00000000000000000000000000000000') in 0.000539 seconds
Import Error Code:(4)
Message: Build asset version error: assets/scripts/buildingtrianglebuffer.cs in SourceAssetDB has modification time of '2025-07-20T10:16:04.2273426Z' while content on disk has modification time of '2025-07-20T10:16:28.6597278Z'
  ERROR: Build asset version error: assets/scripts/buildingtrianglebuffer.cs in SourceAssetDB has modification time of '2025-07-20T10:16:04.2273426Z' while content on disk has modification time of '2025-07-20T10:16:28.6597278Z'
Number of updated asset objects reloaded before import = 0Number of asset objects unloaded after import = 0

========================================================================
Received Import Request.
  Time since last request: 0.000019 seconds.
  path: Assets/Scripts/BuildingTriangleBuffer.cs
  artifactKey: Guid(0e97bc9d8f29f9b41a5dafd36df52ef1) Importer(815301076,1909f56bfc062723c751e8b465ee728b)
Start importing Assets/Scripts/BuildingTriangleBuffer.cs using Guid(0e97bc9d8f29f9b41a5dafd36df52ef1) Importer(815301076,1909f56bfc062723c751e8b465ee728b) (PreviewImporter) -> (artifact id: 'b0b06df1fa6760302984b8eb19fe882a') in 0.0006319 seconds
Number of updated asset objects reloaded before import = 0Number of asset objects unloaded after import = 0

========================================================================
Received Prepare
Begin MonoManager ReloadAssembly
- Loaded All Assemblies, in  0.961 seconds
Refreshing native plugins compatible for Editor in 3.94 ms, found 7 plugins.
Native extension for WindowsStandalone target not found
Native extension for WebGL target not found
Mono: successfully reloaded assembly
- Finished resetting the current domain, in  0.593 seconds
Domain Reload Profiling: 1553ms
	BeginReloadAssembly (267ms)
		ExecutionOrderSort (0ms)
		DisableScriptedObjects (9ms)
		BackupInstance (0ms)
		ReleaseScriptingObjects (0ms)
		CreateAndSetChildDomain (55ms)
	RebuildCommonClasses (55ms)
	RebuildNativeTypeToScriptingClass (15ms)
	initialDomainReloadingComplete (31ms)
	LoadAllAssembliesAndSetupDomain (593ms)
		LoadAssemblies (416ms)
		RebuildTransferFunctionScriptingTraits (0ms)
		AnalyzeDomain (283ms)
			TypeCache.Refresh (11ms)
				TypeCache.ScanAssembly (0ms)
			BuildScriptInfoCaches (247ms)
			ResolveRequiredComponents (18ms)
	FinalizeReload (593ms)
		ReleaseScriptCaches (0ms)
		RebuildScriptCaches (0ms)
		SetupLoadedEditorAssemblies (424ms)
			LogAssemblyErrors (0ms)
			InitializePlatformSupportModulesInManaged (5ms)
			SetLoadedEditorAssemblies (5ms)
			BeforeProcessingInitializeOnLoad (107ms)
			ProcessInitializeOnLoadAttributes (266ms)
			ProcessInitializeOnLoadMethodAttributes (38ms)
			AfterProcessingInitializeOnLoad (3ms)
			EditorAssembliesLoaded (0ms)
		ExecutionOrderSort2 (0ms)
		AwakeInstancesAfterBackupRestoration (10ms)
Refreshing native plugins compatible for Editor in 2.58 ms, found 7 plugins.
Preloading 0 native plugins for Editor in 0.00 ms.
Unloading 24 Unused Serialized files (Serialized files now loaded: 0)
Unloading 6783 unused Assets / (6.0 MB). Loaded Objects now: 7694.
Memory consumption went from 170.0 MB to 164.0 MB.
Total: 6.983900 ms (FindLiveObjects: 0.472300 ms CreateObjectMapping: 0.327300 ms MarkObjects: 3.968900 ms  DeleteObjects: 2.214400 ms)

Prepare: number of updated asset objects reloaded= 0
========================================================================
Received Import Request.
  Time since last request: 16.175624 seconds.
  path: Assets/Shaders/FrustumShader.compute
  artifactKey: Guid(c3e82024bcf87804898a6a60aeab52e2) Importer(815301076,1909f56bfc062723c751e8b465ee728b)
Start importing Assets/Shaders/FrustumShader.compute using Guid(c3e82024bcf87804898a6a60aeab52e2) Importer(815301076,1909f56bfc062723c751e8b465ee728b) (PreviewImporter) -> (artifact id: '18b532ed54aec35987369a2210b09bc9') in 0.0188406 seconds
Number of updated asset objects reloaded before import = 0Number of asset objects unloaded after import = 1

========================================================================
Received Prepare
Begin MonoManager ReloadAssembly
- Loaded All Assemblies, in  0.504 seconds
Refreshing native plugins compatible for Editor in 1.48 ms, found 7 plugins.
Native extension for WindowsStandalone target not found
Native extension for WebGL target not found
Mono: successfully reloaded assembly
- Finished resetting the current domain, in  0.514 seconds
Domain Reload Profiling: 1018ms
	BeginReloadAssembly (142ms)
		ExecutionOrderSort (0ms)
		DisableScriptedObjects (4ms)
		BackupInstance (0ms)
		ReleaseScriptingObjects (0ms)
		CreateAndSetChildDomain (30ms)
	RebuildCommonClasses (25ms)
	RebuildNativeTypeToScriptingClass (9ms)
	initialDomainReloadingComplete (19ms)
	LoadAllAssembliesAndSetupDomain (310ms)
		LoadAssemblies (237ms)
		RebuildTransferFunctionScriptingTraits (0ms)
		AnalyzeDomain (139ms)
			TypeCache.Refresh (5ms)
				TypeCache.ScanAssembly (0ms)
			BuildScriptInfoCaches (123ms)
			ResolveRequiredComponents (8ms)
	FinalizeReload (514ms)
		ReleaseScriptCaches (0ms)
		RebuildScriptCaches (0ms)
		SetupLoadedEditorAssemblies (377ms)
			LogAssemblyErrors (0ms)
			InitializePlatformSupportModulesInManaged (2ms)
			SetLoadedEditorAssemblies (3ms)
			BeforeProcessingInitializeOnLoad (105ms)
			ProcessInitializeOnLoadAttributes (230ms)
			ProcessInitializeOnLoadMethodAttributes (36ms)
			AfterProcessingInitializeOnLoad (2ms)
			EditorAssembliesLoaded (0ms)
		ExecutionOrderSort2 (0ms)
		AwakeInstancesAfterBackupRestoration (9ms)
Refreshing native plugins compatible for Editor in 1.61 ms, found 7 plugins.
Preloading 0 native plugins for Editor in 0.00 ms.
Unloading 24 Unused Serialized files (Serialized files now loaded: 0)
Unloading 6783 unused Assets / (5.8 MB). Loaded Objects now: 7696.
Memory consumption went from 170.0 MB to 164.2 MB.
Total: 5.620100 ms (FindLiveObjects: 0.484800 ms CreateObjectMapping: 0.420000 ms MarkObjects: 2.981800 ms  DeleteObjects: 1.732700 ms)

Prepare: number of updated asset objects reloaded= 0
========================================================================
Received Import Request.
  Time since last request: 244.012456 seconds.
  path: Assets/Prefabs/b test1 1.ply
  artifactKey: Guid(8e3113970942a0046a6328c5261459fc) Importer(815301076,1909f56bfc062723c751e8b465ee728b)
Start importing Assets/Prefabs/b test1 1.ply using Guid(8e3113970942a0046a6328c5261459fc) Importer(815301076,1909f56bfc062723c751e8b465ee728b) (PreviewImporter) -> (artifact id: 'a279369b4117f88219c665f2db26b367') in 0.4834369 seconds
Number of updated asset objects reloaded before import = 0Number of asset objects unloaded after import = 8

========================================================================
Received Import Request.
  Time since last request: 358.604014 seconds.
  path: Assets/Prefabs/building 1.prefab
  artifactKey: Guid(35573ad2fd0fc6446b4290242217ac8e) Importer(815301076,1909f56bfc062723c751e8b465ee728b)
Start importing Assets/Prefabs/building 1.prefab using Guid(35573ad2fd0fc6446b4290242217ac8e) Importer(815301076,1909f56bfc062723c751e8b465ee728b) (PreviewImporter) -> (artifact id: '3d10162dbd59e30b640c840141781d72') in 0.064824 seconds
Number of updated asset objects reloaded before import = 0Number of asset objects unloaded after import = 34

========================================================================
Received Import Request.
  Time since last request: 15.339452 seconds.
  path: Assets/Prefabs/building 2.prefab
  artifactKey: Guid(72300fb0715933f45ba2653264207a57) Importer(815301076,1909f56bfc062723c751e8b465ee728b)
Start importing Assets/Prefabs/building 2.prefab using Guid(72300fb0715933f45ba2653264207a57) Importer(815301076,1909f56bfc062723c751e8b465ee728b) (PreviewImporter) -> (artifact id: '4fce399069e40c519ca9cf63075c54a9') in 0.0236104 seconds
Number of updated asset objects reloaded before import = 0Number of asset objects unloaded after import = 33

========================================================================
Received Prepare
Begin MonoManager ReloadAssembly
- Loaded All Assemblies, in  0.635 seconds
Refreshing native plugins compatible for Editor in 1.65 ms, found 7 plugins.
Native extension for WindowsStandalone target not found
Native extension for WebGL target not found
Mono: successfully reloaded assembly
- Finished resetting the current domain, in  0.486 seconds
Domain Reload Profiling: 1123ms
	BeginReloadAssembly (176ms)
		ExecutionOrderSort (0ms)
		DisableScriptedObjects (21ms)
		BackupInstance (0ms)
		ReleaseScriptingObjects (0ms)
		CreateAndSetChildDomain (41ms)
	RebuildCommonClasses (26ms)
	RebuildNativeTypeToScriptingClass (9ms)
	initialDomainReloadingComplete (21ms)
	LoadAllAssembliesAndSetupDomain (404ms)
		LoadAssemblies (296ms)
		RebuildTransferFunctionScriptingTraits (0ms)
		AnalyzeDomain (177ms)
			TypeCache.Refresh (5ms)
				TypeCache.ScanAssembly (0ms)
			BuildScriptInfoCaches (160ms)
			ResolveRequiredComponents (8ms)
	FinalizeReload (486ms)
		ReleaseScriptCaches (0ms)
		RebuildScriptCaches (0ms)
		SetupLoadedEditorAssemblies (370ms)
			LogAssemblyErrors (0ms)
			InitializePlatformSupportModulesInManaged (2ms)
			SetLoadedEditorAssemblies (4ms)
			BeforeProcessingInitializeOnLoad (86ms)
			ProcessInitializeOnLoadAttributes (235ms)
			ProcessInitializeOnLoadMethodAttributes (39ms)
			AfterProcessingInitializeOnLoad (3ms)
			EditorAssembliesLoaded (0ms)
		ExecutionOrderSort2 (0ms)
		AwakeInstancesAfterBackupRestoration (11ms)
Refreshing native plugins compatible for Editor in 1.70 ms, found 7 plugins.
Preloading 0 native plugins for Editor in 0.00 ms.
Unloading 24 Unused Serialized files (Serialized files now loaded: 0)
Unloading 6784 unused Assets / (5.8 MB). Loaded Objects now: 7721.
Memory consumption went from 170.4 MB to 164.6 MB.
Total: 6.469700 ms (FindLiveObjects: 0.517300 ms CreateObjectMapping: 0.323700 ms MarkObjects: 3.510600 ms  DeleteObjects: 2.117300 ms)

Prepare: number of updated asset objects reloaded= 0
========================================================================
Received Prepare
Begin MonoManager ReloadAssembly
- Loaded All Assemblies, in  6.678 seconds
Refreshing native plugins compatible for Editor in 2.03 ms, found 7 plugins.
Native extension for WindowsStandalone target not found
Native extension for WebGL target not found
Mono: successfully reloaded assembly
- Finished resetting the current domain, in  0.590 seconds
Domain Reload Profiling: 7269ms
	BeginReloadAssembly (880ms)
		ExecutionOrderSort (0ms)
		DisableScriptedObjects (4ms)
		BackupInstance (0ms)
		ReleaseScriptingObjects (0ms)
		CreateAndSetChildDomain (35ms)
	RebuildCommonClasses (376ms)
	RebuildNativeTypeToScriptingClass (9ms)
	initialDomainReloadingComplete (47ms)
	LoadAllAssembliesAndSetupDomain (5367ms)
		LoadAssemblies (5963ms)
		RebuildTransferFunctionScriptingTraits (0ms)
		AnalyzeDomain (170ms)
			TypeCache.Refresh (5ms)
				TypeCache.ScanAssembly (0ms)
			BuildScriptInfoCaches (151ms)
			ResolveRequiredComponents (10ms)
	FinalizeReload (590ms)
		ReleaseScriptCaches (0ms)
		RebuildScriptCaches (0ms)
		SetupLoadedEditorAssemblies (450ms)
			LogAssemblyErrors (0ms)
			InitializePlatformSupportModulesInManaged (2ms)
			SetLoadedEditorAssemblies (4ms)
			BeforeProcessingInitializeOnLoad (105ms)
			ProcessInitializeOnLoadAttributes (289ms)
			ProcessInitializeOnLoadMethodAttributes (47ms)
			AfterProcessingInitializeOnLoad (3ms)
			EditorAssembliesLoaded (0ms)
		ExecutionOrderSort2 (0ms)
		AwakeInstancesAfterBackupRestoration (12ms)
Refreshing native plugins compatible for Editor in 2.21 ms, found 7 plugins.
Preloading 0 native plugins for Editor in 0.00 ms.
Unloading 24 Unused Serialized files (Serialized files now loaded: 0)
Unloading 6783 unused Assets / (5.5 MB). Loaded Objects now: 7723.
Memory consumption went from 172.7 MB to 167.2 MB.
Total: 6.941800 ms (FindLiveObjects: 0.835300 ms CreateObjectMapping: 0.515400 ms MarkObjects: 3.514400 ms  DeleteObjects: 2.075700 ms)

Prepare: number of updated asset objects reloaded= 0
========================================================================
Received Prepare
Begin MonoManager ReloadAssembly
- Loaded All Assemblies, in  0.555 seconds
Refreshing native plugins compatible for Editor in 1.61 ms, found 7 plugins.
Native extension for WindowsStandalone target not found
Native extension for WebGL target not found
Mono: successfully reloaded assembly
- Finished resetting the current domain, in  0.592 seconds
Domain Reload Profiling: 1148ms
	BeginReloadAssembly (158ms)
		ExecutionOrderSort (0ms)
		DisableScriptedObjects (7ms)
		BackupInstance (0ms)
		ReleaseScriptingObjects (0ms)
		CreateAndSetChildDomain (36ms)
	RebuildCommonClasses (26ms)
	RebuildNativeTypeToScriptingClass (10ms)
	initialDomainReloadingComplete (20ms)
	LoadAllAssembliesAndSetupDomain (342ms)
		LoadAssemblies (266ms)
		RebuildTransferFunctionScriptingTraits (0ms)
		AnalyzeDomain (145ms)
			TypeCache.Refresh (8ms)
				TypeCache.ScanAssembly (0ms)
			BuildScriptInfoCaches (126ms)
			ResolveRequiredComponents (8ms)
	FinalizeReload (592ms)
		ReleaseScriptCaches (0ms)
		RebuildScriptCaches (0ms)
		SetupLoadedEditorAssemblies (460ms)
			LogAssemblyErrors (0ms)
			InitializePlatformSupportModulesInManaged (2ms)
			SetLoadedEditorAssemblies (2ms)
			BeforeProcessingInitializeOnLoad (82ms)
			ProcessInitializeOnLoadAttributes (314ms)
			ProcessInitializeOnLoadMethodAttributes (56ms)
			AfterProcessingInitializeOnLoad (3ms)
			EditorAssembliesLoaded (0ms)
		ExecutionOrderSort2 (0ms)
		AwakeInstancesAfterBackupRestoration (14ms)
Refreshing native plugins compatible for Editor in 1.91 ms, found 7 plugins.
Preloading 0 native plugins for Editor in 0.00 ms.
Unloading 24 Unused Serialized files (Serialized files now loaded: 0)
Unloading 6783 unused Assets / (6.2 MB). Loaded Objects now: 7725.
Memory consumption went from 175.2 MB to 168.9 MB.
Total: 7.426700 ms (FindLiveObjects: 0.713800 ms CreateObjectMapping: 0.459300 ms MarkObjects: 3.649300 ms  DeleteObjects: 2.602800 ms)

Prepare: number of updated asset objects reloaded= 0
========================================================================
Received Prepare
Begin MonoManager ReloadAssembly
- Loaded All Assemblies, in  0.518 seconds
Refreshing native plugins compatible for Editor in 1.50 ms, found 7 plugins.
Native extension for WindowsStandalone target not found
Native extension for WebGL target not found
Mono: successfully reloaded assembly
- Finished resetting the current domain, in  0.484 seconds
Domain Reload Profiling: 1003ms
	BeginReloadAssembly (144ms)
		ExecutionOrderSort (0ms)
		DisableScriptedObjects (4ms)
		BackupInstance (0ms)
		ReleaseScriptingObjects (0ms)
		CreateAndSetChildDomain (29ms)
	RebuildCommonClasses (26ms)
	RebuildNativeTypeToScriptingClass (9ms)
	initialDomainReloadingComplete (20ms)
	LoadAllAssembliesAndSetupDomain (320ms)
		LoadAssemblies (239ms)
		RebuildTransferFunctionScriptingTraits (0ms)
		AnalyzeDomain (147ms)
			TypeCache.Refresh (5ms)
				TypeCache.ScanAssembly (0ms)
			BuildScriptInfoCaches (129ms)
			ResolveRequiredComponents (10ms)
	FinalizeReload (484ms)
		ReleaseScriptCaches (0ms)
		RebuildScriptCaches (0ms)
		SetupLoadedEditorAssemblies (368ms)
			LogAssemblyErrors (0ms)
			InitializePlatformSupportModulesInManaged (2ms)
			SetLoadedEditorAssemblies (3ms)
			BeforeProcessingInitializeOnLoad (83ms)
			ProcessInitializeOnLoadAttributes (238ms)
			ProcessInitializeOnLoadMethodAttributes (41ms)
			AfterProcessingInitializeOnLoad (2ms)
			EditorAssembliesLoaded (0ms)
		ExecutionOrderSort2 (0ms)
		AwakeInstancesAfterBackupRestoration (10ms)
Refreshing native plugins compatible for Editor in 1.73 ms, found 7 plugins.
Preloading 0 native plugins for Editor in 0.00 ms.
Unloading 24 Unused Serialized files (Serialized files now loaded: 0)
Unloading 6783 unused Assets / (5.9 MB). Loaded Objects now: 7727.
Memory consumption went from 177.8 MB to 171.9 MB.
Total: 5.727700 ms (FindLiveObjects: 0.469800 ms CreateObjectMapping: 0.318900 ms MarkObjects: 3.044100 ms  DeleteObjects: 1.894200 ms)

Prepare: number of updated asset objects reloaded= 0
========================================================================
Received Prepare
Begin MonoManager ReloadAssembly
- Loaded All Assemblies, in  0.507 seconds
Refreshing native plugins compatible for Editor in 1.45 ms, found 7 plugins.
Native extension for WindowsStandalone target not found
Native extension for WebGL target not found
Mono: successfully reloaded assembly
- Finished resetting the current domain, in  0.476 seconds
Domain Reload Profiling: 984ms
	BeginReloadAssembly (147ms)
		ExecutionOrderSort (0ms)
		DisableScriptedObjects (4ms)
		BackupInstance (0ms)
		ReleaseScriptingObjects (0ms)
		CreateAndSetChildDomain (33ms)
	RebuildCommonClasses (25ms)
	RebuildNativeTypeToScriptingClass (9ms)
	initialDomainReloadingComplete (19ms)
	LoadAllAssembliesAndSetupDomain (308ms)
		LoadAssemblies (233ms)
		RebuildTransferFunctionScriptingTraits (0ms)
		AnalyzeDomain (142ms)
			TypeCache.Refresh (6ms)
				TypeCache.ScanAssembly (0ms)
			BuildScriptInfoCaches (124ms)
			ResolveRequiredComponents (8ms)
	FinalizeReload (476ms)
		ReleaseScriptCaches (0ms)
		RebuildScriptCaches (0ms)
		SetupLoadedEditorAssemblies (365ms)
			LogAssemblyErrors (0ms)
			InitializePlatformSupportModulesInManaged (2ms)
			SetLoadedEditorAssemblies (3ms)
			BeforeProcessingInitializeOnLoad (77ms)
			ProcessInitializeOnLoadAttributes (244ms)
			ProcessInitializeOnLoadMethodAttributes (37ms)
			AfterProcessingInitializeOnLoad (3ms)
			EditorAssembliesLoaded (0ms)
		ExecutionOrderSort2 (0ms)
		AwakeInstancesAfterBackupRestoration (10ms)
Refreshing native plugins compatible for Editor in 1.44 ms, found 7 plugins.
Preloading 0 native plugins for Editor in 0.00 ms.
Unloading 24 Unused Serialized files (Serialized files now loaded: 0)
Unloading 6783 unused Assets / (5.9 MB). Loaded Objects now: 7729.
Memory consumption went from 180.4 MB to 174.5 MB.
Total: 5.833200 ms (FindLiveObjects: 0.485900 ms CreateObjectMapping: 0.315100 ms MarkObjects: 3.196000 ms  DeleteObjects: 1.835500 ms)

Prepare: number of updated asset objects reloaded= 0
========================================================================
Received Prepare
Begin MonoManager ReloadAssembly
- Loaded All Assemblies, in  0.575 seconds
Refreshing native plugins compatible for Editor in 1.58 ms, found 7 plugins.
Native extension for WindowsStandalone target not found
Native extension for WebGL target not found
Mono: successfully reloaded assembly
- Finished resetting the current domain, in  0.606 seconds
Domain Reload Profiling: 1182ms
	BeginReloadAssembly (159ms)
		ExecutionOrderSort (0ms)
		DisableScriptedObjects (4ms)
		BackupInstance (0ms)
		ReleaseScriptingObjects (0ms)
		CreateAndSetChildDomain (32ms)
	RebuildCommonClasses (29ms)
	RebuildNativeTypeToScriptingClass (9ms)
	initialDomainReloadingComplete (21ms)
	LoadAllAssembliesAndSetupDomain (358ms)
		LoadAssemblies (265ms)
		RebuildTransferFunctionScriptingTraits (0ms)
		AnalyzeDomain (162ms)
			TypeCache.Refresh (9ms)
				TypeCache.ScanAssembly (0ms)
			BuildScriptInfoCaches (138ms)
			ResolveRequiredComponents (12ms)
	FinalizeReload (607ms)
		ReleaseScriptCaches (0ms)
		RebuildScriptCaches (0ms)
		SetupLoadedEditorAssemblies (473ms)
			LogAssemblyErrors (0ms)
			InitializePlatformSupportModulesInManaged (2ms)
			SetLoadedEditorAssemblies (3ms)
			BeforeProcessingInitializeOnLoad (108ms)
			ProcessInitializeOnLoadAttributes (309ms)
			ProcessInitializeOnLoadMethodAttributes (48ms)
			AfterProcessingInitializeOnLoad (3ms)
			EditorAssembliesLoaded (0ms)
		ExecutionOrderSort2 (0ms)
		AwakeInstancesAfterBackupRestoration (15ms)
Refreshing native plugins compatible for Editor in 1.50 ms, found 7 plugins.
Preloading 0 native plugins for Editor in 0.00 ms.
Unloading 24 Unused Serialized files (Serialized files now loaded: 0)
Unloading 6783 unused Assets / (5.9 MB). Loaded Objects now: 7731.
Memory consumption went from 183.1 MB to 177.2 MB.
Total: 5.643200 ms (FindLiveObjects: 0.487900 ms CreateObjectMapping: 0.295800 ms MarkObjects: 3.060000 ms  DeleteObjects: 1.798800 ms)

Prepare: number of updated asset objects reloaded= 0
========================================================================
Received Prepare
Begin MonoManager ReloadAssembly
- Loaded All Assemblies, in  0.561 seconds
Refreshing native plugins compatible for Editor in 1.56 ms, found 7 plugins.
Native extension for WindowsStandalone target not found
Native extension for WebGL target not found
Mono: successfully reloaded assembly
- Finished resetting the current domain, in  0.584 seconds
Domain Reload Profiling: 1146ms
	BeginReloadAssembly (154ms)
		ExecutionOrderSort (0ms)
		DisableScriptedObjects (5ms)
		BackupInstance (0ms)
		ReleaseScriptingObjects (0ms)
		CreateAndSetChildDomain (35ms)
	RebuildCommonClasses (26ms)
	RebuildNativeTypeToScriptingClass (9ms)
	initialDomainReloadingComplete (21ms)
	LoadAllAssembliesAndSetupDomain (351ms)
		LoadAssemblies (269ms)
		RebuildTransferFunctionScriptingTraits (0ms)
		AnalyzeDomain (150ms)
			TypeCache.Refresh (8ms)
				TypeCache.ScanAssembly (0ms)
			BuildScriptInfoCaches (131ms)
			ResolveRequiredComponents (8ms)
	FinalizeReload (584ms)
		ReleaseScriptCaches (0ms)
		RebuildScriptCaches (0ms)
		SetupLoadedEditorAssemblies (452ms)
			LogAssemblyErrors (0ms)
			InitializePlatformSupportModulesInManaged (2ms)
			SetLoadedEditorAssemblies (3ms)
			BeforeProcessingInitializeOnLoad (88ms)
			ProcessInitializeOnLoadAttributes (306ms)
			ProcessInitializeOnLoadMethodAttributes (50ms)
			AfterProcessingInitializeOnLoad (3ms)
			EditorAssembliesLoaded (0ms)
		ExecutionOrderSort2 (0ms)
		AwakeInstancesAfterBackupRestoration (13ms)
Refreshing native plugins compatible for Editor in 2.49 ms, found 7 plugins.
Preloading 0 native plugins for Editor in 0.00 ms.
Unloading 24 Unused Serialized files (Serialized files now loaded: 0)
Unloading 6783 unused Assets / (6.0 MB). Loaded Objects now: 7733.
Memory consumption went from 185.7 MB to 179.6 MB.
Total: 6.146700 ms (FindLiveObjects: 0.497700 ms CreateObjectMapping: 0.324500 ms MarkObjects: 3.250200 ms  DeleteObjects: 2.073200 ms)

Prepare: number of updated asset objects reloaded= 0
========================================================================
Received Prepare
Begin MonoManager ReloadAssembly
- Loaded All Assemblies, in  0.526 seconds
Refreshing native plugins compatible for Editor in 1.49 ms, found 7 plugins.
Native extension for WindowsStandalone target not found
Native extension for WebGL target not found
Mono: successfully reloaded assembly
- Finished resetting the current domain, in  0.490 seconds
Domain Reload Profiling: 1016ms
	BeginReloadAssembly (146ms)
		ExecutionOrderSort (0ms)
		DisableScriptedObjects (4ms)
		BackupInstance (0ms)
		ReleaseScriptingObjects (0ms)
		CreateAndSetChildDomain (33ms)
	RebuildCommonClasses (25ms)
	RebuildNativeTypeToScriptingClass (9ms)
	initialDomainReloadingComplete (20ms)
	LoadAllAssembliesAndSetupDomain (326ms)
		LoadAssemblies (249ms)
		RebuildTransferFunctionScriptingTraits (0ms)
		AnalyzeDomain (143ms)
			TypeCache.Refresh (5ms)
				TypeCache.ScanAssembly (0ms)
			BuildScriptInfoCaches (126ms)
			ResolveRequiredComponents (8ms)
	FinalizeReload (490ms)
		ReleaseScriptCaches (0ms)
		RebuildScriptCaches (0ms)
		SetupLoadedEditorAssemblies (368ms)
			LogAssemblyErrors (0ms)
			InitializePlatformSupportModulesInManaged (2ms)
			SetLoadedEditorAssemblies (3ms)
			BeforeProcessingInitializeOnLoad (83ms)
			ProcessInitializeOnLoadAttributes (234ms)
			ProcessInitializeOnLoadMethodAttributes (43ms)
			AfterProcessingInitializeOnLoad (3ms)
			EditorAssembliesLoaded (0ms)
		ExecutionOrderSort2 (0ms)
		AwakeInstancesAfterBackupRestoration (10ms)
Refreshing native plugins compatible for Editor in 1.57 ms, found 7 plugins.
Preloading 0 native plugins for Editor in 0.00 ms.
Unloading 24 Unused Serialized files (Serialized files now loaded: 0)
Unloading 6783 unused Assets / (5.9 MB). Loaded Objects now: 7735.
Memory consumption went from 188.3 MB to 182.4 MB.
Total: 5.747900 ms (FindLiveObjects: 0.470700 ms CreateObjectMapping: 0.319100 ms MarkObjects: 3.069900 ms  DeleteObjects: 1.887700 ms)

Prepare: number of updated asset objects reloaded= 0
========================================================================
Received Prepare
Begin MonoManager ReloadAssembly
- Loaded All Assemblies, in  0.991 seconds
Refreshing native plugins compatible for Editor in 1.67 ms, found 7 plugins.
Native extension for WindowsStandalone target not found
Native extension for WebGL target not found
Mono: successfully reloaded assembly
- Finished resetting the current domain, in  0.476 seconds
Domain Reload Profiling: 1457ms
	BeginReloadAssembly (256ms)
		ExecutionOrderSort (0ms)
		DisableScriptedObjects (8ms)
		BackupInstance (0ms)
		ReleaseScriptingObjects (0ms)
		CreateAndSetChildDomain (49ms)
	RebuildCommonClasses (45ms)
	RebuildNativeTypeToScriptingClass (15ms)
	initialDomainReloadingComplete (42ms)
	LoadAllAssembliesAndSetupDomain (623ms)
		LoadAssemblies (530ms)
		RebuildTransferFunctionScriptingTraits (0ms)
		AnalyzeDomain (227ms)
			TypeCache.Refresh (10ms)
				TypeCache.ScanAssembly (0ms)
			BuildScriptInfoCaches (207ms)
			ResolveRequiredComponents (8ms)
	FinalizeReload (476ms)
		ReleaseScriptCaches (0ms)
		RebuildScriptCaches (0ms)
		SetupLoadedEditorAssemblies (362ms)
			LogAssemblyErrors (0ms)
			InitializePlatformSupportModulesInManaged (2ms)
			SetLoadedEditorAssemblies (3ms)
			BeforeProcessingInitializeOnLoad (82ms)
			ProcessInitializeOnLoadAttributes (237ms)
			ProcessInitializeOnLoadMethodAttributes (35ms)
			AfterProcessingInitializeOnLoad (3ms)
			EditorAssembliesLoaded (0ms)
		ExecutionOrderSort2 (0ms)
		AwakeInstancesAfterBackupRestoration (10ms)
Refreshing native plugins compatible for Editor in 1.61 ms, found 7 plugins.
Preloading 0 native plugins for Editor in 0.00 ms.
Unloading 24 Unused Serialized files (Serialized files now loaded: 0)
Unloading 6783 unused Assets / (5.9 MB). Loaded Objects now: 7737.
Memory consumption went from 190.9 MB to 185.0 MB.
Total: 5.737100 ms (FindLiveObjects: 0.463700 ms CreateObjectMapping: 0.303500 ms MarkObjects: 3.062400 ms  DeleteObjects: 1.906600 ms)

Prepare: number of updated asset objects reloaded= 0
========================================================================
Received Prepare
Begin MonoManager ReloadAssembly
- Loaded All Assemblies, in  0.746 seconds
Refreshing native plugins compatible for Editor in 1.65 ms, found 7 plugins.
Native extension for WindowsStandalone target not found
Native extension for WebGL target not found
Mono: successfully reloaded assembly
- Finished resetting the current domain, in  0.488 seconds
Domain Reload Profiling: 1232ms
	BeginReloadAssembly (266ms)
		ExecutionOrderSort (0ms)
		DisableScriptedObjects (8ms)
		BackupInstance (0ms)
		ReleaseScriptingObjects (0ms)
		CreateAndSetChildDomain (51ms)
	RebuildCommonClasses (47ms)
	RebuildNativeTypeToScriptingClass (20ms)
	initialDomainReloadingComplete (54ms)
	LoadAllAssembliesAndSetupDomain (357ms)
		LoadAssemblies (341ms)
		RebuildTransferFunctionScriptingTraits (0ms)
		AnalyzeDomain (145ms)
			TypeCache.Refresh (6ms)
				TypeCache.ScanAssembly (0ms)
			BuildScriptInfoCaches (128ms)
			ResolveRequiredComponents (8ms)
	FinalizeReload (488ms)
		ReleaseScriptCaches (0ms)
		RebuildScriptCaches (0ms)
		SetupLoadedEditorAssemblies (371ms)
			LogAssemblyErrors (0ms)
			InitializePlatformSupportModulesInManaged (2ms)
			SetLoadedEditorAssemblies (3ms)
			BeforeProcessingInitializeOnLoad (93ms)
			ProcessInitializeOnLoadAttributes (234ms)
			ProcessInitializeOnLoadMethodAttributes (35ms)
			AfterProcessingInitializeOnLoad (3ms)
			EditorAssembliesLoaded (0ms)
		ExecutionOrderSort2 (0ms)
		AwakeInstancesAfterBackupRestoration (10ms)
Refreshing native plugins compatible for Editor in 1.85 ms, found 7 plugins.
Preloading 0 native plugins for Editor in 0.00 ms.
Unloading 24 Unused Serialized files (Serialized files now loaded: 0)
Unloading 6783 unused Assets / (6.2 MB). Loaded Objects now: 7739.
Memory consumption went from 193.5 MB to 187.4 MB.
Total: 5.982100 ms (FindLiveObjects: 0.486400 ms CreateObjectMapping: 0.330200 ms MarkObjects: 3.082800 ms  DeleteObjects: 2.081700 ms)

Prepare: number of updated asset objects reloaded= 0
========================================================================
Received Prepare
Begin MonoManager ReloadAssembly
- Loaded All Assemblies, in  0.524 seconds
Refreshing native plugins compatible for Editor in 1.64 ms, found 7 plugins.
Native extension for WindowsStandalone target not found
Native extension for WebGL target not found
Mono: successfully reloaded assembly
- Finished resetting the current domain, in  0.491 seconds
Domain Reload Profiling: 1015ms
	BeginReloadAssembly (148ms)
		ExecutionOrderSort (0ms)
		DisableScriptedObjects (4ms)
		BackupInstance (0ms)
		ReleaseScriptingObjects (0ms)
		CreateAndSetChildDomain (37ms)
	RebuildCommonClasses (26ms)
	RebuildNativeTypeToScriptingClass (9ms)
	initialDomainReloadingComplete (21ms)
	LoadAllAssembliesAndSetupDomain (322ms)
		LoadAssemblies (244ms)
		RebuildTransferFunctionScriptingTraits (0ms)
		AnalyzeDomain (139ms)
			TypeCache.Refresh (5ms)
				TypeCache.ScanAssembly (0ms)
			BuildScriptInfoCaches (123ms)
			ResolveRequiredComponents (8ms)
	FinalizeReload (491ms)
		ReleaseScriptCaches (0ms)
		RebuildScriptCaches (0ms)
		SetupLoadedEditorAssemblies (372ms)
			LogAssemblyErrors (0ms)
			InitializePlatformSupportModulesInManaged (2ms)
			SetLoadedEditorAssemblies (3ms)
			BeforeProcessingInitializeOnLoad (82ms)
			ProcessInitializeOnLoadAttributes (242ms)
			ProcessInitializeOnLoadMethodAttributes (40ms)
			AfterProcessingInitializeOnLoad (3ms)
			EditorAssembliesLoaded (0ms)
		ExecutionOrderSort2 (0ms)
		AwakeInstancesAfterBackupRestoration (11ms)
Refreshing native plugins compatible for Editor in 1.78 ms, found 7 plugins.
Preloading 0 native plugins for Editor in 0.00 ms.
Unloading 24 Unused Serialized files (Serialized files now loaded: 0)
Unloading 6783 unused Assets / (6.1 MB). Loaded Objects now: 7741.
Memory consumption went from 196.2 MB to 190.1 MB.
Total: 6.436800 ms (FindLiveObjects: 0.509400 ms CreateObjectMapping: 0.352400 ms MarkObjects: 3.196200 ms  DeleteObjects: 2.377900 ms)

Prepare: number of updated asset objects reloaded= 0
========================================================================
Received Prepare
Begin MonoManager ReloadAssembly
- Loaded All Assemblies, in  0.688 seconds
Refreshing native plugins compatible for Editor in 1.56 ms, found 7 plugins.
Native extension for WindowsStandalone target not found
Native extension for WebGL target not found
Mono: successfully reloaded assembly
- Finished resetting the current domain, in  0.468 seconds
Domain Reload Profiling: 1153ms
	BeginReloadAssembly (254ms)
		ExecutionOrderSort (0ms)
		DisableScriptedObjects (9ms)
		BackupInstance (0ms)
		ReleaseScriptingObjects (0ms)
		CreateAndSetChildDomain (52ms)
	RebuildCommonClasses (48ms)
	RebuildNativeTypeToScriptingClass (16ms)
	initialDomainReloadingComplete (41ms)
	LoadAllAssembliesAndSetupDomain (327ms)
		LoadAssemblies (302ms)
		RebuildTransferFunctionScriptingTraits (0ms)
		AnalyzeDomain (148ms)
			TypeCache.Refresh (6ms)
				TypeCache.ScanAssembly (0ms)
			BuildScriptInfoCaches (131ms)
			ResolveRequiredComponents (8ms)
	FinalizeReload (468ms)
		ReleaseScriptCaches (0ms)
		RebuildScriptCaches (0ms)
		SetupLoadedEditorAssemblies (360ms)
			LogAssemblyErrors (0ms)
			InitializePlatformSupportModulesInManaged (2ms)
			SetLoadedEditorAssemblies (3ms)
			BeforeProcessingInitializeOnLoad (86ms)
			ProcessInitializeOnLoadAttributes (233ms)
			ProcessInitializeOnLoadMethodAttributes (33ms)
			AfterProcessingInitializeOnLoad (3ms)
			EditorAssembliesLoaded (0ms)
		ExecutionOrderSort2 (0ms)
		AwakeInstancesAfterBackupRestoration (10ms)
Refreshing native plugins compatible for Editor in 1.68 ms, found 7 plugins.
Preloading 0 native plugins for Editor in 0.00 ms.
Unloading 24 Unused Serialized files (Serialized files now loaded: 0)
Unloading 6783 unused Assets / (5.7 MB). Loaded Objects now: 7743.
Memory consumption went from 198.8 MB to 193.1 MB.
Total: 5.469700 ms (FindLiveObjects: 0.451500 ms CreateObjectMapping: 0.298000 ms MarkObjects: 2.936000 ms  DeleteObjects: 1.783700 ms)

Prepare: number of updated asset objects reloaded= 0
